/*
SQLyog Ultimate v11.27 (32 bit)
MySQL - 5.6.30-log : Database - zq_xbh
*********************************************************************
*/

/*!40101 SET NAMES utf8 */;

/*!40101 SET SQL_MODE=''*/;

/*!40014 SET @OLD_UNIQUE_CHECKS=@@UNIQUE_CHECKS, UNIQUE_CHECKS=0 */;
/*!40014 SET @OLD_FOREIGN_KEY_CHECKS=@@FOREIGN_KEY_CHECKS, FOREIGN_KEY_CHECKS=0 */;
/*!40101 SET @OLD_SQL_MODE=@@SQL_MODE, SQL_MODE='NO_AUTO_VALUE_ON_ZERO' */;
/*!40111 SET @OLD_SQL_NOTES=@@SQL_NOTES, SQL_NOTES=0 */;
CREATE DATABASE /*!32312 IF NOT EXISTS*/`zq_xbh` /*!40100 DEFAULT CHARACTER SET utf8 */;

USE `zq_xbh`;

/*Table structure for table `auth_assignment` */

DROP TABLE IF EXISTS `auth_assignment`;

CREATE TABLE `auth_assignment` (
  `item_name` varchar(64) COLLATE utf8_unicode_ci NOT NULL,
  `user_id` varchar(64) COLLATE utf8_unicode_ci NOT NULL,
  `created_at` int(11) DEFAULT NULL,
  PRIMARY KEY (`item_name`,`user_id`),
  CONSTRAINT `auth_assignment_ibfk_1` FOREIGN KEY (`item_name`) REFERENCES `auth_item` (`name`) ON DELETE CASCADE ON UPDATE CASCADE
) ENGINE=InnoDB DEFAULT CHARSET=utf8 COLLATE=utf8_unicode_ci;

/*Data for the table `auth_assignment` */

insert  into `auth_assignment`(`item_name`,`user_id`,`created_at`) values ('主办方','27392',1474452541),('参展商','27397',1474626500),('参展商','27398',1474627767),('参展商','27399',1474628199),('参展商','27400',1474629185),('参展商','27406',1474693839),('参展商','27407',1474694042),('参展商','27408',1474695282),('参展商','27409',1474695414),('参展商','27410',1474695501),('参展商','27411',1474695510),('参展商','27412',1474695521),('参展商','27413',1474695529),('参展商','27414',1474696365),('参展商','27418',1474697700),('参展商','27419',1474699417),('参展商','27420',1474699718),('参展商','27421',1474700330),('参展商','27422',1474701041),('参展商','27424',1474702740),('参展商','27425',1474703048),('参展商','27426',1474704750),('参展商','27427',1474704859),('参展商','27429',1474712002),('发票员','27402',1474686868),('发票员','27403',1474687237),('发票员','27405',1474689162),('发票员','27423',1474701177),('发票员','27428',1474705027),('系统管理员','1',1443189008);

/*Table structure for table `auth_item` */

DROP TABLE IF EXISTS `auth_item`;

CREATE TABLE `auth_item` (
  `name` varchar(64) COLLATE utf8_unicode_ci NOT NULL,
  `type` int(11) NOT NULL,
  `description` text COLLATE utf8_unicode_ci,
  `rule_name` varchar(64) COLLATE utf8_unicode_ci DEFAULT NULL,
  `data` text COLLATE utf8_unicode_ci,
  `created_at` int(11) DEFAULT NULL,
  `updated_at` int(11) DEFAULT NULL,
  PRIMARY KEY (`name`),
  KEY `rule_name` (`rule_name`) USING BTREE,
  KEY `type` (`type`) USING BTREE,
  CONSTRAINT `auth_item_ibfk_1` FOREIGN KEY (`rule_name`) REFERENCES `auth_rule` (`name`) ON DELETE SET NULL ON UPDATE CASCADE
) ENGINE=InnoDB DEFAULT CHARSET=utf8 COLLATE=utf8_unicode_ci;

/*Data for the table `auth_item` */

insert  into `auth_item`(`name`,`type`,`description`,`rule_name`,`data`,`created_at`,`updated_at`) values ('exhibition/exhibition/index',2,'展会管理',NULL,NULL,1446282128,1446282128),('marketing',2,'营销支持',NULL,NULL,NULL,NULL),('marketing/lottery/record',2,'兑奖查询',NULL,NULL,NULL,NULL),('marketing/lottery/turntable',2,'大转盘',NULL,NULL,NULL,NULL),('member/member/profile',2,'帐号信息',NULL,NULL,1446282128,1446282128),('member/weixin/index',2,'微信公众号绑定',NULL,NULL,1446282128,1446282128),('member/worker/index',2,'工作人员管理',NULL,NULL,1446282128,1446282128),('member/zfb/index',2,'支付宝帐号管理',NULL,NULL,1446282128,1446282128),('ticketout/batch-send/index',2,'批量分发功能',NULL,NULL,1446282128,1446282128),('ticketout/certificate-type/index',2,'票证设置',NULL,NULL,1446282128,1446282128),('ticketout/default/index',2,'票证管理默认',NULL,NULL,1446282128,1446282128),('ticketout/send-ticket/find-ticket',2,'票证禁用功能',NULL,NULL,1446282128,1446282128),('ticketout/send-ticket/index',2,'单张生成功能',NULL,NULL,1446282128,1446282128),('ticketout/ticket-channel/index',2,'下级管理功能',NULL,NULL,1446282128,1446282128),('User',2,'权限管理',NULL,NULL,1446282128,1446282128),('user/create',2,'创建用户的权限',NULL,NULL,1446282128,1446282128),('user/del',2,'删除用户的权限',NULL,NULL,1446282128,1446282128),('user/edit',2,'编辑用户的权限',NULL,NULL,1446282128,1446282128),('user/index',2,'用户管理',NULL,NULL,1446282128,1446282128),('user/list',2,'展示用户的权限',NULL,NULL,1446282128,1446282128),('主办方',1,NULL,NULL,NULL,1446282128,1446282128),('参展商',1,NULL,NULL,NULL,1446282128,1446282128),('发票员',1,NULL,NULL,NULL,1446282128,1446282128),('工作人员',1,NULL,NULL,NULL,1446282128,1446282128),('系统管理员',1,NULL,NULL,NULL,1446282128,1446282128),('观众',1,NULL,NULL,NULL,1446282128,1446282128),('门禁人员',1,NULL,NULL,NULL,1470219319,1470219319);

/*Table structure for table `auth_item_child` */

DROP TABLE IF EXISTS `auth_item_child`;

CREATE TABLE `auth_item_child` (
  `parent` varchar(64) COLLATE utf8_unicode_ci NOT NULL,
  `child` varchar(64) COLLATE utf8_unicode_ci NOT NULL,
  PRIMARY KEY (`parent`,`child`),
  KEY `child` (`child`) USING BTREE,
  CONSTRAINT `auth_item_child_ibfk_1` FOREIGN KEY (`parent`) REFERENCES `auth_item` (`name`) ON DELETE CASCADE ON UPDATE CASCADE,
  CONSTRAINT `auth_item_child_ibfk_2` FOREIGN KEY (`child`) REFERENCES `auth_item` (`name`) ON DELETE CASCADE ON UPDATE CASCADE
) ENGINE=InnoDB DEFAULT CHARSET=utf8 COLLATE=utf8_unicode_ci;

/*Data for the table `auth_item_child` */

insert  into `auth_item_child`(`parent`,`child`) values ('工作人员','exhibition/exhibition/index'),('工作人员','marketing'),('工作人员','marketing/lottery/record'),('工作人员','marketing/lottery/turntable'),('参展商','member/member/profile'),('主办方','member/weixin/index'),('主办方','member/worker/index'),('主办方','member/zfb/index'),('参展商','ticketout/batch-send/index'),('主办方','ticketout/certificate-type/index'),('参展商','ticketout/certificate-type/index'),('参展商','ticketout/default/index'),('主办方','ticketout/send-ticket/find-ticket'),('参展商','ticketout/send-ticket/index'),('参展商','ticketout/ticket-channel/index'),('主办方','user/create'),('系统管理员','user/del'),('主办方','user/edit'),('主办方','user/list'),('系统管理员','主办方'),('主办方','参展商'),('发票员','参展商'),('工作人员','参展商'),('主办方','工作人员');

/*Table structure for table `auth_rule` */

DROP TABLE IF EXISTS `auth_rule`;

CREATE TABLE `auth_rule` (
  `name` varchar(64) COLLATE utf8_unicode_ci NOT NULL,
  `data` text COLLATE utf8_unicode_ci,
  `created_at` int(11) DEFAULT NULL,
  `updated_at` int(11) DEFAULT NULL,
  PRIMARY KEY (`name`)
) ENGINE=InnoDB DEFAULT CHARSET=utf8 COLLATE=utf8_unicode_ci;

/*Data for the table `auth_rule` */

/*Table structure for table `zq_alipay` */

DROP TABLE IF EXISTS `zq_alipay`;

CREATE TABLE `zq_alipay` (
  `id` int(10) unsigned NOT NULL AUTO_INCREMENT,
  `name` varchar(32) NOT NULL COMMENT '收款方',
  `alipay_partner` varchar(64) NOT NULL DEFAULT '' COMMENT '合作者身份(PID)',
  `alipay_key` varchar(64) NOT NULL DEFAULT '' COMMENT '安全校验码(Key)',
  `alipay_seller_email` varchar(128) NOT NULL DEFAULT '' COMMENT '支付宝账号',
  `created_at` datetime DEFAULT NULL,
  `updated_at` datetime DEFAULT NULL,
  PRIMARY KEY (`id`)
) ENGINE=InnoDB DEFAULT CHARSET=utf8 ROW_FORMAT=COMPACT;

/*Data for the table `zq_alipay` */

/*Table structure for table `zq_api_url_log` */

DROP TABLE IF EXISTS `zq_api_url_log`;

CREATE TABLE `zq_api_url_log` (
  `id` int(11) NOT NULL AUTO_INCREMENT,
  `type_id` char(80) DEFAULT NULL COMMENT '访问的URL类型',
  `api_url` char(200) DEFAULT NULL,
  `created_at` timestamp NOT NULL DEFAULT CURRENT_TIMESTAMP ON UPDATE CURRENT_TIMESTAMP COMMENT '请求时间',
  `pv` int(11) DEFAULT '0' COMMENT '访问量',
  PRIMARY KEY (`id`)
) ENGINE=InnoDB DEFAULT CHARSET=utf8 ROW_FORMAT=COMPACT;

/*Data for the table `zq_api_url_log` */

/*Table structure for table `zq_area` */

DROP TABLE IF EXISTS `zq_area`;

CREATE TABLE `zq_area` (
  `id` int(10) unsigned NOT NULL AUTO_INCREMENT,
  `title` varchar(256) NOT NULL DEFAULT '' COMMENT '名称',
  `sort_order` tinyint(3) unsigned NOT NULL DEFAULT '0' COMMENT '显示顺序',
  PRIMARY KEY (`id`)
) ENGINE=InnoDB AUTO_INCREMENT=3 DEFAULT CHARSET=utf8;

/*Data for the table `zq_area` */

insert  into `zq_area`(`id`,`title`,`sort_order`) values (1,'武汉',0),(2,'南昌',0);

/*Table structure for table `zq_article` */

DROP TABLE IF EXISTS `zq_article`;

CREATE TABLE `zq_article` (
  `id` int(10) unsigned NOT NULL AUTO_INCREMENT,
  `member_id` int(10) unsigned NOT NULL DEFAULT '0' COMMENT '作者ID，可以是平台，也可以是举办方等',
  `title` varchar(128) COLLATE utf8_unicode_ci NOT NULL DEFAULT '' COMMENT '标题',
  `detail` text COLLATE utf8_unicode_ci COMMENT '内容',
  `mobile` varchar(16) COLLATE utf8_unicode_ci NOT NULL DEFAULT '' COMMENT '手机号',
  `create_time` timestamp NOT NULL DEFAULT CURRENT_TIMESTAMP,
  `update_time` timestamp NOT NULL DEFAULT '0000-00-00 00:00:00',
  PRIMARY KEY (`id`),
  KEY `member_id` (`member_id`) USING BTREE,
  CONSTRAINT `zq_article_ibfk_1` FOREIGN KEY (`member_id`) REFERENCES `zq_member` (`id`) ON DELETE CASCADE ON UPDATE CASCADE
) ENGINE=InnoDB DEFAULT CHARSET=utf8 COLLATE=utf8_unicode_ci ROW_FORMAT=COMPACT;

/*Data for the table `zq_article` */

/*Table structure for table `zq_batch_send_logs` */

DROP TABLE IF EXISTS `zq_batch_send_logs`;

CREATE TABLE `zq_batch_send_logs` (
  `id` int(11) NOT NULL AUTO_INCREMENT,
  `exhibition_id` int(11) NOT NULL,
  `name` varchar(255) COLLATE utf8_unicode_ci NOT NULL,
  `mobile` varchar(12) COLLATE utf8_unicode_ci NOT NULL,
  `msg` varchar(255) COLLATE utf8_unicode_ci NOT NULL,
  `ph` char(32) COLLATE utf8_unicode_ci NOT NULL,
  `create_time` datetime NOT NULL,
  PRIMARY KEY (`id`)
) ENGINE=InnoDB DEFAULT CHARSET=utf8 COLLATE=utf8_unicode_ci ROW_FORMAT=COMPACT;

/*Data for the table `zq_batch_send_logs` */

/*Table structure for table `zq_car` */

DROP TABLE IF EXISTS `zq_car`;

CREATE TABLE `zq_car` (
  `id` int(10) NOT NULL AUTO_INCREMENT,
  `make_name` varchar(255) NOT NULL DEFAULT '' COMMENT '品牌',
  `model_series` varchar(255) NOT NULL DEFAULT '' COMMENT '厂商',
  `model_name` varchar(255) NOT NULL DEFAULT '' COMMENT '型号',
  `type_series` varchar(255) DEFAULT NULL,
  `type_name` varchar(255) DEFAULT NULL,
  PRIMARY KEY (`id`)
) ENGINE=InnoDB DEFAULT CHARSET=utf8mb4 ROW_FORMAT=COMPACT;

/*Data for the table `zq_car` */

/*Table structure for table `zq_car_brand` */

DROP TABLE IF EXISTS `zq_car_brand`;

CREATE TABLE `zq_car_brand` (
  `id` int(11) NOT NULL AUTO_INCREMENT COMMENT '主键ID',
  `brand_name` char(32) NOT NULL COMMENT '汽车品牌名称',
  `type` int(11) NOT NULL DEFAULT '0' COMMENT '展会类型',
  PRIMARY KEY (`id`),
  KEY `brand_name` (`brand_name`) USING BTREE,
  KEY `type` (`type`) USING BTREE
) ENGINE=InnoDB AUTO_INCREMENT=76 DEFAULT CHARSET=utf8;

/*Data for the table `zq_car_brand` */

insert  into `zq_car_brand`(`id`,`brand_name`,`type`) values (1,'A-奥迪',1),(2,'B-别克',1),(3,'B-北京汽车',1),(4,'B-北汽威旺',1),(5,'B-北汽幻速',1),(6,'B-北汽绅宝',1),(7,'B-奔腾',1),(8,'B-奔驰',1),(9,'B-宝马',1),(10,'B-宝骏',1),(11,'B-本田',1),(12,'B-标致',1),(13,'B-比亚迪',1),(14,'C-长安',1),(15,'D-DS',1),(16,'D-东风御风',1),(17,'D-东风风神',1),(18,'D-东风风行',1),(19,'D-大众',1),(20,'F-丰田',1),(21,'F-福特',1),(22,'F-菲亚特',1),(23,'G-广汽',1),(24,'G-观致汽车',1),(25,'H-哈弗',1),(26,'H-红旗',1),(27,'J-吉利汽车',1),(28,'J-捷豹',1),(29,'J-江淮',1),(30,'J-江西五十铃',1),(31,'J-江铃',1),(32,'K-凯翼',1),(33,'K-凯迪拉克',1),(34,'L-猎豹汽车',1),(35,'L-路虎',1),(36,'L-铃木',1),(37,'L-陆风',1),(38,'L-雷克萨斯',1),(39,'L-雷诺',1),(40,'M-MG',1),(41,'M-玛莎拉蒂',1),(42,'M-马自达',1),(43,'N-纳智捷',1),(44,'O-讴歌',1),(45,'Q-启辰',1),(46,'Q-奇瑞',1),(47,'Q-起亚',1),(48,'R-日产',1),(49,'R-荣威',1),(50,'S-三菱',1),(51,'S-上汽大通MAXUS',1),(52,'S-双龙',1),(53,'S-斯巴鲁',1),(54,'S-斯柯达',1),(55,'W-五十铃',1),(56,'W-沃尔沃',1),(57,'W-潍柴英致',1),(58,'X-现代',1),(59,'X-雪佛兰',1),(60,'X-雪铁龙',1),(61,'Y-英菲尼迪',1),(62,'Y-野马汽车',1),(63,'Z-中华',1),(64,'Z-中欧奔驰房车',1),(65,'Z-众泰',1),(66,'L-林肯',1),(67,'H-海马',1),(68,'B-宝沃',1),(69,'一般馆',6),(70,'应急馆',6),(71,'航空馆',6),(72,'教育管',6),(73,'农博会馆',6),(74,'国际时尚生活馆',6),(75,'体育馆',6);

/*Table structure for table `zq_car_type` */

DROP TABLE IF EXISTS `zq_car_type`;

CREATE TABLE `zq_car_type` (
  `id` int(11) NOT NULL AUTO_INCREMENT,
  `car_brand_id` int(11) NOT NULL COMMENT '品牌外键',
  `make_name` char(32) DEFAULT NULL COMMENT '厂商',
  `model_name` char(32) DEFAULT NULL COMMENT '型号',
  PRIMARY KEY (`id`),
  KEY `car_brand_id` (`car_brand_id`) USING BTREE
) ENGINE=InnoDB AUTO_INCREMENT=1403 DEFAULT CHARSET=utf8;

/*Data for the table `zq_car_type` */

insert  into `zq_car_type`(`id`,`car_brand_id`,`make_name`,`model_name`) values (1,1,'奥迪','A6L'),(2,1,'奥迪','S1'),(3,1,'奥迪','A3'),(4,1,'奥迪','S5'),(5,1,'奥迪','RS7'),(6,1,'奥迪','RS5'),(7,1,'奥迪','Q1'),(8,1,'奥迪','S6'),(9,1,'奥迪','SQ5'),(10,1,'奥迪','A4L'),(11,1,'奥迪','TT'),(12,1,'奥迪','Q7'),(13,1,'奥迪','S3'),(14,1,'奥迪','Q3'),(15,1,'奥迪','RS6'),(16,1,'奥迪','R8'),(17,1,'奥迪','S7'),(18,1,'奥迪','S8'),(19,1,'奥迪','Q5'),(20,2,'别克','英朗GT'),(21,2,'别克','英朗XT'),(22,2,'别克','君越'),(23,2,'别克','凯越'),(24,2,'别克','昂科威ENVISION'),(25,2,'别克','林荫大道'),(26,2,'别克','昂科拉ENCORE'),(27,2,'别克','GL8'),(28,2,'别克','君威'),(29,2,'别克','GL8'),(30,3,'北京汽车','北京汽车40'),(31,3,'北京汽车','BJ100'),(32,3,'北京汽车','E系列两厢'),(33,3,'北京汽车','C51x'),(34,3,'北京汽车','E系列三厢'),(35,4,'北汽威旺','205'),(36,4,'北汽威旺','M20'),(37,4,'北汽威旺','306'),(38,4,'北汽威旺','307'),(39,5,'北汽幻速','幻速S2'),(40,6,'北汽绅宝','绅宝X65'),(41,6,'北汽绅宝','绅宝D70'),(42,6,'北汽绅宝','绅宝D80'),(43,6,'北汽绅宝','绅宝D20 三厢版'),(44,6,'北汽绅宝','绅宝D20 Cross版'),(45,6,'北汽绅宝','绅宝D20 两厢版'),(46,6,'北汽绅宝','绅宝D50'),(47,6,'北汽绅宝','绅宝D60'),(48,6,'北汽绅宝','绅宝CC'),(49,6,'北汽绅宝','绅宝X55'),(50,7,'一汽奔腾','B50'),(51,7,'一汽奔腾','B70'),(52,7,'一汽奔腾','B90'),(53,7,'奔腾','B90'),(54,7,'奔腾','X80'),(55,7,'奔腾','B50'),(56,7,'奔腾','B70'),(57,7,'一汽奔腾','X80'),(58,8,'奔驰','M级'),(59,8,'奔驰','AMGGT'),(60,8,'奔驰','S级AMG'),(61,8,'奔驰','GLA级'),(62,8,'奔驰','威霆'),(63,8,'奔驰','SLS级AMG'),(64,8,'奔驰','SLS级AMG'),(65,8,'奔驰','B级'),(66,8,'奔驰','M级AMG'),(67,8,'奔驰','E级轿车'),(68,8,'奔驰','AMGGT'),(69,8,'奔驰','G级AMG'),(70,8,'奔驰','S级AMG'),(71,8,'奔驰','GLA级AMG'),(72,8,'奔驰','E级轿车'),(73,8,'奔驰','凌特'),(74,8,'奔驰','SL级'),(75,8,'奔驰','E级双门轿跑车'),(76,8,'奔驰','斯宾特'),(77,8,'奔驰','CLS级'),(78,8,'奔驰','SLK级'),(79,8,'奔驰','SL级AMG'),(80,8,'奔驰','R级'),(81,8,'奔驰','CLA级'),(82,8,'奔驰','CLA级AMG'),(83,8,'奔驰','C级AMG'),(84,8,'奔驰','斯宾特'),(85,8,'奔驰','CLS级AMG'),(86,8,'奔驰','C级AMG'),(87,8,'奔驰','S级'),(88,8,'奔驰','E级'),(89,8,'奔驰','GL级'),(90,8,'奔驰','GL级'),(91,8,'奔驰','威霆'),(92,8,'奔驰','G级AMG'),(93,8,'奔驰','GLK级'),(94,8,'奔驰','B级'),(95,8,'奔驰','A级'),(96,8,'奔驰','唯雅诺'),(97,8,'奔驰','SL级AMG'),(98,8,'奔驰','C级'),(99,8,'奔驰','R级'),(100,8,'奔驰','M级AMG'),(101,8,'奔驰','SL级'),(102,8,'奔驰','CLS级'),(103,8,'奔驰','G级'),(104,8,'奔驰','E级'),(105,8,'奔驰','GLA级'),(106,8,'奔驰','C级'),(107,8,'奔驰','A级AMG'),(108,8,'奔驰','A级'),(109,8,'奔驰','凌特'),(110,8,'奔驰','SLK级AMG'),(111,8,'奔驰','GL级AMG'),(112,8,'奔驰','S级'),(113,8,'奔驰','E级双门轿跑车'),(114,8,'奔驰','CLS级AMG'),(115,8,'奔驰','GLK级'),(116,8,'奔驰','CLA级'),(117,8,'奔驰','SLK级AMG'),(118,8,'奔驰','A级AMG'),(119,8,'奔驰','GL级AMG'),(120,8,'奔驰','G级'),(121,8,'奔驰','CLA级AMG'),(122,8,'奔驰','M级'),(123,8,'奔驰','GLK级'),(124,8,'奔驰','GLA级AMG'),(125,8,'奔驰','C级'),(126,8,'奔驰','唯雅诺'),(127,8,'奔驰','SLK级'),(128,9,'宝马','宝马M6'),(129,9,'宝马','6系'),(130,9,'宝马','3系GT'),(131,9,'宝马','1系'),(132,9,'宝马','宝马M4'),(133,9,'宝马','5系GT'),(134,9,'宝马','宝马M3'),(135,9,'宝马','宝马M5'),(136,9,'宝马','X1'),(137,9,'宝马','i8'),(138,9,'宝马','Tourer'),(139,9,'宝马','X3'),(140,9,'宝马','4系'),(141,9,'宝马','X6'),(142,9,'宝马','X4'),(143,9,'宝马','5系'),(144,9,'宝马','7系'),(145,9,'宝马','宝马1系M'),(146,9,'宝马','i3'),(147,9,'宝马','X5'),(148,9,'宝马','3系'),(149,9,'宝马','2系Active'),(150,9,'宝马','宝马X5 M'),(151,9,'宝马','2系'),(152,10,'宝骏','乐驰'),(153,10,'宝骏','宝骏610'),(154,10,'宝骏','宝骏730'),(155,11,'东风本田','XR-V'),(156,11,'广汽本田','思域'),(157,11,'本田','XR-V'),(158,11,'广汽本田','奥德赛'),(159,11,'广汽本田','音赛特'),(160,11,'东风本田','CR-V'),(161,11,'本田','奥德赛'),(162,11,'本田','飞度'),(163,11,'广汽本田','锋范经典'),(164,11,'广汽本田','CR-Z'),(165,11,'本田','锋范'),(166,11,'本田','思铂睿'),(167,11,'本田','雅阁'),(168,11,'东风本田','杰德'),(169,11,'广汽本田','缤智'),(170,11,'广汽本田','雅阁'),(171,11,'广汽本田','飞度'),(172,11,'本田','缤智'),(173,11,'东风本田','艾力绅'),(174,11,'本田','杰德'),(175,11,'本田','凌派'),(176,11,'广汽本田','歌诗图'),(177,11,'本田','音赛特'),(178,11,'本田','CR-V'),(179,11,'本田','艾力绅'),(180,11,'广汽本田','飞度(进口)'),(181,11,'本田','CR-Z'),(182,11,'广汽本田','凌派'),(183,11,'广汽本田','锋范'),(184,11,'东风本田','思铭'),(185,11,'本田','歌诗图'),(186,11,'本田','思域'),(187,11,'本田','思铭'),(188,11,'东风本田','思铂睿'),(189,11,'东风本田','思域'),(190,11,'广汽本田','Pilot'),(191,12,'标致','3008'),(192,12,'标致','RCZ'),(193,12,'标致','307两厢'),(194,12,'标致','308'),(195,12,'标致','301'),(196,12,'标致','308CC'),(197,12,'标致','308'),(198,12,'标致','208'),(199,12,'标致','207两厢'),(200,12,'标致','207三厢'),(201,12,'标致','3008'),(202,12,'标致','2008'),(203,12,'标致','207CC'),(204,12,'标致','408'),(205,12,'标致','307两厢'),(206,12,'标致','308SW'),(207,12,'标致','308SW'),(208,12,'标致','508'),(209,12,'标致','RCZ'),(210,12,'标致','4008'),(211,12,'标致','301'),(212,12,'标致','207CC'),(213,12,'标致','108'),(214,12,'标致','207三厢'),(215,12,'标致','208'),(216,12,'标致','308CC'),(217,12,'标致','508'),(218,12,'标致','408'),(219,12,'标致','4008'),(220,12,'标致','2008'),(221,12,'标致','207两厢'),(222,12,'标致','108'),(223,13,'比亚迪','速锐'),(224,13,'比亚迪','思锐'),(225,13,'比亚迪','G5'),(226,13,'比亚迪','F3'),(227,13,'比亚迪','E6'),(228,13,'比亚迪','F3R'),(229,13,'比亚迪','M6'),(230,13,'比亚迪','S8'),(231,13,'比亚迪','F0'),(232,13,'比亚迪','S6'),(233,13,'比亚迪','秦'),(234,13,'比亚迪','G3'),(235,13,'比亚迪','F6'),(236,13,'比亚迪','S7'),(237,13,'比亚迪','G6'),(238,13,'比亚迪','G3R'),(239,13,'比亚迪','S8'),(240,13,'比亚迪','唐'),(241,13,'比亚迪','L3'),(242,14,'长安','悦翔V3'),(243,14,'长安','CS75'),(244,14,'长安','悦翔V5'),(245,14,'长安','致尚XT'),(246,14,'长安','奔奔'),(247,14,'长安','逸动'),(248,14,'长安','睿骋'),(249,14,'长安','CS35'),(250,14,'长安','CX20'),(251,14,'长安','悦翔V7'),(252,14,'长安','奔奔Mini'),(253,15,'DS','DS3'),(254,15,'DS','DS5LS'),(255,15,'DS','DS5'),(256,15,'DS','DS6'),(257,15,'DS','DS4'),(258,16,'东风御风','御风物流车'),(259,16,'东风御风','御风载客车'),(260,17,'东风风神','A60'),(261,17,'东风风神','S30'),(262,17,'东风风神','H30'),(263,17,'东风风神','风神H30Cross'),(264,17,'东风风神','A30'),(265,17,'东风风神','AX7'),(266,17,'东风风神','L60'),(267,18,'东风风行','景逸X5'),(268,18,'东风风行','菱智'),(269,18,'东风风行','风行CM7'),(270,18,'东风风行','菱智'),(271,18,'东风风行','景逸S50'),(272,18,'东风风行','景逸'),(273,18,'东风风行','风行CM7'),(274,18,'东风风行','景逸S50'),(275,18,'东风风行','景逸'),(276,18,'东风风行','景逸X5'),(277,18,'东风风行','景逸X3'),(278,18,'东风风行','景逸X3'),(279,19,'进口大众','高尔夫GTI'),(280,19,'大众','迈腾'),(281,19,'大众','凯路威'),(282,19,'大众','途安'),(283,19,'大众','高尔夫GTE'),(284,19,'大众','宝来'),(285,19,'大众','Tiguan'),(286,19,'大众','途观'),(287,19,'一汽大众','朗行'),(288,19,'大众','UP!'),(289,19,'大众','速腾'),(290,19,'大众','Eos'),(291,19,'一汽大众','高尔夫GTI'),(292,19,'一汽大众','CrossPOLO'),(293,19,'大众','尚酷'),(294,19,'进口大众','夏朗'),(295,19,'大众','途安'),(296,19,'一汽大众','途观'),(297,19,'进口大众','辉腾'),(298,19,'大众','捷达'),(299,19,'一汽大众','速腾'),(300,19,'大众','途锐'),(301,19,'大众','高尔夫GTI'),(302,19,'大众','POLO'),(303,19,'大众','途锐'),(304,19,'进口大众','高尔夫GTE'),(305,19,'进口大众','凯路威'),(306,19,'大众','夏朗'),(307,19,'进口大众','高尔夫'),(308,19,'大众','大众Amarok'),(309,19,'一汽大众','高尔夫'),(310,19,'进口大众','迈特威'),(311,19,'大众','高尔夫'),(312,19,'一汽大众','POLO GTI'),(313,19,'大众','CrossBlue'),(314,19,'大众','迈特威'),(315,19,'一汽大众','朗境'),(316,19,'大众','凯路威'),(317,19,'大众','CrossBlue'),(318,19,'进口大众','大众Amarok'),(319,19,'大众','大众Amarok'),(320,19,'大众','POLO'),(321,19,'大众','辉腾'),(322,19,'大众','高尔夫GTI'),(323,19,'进口大众','Tiguan'),(324,19,'一汽大众','迈腾'),(325,19,'一汽大众','途安'),(326,19,'大众','速腾'),(327,19,'进口大众','迈腾'),(328,19,'进口大众','甲壳虫'),(329,19,'进口大众','途锐'),(330,19,'一汽大众','桑塔纳'),(331,19,'一汽大众','POLO'),(332,19,'一汽大众','朗逸'),(333,19,'大众','朗行'),(334,19,'进口大众','up!'),(335,19,'大众','辉腾'),(336,19,'大众','朗逸'),(337,19,'大众','朗境'),(338,19,'大众','凌渡'),(339,19,'大众','CC'),(340,19,'一汽大众','宝来'),(341,19,'大众','高尔夫GTE'),(342,19,'大众','尚酷'),(343,19,'大众','POLOGTI'),(344,19,'一汽大众','帕萨特'),(345,19,'一汽大众','捷达'),(346,19,'大众','UP!'),(347,19,'大众','迈腾'),(348,19,'大众','CC'),(349,19,'大众','甲壳虫'),(350,19,'进口大众','Eos'),(351,19,'进口大众','Sportsvan'),(352,19,'大众','帕萨特'),(353,19,'大众','Eos'),(354,19,'进口大众','大众T6'),(355,19,'大众','捷达'),(356,19,'大众','朗行'),(357,19,'大众','迈特威'),(358,19,'大众','帕萨特'),(359,19,'大众','桑塔纳'),(360,19,'大众','途观'),(361,19,'进口大众','尚酷'),(362,19,'大众','Tiguan'),(363,19,'大众','夏朗'),(364,19,'一汽大众','CC'),(365,19,'大众','POLOGTI'),(366,19,'大众','朗境'),(367,19,'一汽大众','凌渡'),(368,19,'大众','桑塔纳'),(369,19,'大众','凌渡'),(370,19,'大众','宝来'),(371,19,'一汽大众','桑塔纳浩纳'),(372,19,'大众','高尔夫'),(373,19,'大众','朗逸'),(374,19,'大众','甲壳虫'),(375,20,'广汽丰田','凯美瑞Hybrid'),(376,20,'广汽丰田','考斯特'),(377,20,'广汽丰田','杰路驰'),(378,20,'丰田','丰田皮卡'),(379,20,'广汽丰田','威飒'),(380,20,'丰田','考斯特'),(381,20,'丰田','FJ酷路泽'),(382,20,'广汽丰田','埃尔法'),(383,20,'广汽丰田','花冠'),(384,20,'丰田','YARiSL致炫'),(385,20,'丰田','威驰'),(386,20,'广汽丰田','丰田皮卡'),(387,20,'丰田','雷凌'),(388,20,'广汽丰田','普锐斯'),(389,20,'广汽丰田','柯斯达'),(390,20,'丰田','4Runner'),(391,20,'丰田','埃尔法'),(392,20,'丰田','卡罗拉'),(393,20,'丰田','IQ'),(394,20,'丰田','丰田皮卡'),(395,20,'丰田','汉兰达'),(396,20,'丰田','逸致'),(397,20,'丰田','普拉多'),(398,20,'丰田','4Runner'),(399,20,'丰田','丰田86'),(400,20,'丰田','凯美瑞'),(401,20,'丰田','丰田86'),(402,20,'丰田','柯斯达'),(403,20,'丰田','逸致'),(404,20,'丰田','锐志'),(405,20,'丰田','花冠'),(406,20,'丰田','海狮'),(407,20,'丰田','兰德酷路泽'),(408,20,'丰田','锐志'),(409,20,'丰田','花冠'),(410,20,'丰田','红杉'),(411,20,'丰田','普拉多'),(412,20,'广汽丰田','皇冠'),(413,20,'丰田','雅力士'),(414,20,'丰田','陆地巡洋舰'),(415,20,'广汽丰田','兰德酷路泽'),(416,20,'广汽丰田','普瑞维亚'),(417,20,'丰田','卡罗拉'),(418,20,'丰田','威驰'),(419,20,'广汽丰田','丰田FCV'),(420,20,'丰田','柯斯达'),(421,20,'广汽丰田','红杉'),(422,20,'丰田','考斯特'),(423,20,'丰田','锐志'),(424,20,'广汽丰田','雷凌'),(425,20,'广汽丰田','IQ'),(426,20,'广汽丰田','汉兰达'),(427,20,'丰田','普锐斯'),(428,20,'广汽丰田','Wish'),(429,20,'丰田','富隆'),(430,20,'广汽丰田','RAV4'),(431,20,'广汽丰田','锐志'),(432,20,'丰田','杰路驰'),(433,20,'丰田','普锐斯'),(434,20,'广汽丰田','4Runner'),(435,20,'广汽丰田','威驰'),(436,20,'丰田','兰德酷路泽'),(437,20,'丰田','红杉'),(438,20,'丰田','柯斯达'),(439,20,'丰田','普瑞维亚'),(440,20,'广汽丰田','陆地巡洋舰'),(441,20,'广汽丰田','亚洲龙'),(442,20,'广汽丰田','卡罗拉'),(443,20,'丰田','海狮'),(444,20,'丰田','杰路驰'),(445,20,'丰田','花冠'),(446,20,'丰田','凯美瑞Hybrid'),(447,20,'丰田','陆地巡洋舰'),(448,20,'丰田','丰田FCV'),(449,20,'广汽丰田','富隆'),(450,20,'丰田','普瑞维亚'),(451,20,'广汽丰田','逸致'),(452,20,'丰田','Sienna'),(453,20,'丰田','凯美瑞Hybrid'),(454,20,'丰田','兰德酷路泽'),(455,20,'丰田','埃尔法'),(456,20,'广汽丰田','海狮'),(457,20,'丰田','普拉多'),(458,20,'丰田','汉兰达'),(459,20,'广汽丰田','雅力士'),(460,20,'丰田','普锐斯'),(461,20,'丰田','FJ酷路泽'),(462,20,'丰田','亚洲龙'),(463,20,'丰田','IQ'),(464,20,'丰田','丰田FCV'),(465,20,'丰田','Sienna'),(466,20,'广汽丰田','Sienna'),(467,20,'广汽丰田','凯美瑞'),(468,20,'丰田','皇冠'),(469,20,'丰田','雅力士'),(470,20,'丰田','YARiSL致炫'),(471,20,'丰田','亚洲龙'),(472,20,'广汽丰田','YARiSL致炫'),(473,20,'广汽丰田','普拉多'),(474,20,'丰田','富隆'),(475,20,'丰田','皇冠'),(476,20,'广汽丰田','丰田86'),(477,20,'丰田','皇冠'),(478,20,'丰田','威驰'),(479,20,'丰田','雷凌'),(480,20,'丰田','卡罗拉'),(481,20,'丰田','凯美瑞'),(482,20,'广汽丰田','FJ酷路泽'),(483,21,'福特','Ka'),(484,21,'福特','福克斯两厢'),(485,21,'福特','福睿斯'),(486,21,'福特','嘉年华两厢'),(487,21,'福特','致胜'),(488,21,'福特','福克斯三厢'),(489,21,'福特','新蒙迪欧'),(490,21,'福特','翼搏'),(491,21,'福特','锐界'),(492,21,'福特','福克斯'),(493,21,'福特','翼虎'),(494,21,'福特','野马'),(495,21,'福特','嘉年华三厢'),(496,21,'福特','探险者'),(497,21,'福特','征服者'),(498,21,'福特','麦柯斯'),(499,21,'福特','嘉年华'),(500,21,'福特','E系列商务车'),(501,21,'福特','F系列'),(502,22,'菲亚特','菲跃'),(503,22,'菲亚特','菲翔'),(504,22,'菲亚特','博悦'),(505,22,'菲亚特','致悦'),(506,22,'菲亚特','菲亚特500L'),(507,22,'菲亚特','菲亚特500'),(508,22,'菲亚特','Panda'),(509,23,'广汽','传祺GA6'),(510,23,'广汽','传祺GA3S视界'),(511,23,'广汽','传祺GA5'),(512,23,'广汽','传祺GS5'),(513,23,'广汽传祺','传祺GS5速博'),(514,23,'广汽传祺','传祺GA6'),(515,23,'广汽','传祺GA3'),(516,23,'广汽','传祺GS5'),(517,23,'广汽','传祺GS5速博'),(518,23,'广汽','传祺GA6'),(519,23,'广汽传祺','传祺GA3S视界'),(520,23,'广汽','传祺GA3'),(521,23,'广汽传祺','传祺GS5'),(522,23,'广汽','传祺GA3S视界'),(523,23,'广汽','传祺GA5'),(524,23,'广汽传祺','传祺GA3'),(525,23,'广汽','传祺GS5速博'),(526,23,'广汽传祺','传祺GA5'),(527,24,'观致汽车','观致3'),(528,24,'观致汽车','观致3五门版'),(529,25,'哈弗','哈弗H8'),(530,25,'哈弗','哈弗H9'),(531,25,'哈弗','哈弗H1'),(532,25,'哈弗','哈弗COUPEC'),(533,25,'哈弗','哈弗H5'),(534,25,'哈弗','哈弗H6'),(535,25,'哈弗','哈弗派'),(536,25,'哈弗','哈弗H7'),(537,25,'哈弗','哈弗H2'),(538,26,'红旗','H7'),(539,26,'红旗','L7'),(540,26,'红旗','L5'),(541,26,'红旗','L5'),(542,26,'红旗','L7'),(543,26,'红旗','H7'),(544,27,'吉利汽车','金刚CROSS'),(545,27,'吉利汽车','SX7'),(546,27,'吉利汽车','金刚两厢'),(547,27,'吉利汽车','EC8'),(548,27,'吉利汽车','SC6-RV'),(549,27,'吉利汽车','海景'),(550,27,'吉利汽车','GX7'),(551,27,'吉利汽车','SC6'),(552,27,'吉利汽车','金刚'),(553,27,'吉利汽车','金刚2代'),(554,27,'吉利汽车','SX7'),(555,27,'吉利汽车','豪情SUV'),(556,27,'吉利汽车','金刚2代'),(557,27,'吉利汽车','新帝豪两厢'),(558,27,'吉利汽车','熊猫CROSS'),(559,27,'吉利汽车','GX2'),(560,27,'吉利汽车','经典版帝豪两厢'),(561,27,'吉利汽车','熊猫CROSS'),(562,27,'吉利汽车','吉利GC9'),(563,27,'吉利汽车','SC3'),(564,27,'吉利汽车','远景'),(565,27,'吉利汽车','吉利GC9'),(566,27,'吉利汽车','经典版帝豪'),(567,27,'吉利汽车','海景'),(568,27,'吉利汽车','SC3'),(569,27,'吉利汽车','熊猫'),(570,27,'吉利汽车','GC7'),(571,27,'吉利汽车','金刚CROSS'),(572,27,'吉利汽车','自由舰'),(573,27,'吉利汽车','TX4'),(574,27,'吉利汽车','自由舰'),(575,27,'吉利汽车','自由舰'),(576,27,'吉利汽车','GC3'),(577,27,'吉利汽车','金刚两厢'),(578,27,'吉利汽车','GP5'),(579,27,'吉利汽车','GX2'),(580,27,'吉利汽车','熊猫'),(581,27,'吉利汽车','金刚'),(582,27,'吉利汽车','远景'),(583,27,'吉利汽车','TX4'),(584,27,'吉利汽车','EC8'),(585,27,'吉利汽车','豪情SUV'),(586,27,'吉利汽车','TX4'),(587,27,'吉利汽车','新帝豪两厢'),(588,27,'吉利汽车','金刚'),(589,27,'吉利汽车','经典版帝豪两厢'),(590,27,'吉利汽车','GC7'),(591,27,'吉利汽车','金刚CROSS'),(592,27,'吉利汽车','GX2'),(593,27,'吉利汽车','新帝豪两厢'),(594,27,'吉利汽车','SC6'),(595,27,'吉利汽车','GX7'),(596,27,'吉利汽车','SX7'),(597,27,'吉利汽车','新帝豪三厢'),(598,27,'吉利汽车','EC8'),(599,27,'吉利汽车','经典版帝豪两厢'),(600,27,'吉利汽车','GP5'),(601,27,'吉利汽车','豪情SUV'),(602,27,'吉利汽车','金刚2代'),(603,27,'吉利汽车','熊猫'),(604,27,'吉利汽车','新帝豪三厢'),(605,27,'吉利汽车','新帝豪三厢'),(606,27,'吉利汽车','GC3'),(607,27,'吉利汽车','海景'),(608,27,'吉利汽车','GP5'),(609,27,'吉利汽车','经典版帝豪'),(610,27,'吉利汽车','GC7'),(611,27,'吉利汽车','吉利GC9'),(612,27,'吉利汽车','远景'),(613,27,'吉利汽车','金刚两厢'),(614,27,'吉利汽车','GX7'),(615,27,'吉利汽车','经典版帝豪'),(616,27,'吉利汽车','熊猫CROSS'),(617,27,'吉利汽车','SC3'),(618,27,'吉利汽车','GC3'),(619,28,'捷豹','XKR'),(620,28,'捷豹','XE'),(621,28,'捷豹','XJR'),(622,28,'捷豹','F-Type'),(623,28,'捷豹','XF'),(624,28,'捷豹','XJ'),(625,29,'江淮','瑞风改装车'),(626,29,'江淮','宝斯通'),(627,29,'江淮','和悦'),(628,29,'江淮','悦悦'),(629,29,'江淮','瑞风S3'),(630,29,'江淮','瑞风M3'),(631,29,'江淮','瑞驰'),(632,29,'江淮','和悦A13'),(633,29,'江淮','瑞铃'),(634,29,'江淮','凌铃'),(635,29,'江淮','和悦A13RS'),(636,29,'江淮','雪豹X50'),(637,29,'江淮','瑞风'),(638,29,'江淮','和悦iEV'),(639,29,'江淮','和悦RS'),(640,29,'江淮','和悦A30'),(641,29,'江淮','瑞鹰'),(642,29,'江淮','瑞风S5'),(643,29,'江淮','宾悦'),(644,29,'江淮','雪豹X80'),(645,29,'江淮','星锐'),(646,29,'江淮','瑞风M5'),(647,29,'江淮','瑞风A6'),(648,30,'江西五十铃','D-MAX'),(649,31,'江铃汽车','顺达'),(650,31,'江铃汽车','经典全顺'),(651,31,'江铃汽车','福特新世代全顺'),(652,31,'江铃汽车','驭胜'),(653,31,'江铃汽车','宝典'),(654,31,'江铃汽车','域虎'),(655,31,'江铃汽车','凯运'),(656,31,'江铃汽车','凯锐'),(657,31,'江铃汽车','宝威'),(658,31,'江铃汽车','凯锐800'),(659,31,'江铃汽车','凯威'),(660,32,'凯翼','C3'),(661,32,'凯翼','C3R'),(662,33,'凯迪拉克','SRX'),(663,33,'凯迪拉克','SRX'),(664,33,'凯迪拉克','XTS'),(665,33,'凯迪拉克','CTS-V'),(666,33,'凯迪拉克','CTS'),(667,33,'凯迪拉克','CTSCOUPE'),(668,33,'凯迪拉克','CTS-V'),(669,33,'凯迪拉克','ATS'),(670,33,'凯迪拉克','XTS'),(671,33,'凯迪拉克','凯雷德'),(672,33,'凯迪拉克','凯雷德Hybrid'),(673,33,'凯迪拉克','凯雷德Hybrid'),(674,33,'凯迪拉克','ATS-L'),(675,33,'凯迪拉克','ATS'),(676,33,'凯迪拉克','CTS'),(677,33,'凯迪拉克','CTSCOUPE'),(678,33,'凯迪拉克','ATS-L'),(679,33,'凯迪拉克','凯雷德'),(680,34,'猎豹汽车','飞扬皮卡'),(681,34,'猎豹汽车','CT5'),(682,34,'猎豹汽车','飞腾C5'),(683,34,'猎豹汽车','CS10概念车'),(684,34,'猎豹汽车','CT5'),(685,34,'猎豹汽车','CS10概念车'),(686,34,'猎豹汽车','欧酷曼三厢'),(687,34,'猎豹汽车','飞腾'),(688,34,'猎豹汽车','CS6'),(689,34,'猎豹汽车','CS10概念车'),(690,34,'猎豹汽车','飞腾'),(691,34,'猎豹汽车','猎豹Q6'),(692,34,'猎豹汽车','猎豹6481'),(693,34,'猎豹汽车','CT5'),(694,34,'猎豹汽车','欧酷曼两厢'),(695,34,'猎豹汽车','黑金刚'),(696,34,'猎豹汽车','飞腾'),(697,34,'猎豹汽车','飞腾C5'),(698,34,'猎豹汽车','CS6'),(699,34,'猎豹汽车','飞扬皮卡'),(700,34,'猎豹汽车','欧酷曼两厢'),(701,34,'猎豹汽车','黑金刚'),(702,34,'猎豹汽车','猎豹Q6'),(703,34,'猎豹汽车','猎豹6481'),(704,34,'猎豹汽车','欧酷曼三厢'),(705,34,'猎豹汽车','欧酷曼三厢'),(706,34,'猎豹汽车','猎豹6481'),(707,34,'猎豹汽车','欧酷曼两厢'),(708,34,'猎豹汽车','飞腾C5'),(709,34,'猎豹汽车','CS6'),(710,34,'猎豹汽车','猎豹Q6'),(711,34,'猎豹汽车','黑金刚'),(712,34,'猎豹汽车','飞扬皮卡'),(713,35,'路虎','揽胜极光'),(714,35,'路虎','发现'),(715,35,'路虎','发现神行'),(716,35,'路虎','神行者2代'),(717,35,'路虎','揽胜运动版'),(718,35,'路虎','揽胜'),(719,35,'路虎','卫士'),(720,36,'铃木','派喜'),(721,36,'铃木','天语SX4尚悦'),(722,36,'铃木','利亚纳两厢'),(723,36,'铃木','浪迪'),(724,36,'铃木','北斗星'),(725,36,'铃木','锋驭'),(726,36,'铃木','天语SX4锐骑'),(727,36,'铃木','奥拓'),(728,36,'铃木','利亚纳三厢'),(729,36,'铃木','北斗星X5'),(730,36,'铃木','速翼特'),(731,36,'铃木','利亚纳A6三厢'),(732,36,'铃木','启悦'),(733,36,'铃木','雨燕'),(734,36,'铃木','吉姆尼'),(735,36,'铃木','利亚纳A6两厢'),(736,36,'铃木','天语SX4两厢'),(737,36,'铃木','羚羊'),(738,36,'铃木','超级维特拉'),(739,36,'铃木','凯泽西'),(740,37,'陆风','陆风X5'),(741,37,'陆风','陆风X8'),(742,37,'陆风','风尚'),(743,37,'陆风','陆风X5'),(744,37,'陆风','风尚'),(745,37,'陆风汽车','陆风X5'),(746,37,'陆风汽车','X6'),(747,37,'陆风','陆风X8'),(748,37,'陆风汽车','X9'),(749,37,'陆风','X9'),(750,37,'陆风','风华'),(751,37,'陆风','风华'),(752,37,'陆风汽车','风华'),(753,37,'陆风','X6'),(754,37,'陆风汽车','风尚'),(755,37,'陆风','X9'),(756,37,'陆风','X6'),(757,37,'陆风汽车','陆风X8'),(758,38,'雷克萨斯','IS'),(759,38,'雷克萨斯','GX'),(760,38,'雷克萨斯','LS'),(761,38,'雷克萨斯','ES'),(762,38,'雷克萨斯','RX'),(763,38,'雷克萨斯','NX'),(764,38,'雷克萨斯','LX'),(765,38,'雷克萨斯','RC'),(766,38,'雷克萨斯','GS'),(767,38,'雷克萨斯','LF-A'),(768,38,'雷克萨斯','CT'),(769,39,'雷诺','塔利斯曼'),(770,39,'雷诺','风朗'),(771,39,'雷诺','Captur'),(772,39,'雷诺','Symbol'),(773,39,'雷诺','Alpine'),(774,39,'雷诺','风朗'),(775,39,'雷诺','梅甘娜'),(776,39,'雷诺','科雷傲'),(777,39,'雷诺','Symbol'),(778,39,'雷诺','风朗'),(779,39,'雷诺','Symbol'),(780,39,'雷诺','风景'),(781,39,'雷诺','纬度'),(782,39,'雷诺','纬度'),(783,39,'雷诺','科雷傲'),(784,39,'雷诺','塔利斯曼'),(785,39,'雷诺','梅甘娜'),(786,39,'雷诺','Twingo'),(787,39,'雷诺','Twingo'),(788,39,'雷诺','科雷傲'),(789,39,'雷诺','Clio'),(790,39,'雷诺','风景'),(791,39,'雷诺','纬度'),(792,39,'雷诺','科雷傲'),(793,39,'雷诺','拉古那'),(794,39,'雷诺','梅甘娜'),(795,39,'雷诺','Twingo'),(796,39,'雷诺','Clio'),(797,39,'雷诺','Clio'),(798,39,'雷诺','Symbol'),(799,39,'雷诺','塔利斯曼'),(800,39,'雷诺','风景'),(801,39,'雷诺','拉古那'),(802,39,'雷诺','梅甘娜'),(803,39,'雷诺','塔利斯曼'),(804,39,'雷诺','Alpine'),(805,39,'雷诺','Captur'),(806,39,'雷诺','Alpine'),(807,39,'雷诺','Captur'),(808,39,'雷诺','拉古那'),(809,39,'雷诺','纬度'),(810,39,'雷诺','拉古那'),(811,39,'雷诺','Twingo'),(812,39,'雷诺','风朗'),(813,39,'雷诺','Captur'),(814,39,'雷诺','Alpine'),(815,39,'雷诺','Clio'),(816,39,'雷诺','风景'),(817,40,'MG','MG5'),(818,40,'MG','MG3'),(819,40,'MG','MGGT'),(820,40,'MG','MG3SW'),(821,40,'MG','MG6两厢'),(822,40,'MG','MG6三厢'),(823,40,'MG','MG3SW'),(824,40,'MG','MGTF'),(825,40,'MG','MG6三厢'),(826,40,'MG','MG5'),(827,40,'MG','MG7'),(828,40,'MG','MG3'),(829,40,'MG','MGTF'),(830,40,'MG','MG7'),(831,40,'MG','MG6两厢'),(832,40,'MG','MGGT'),(833,41,'玛莎拉蒂','Quattroporte'),(834,41,'玛莎拉蒂','GranCabrio'),(835,41,'玛莎拉蒂','GranTurismo'),(836,41,'玛莎拉蒂','Ghibli'),(837,42,'一汽马自达','Mazda8'),(838,42,'一汽马自达','睿翼'),(839,42,'长安马自达','Mazda2两厢'),(840,42,'一汽马自达','阿特兹'),(841,42,'长安马自达','CX-5'),(842,42,'长安马自达','Mazda2两厢'),(843,42,'一汽马自达','睿翼'),(844,42,'长安马自达','Mazda3'),(845,42,'长安马自达','CX-5'),(846,42,'马自达','Mazda3'),(847,42,'一汽马自达','Mazda6'),(848,42,'马自达','Mazda3星骋三厢'),(849,42,'马自达','Mazda2三厢'),(850,42,'长安马自达','Mazda3星骋三厢'),(851,42,'长安马自达','昂克赛拉两厢'),(852,42,'长安马自达','Mazda2三厢'),(853,42,'长安马自达','Mazda3星骋三厢'),(854,42,'一汽马自达','Mazda6'),(855,42,'马自达','CX-3'),(856,42,'马自达','Mazda3星骋三厢'),(857,42,'马自达','Mazda2两厢'),(858,42,'一汽马自达','阿特兹'),(859,42,'马自达','CX-7'),(860,42,'长安马自达','CX-5'),(861,42,'马自达','Mazda3'),(862,42,'长安马自达','昂克赛拉两厢'),(863,42,'长安马自达','Mazda2两厢'),(864,42,'长安马自达','Mazda3'),(865,42,'一汽马自达','阿特兹'),(866,42,'马自达','Mazda3星骋两厢'),(867,42,'一汽马自达','CX-7'),(868,42,'一汽马自达','睿翼'),(869,42,'马自达','Mazda3星骋两厢'),(870,42,'马自达','Mazda6'),(871,42,'马自达','Mazda8'),(872,42,'马自达','CX-5'),(873,42,'马自达','睿翼'),(874,42,'马自达','睿翼轿跑'),(875,42,'马自达','Mazda2两厢'),(876,42,'马自达','马自达3Axela昂克赛拉三厢'),(877,42,'长安马自达','Mazda3星骋两厢'),(878,42,'一汽马自达','Mazda8'),(879,42,'长安马自达','Mazda3星骋三厢'),(880,42,'长安马自达','Mazda2三厢'),(881,42,'马自达','昂克赛拉两厢'),(882,42,'长安马自达','昂克赛拉两厢'),(883,42,'长安马自达','Mazda3星骋两厢'),(884,42,'长安马自达','昂克赛拉三厢'),(885,42,'一汽马自达','CX-7'),(886,42,'马自达','马自达3Axela昂克赛拉两厢'),(887,42,'一汽马自达','Mazda6'),(888,42,'马自达','CX-9'),(889,42,'马自达','阿特兹'),(890,42,'马自达','ATENZA'),(891,42,'长安马自达','Mazda2三厢'),(892,42,'马自达','CX-5'),(893,42,'长安马自达','昂克赛拉三厢'),(894,42,'马自达','Mazda2三厢'),(895,42,'一汽马自达','睿翼轿跑'),(896,42,'一汽马自达','CX-7'),(897,42,'马自达','Mazda5'),(898,42,'马自达','昂克赛拉三厢'),(899,42,'一汽马自达','Mazda8'),(900,42,'长安马自达','昂克赛拉三厢'),(901,42,'马自达','MX-5'),(902,42,'一汽马自达','睿翼轿跑'),(903,42,'长安马自达','Mazda3'),(904,42,'长安马自达','Mazda3星骋两厢'),(905,42,'一汽马自达','睿翼轿跑'),(906,43,'纳智捷','MASTERCEO'),(907,43,'纳智捷','优6SUV'),(908,43,'纳智捷','大7MPV'),(909,43,'纳智捷','5Sedan'),(910,43,'纳智捷','5Sedan'),(911,43,'纳智捷','大7MPV'),(912,43,'纳智捷','MASTERCEO'),(913,43,'纳智捷','优6SUV'),(914,43,'纳智捷','大7SUV'),(915,43,'纳智捷','大7MPV'),(916,43,'纳智捷','MASTERCEO'),(917,43,'纳智捷','大7MPV'),(918,43,'纳智捷','MASTERCEO'),(919,43,'纳智捷','优6SUV'),(920,43,'纳智捷','5Sedan'),(921,43,'纳智捷','5Sedan'),(922,43,'纳智捷','大7SUV'),(923,43,'纳智捷','大7SUV'),(924,43,'纳智捷','优6SUV'),(925,43,'纳智捷','大7SUV'),(926,44,'讴歌','MDX'),(927,44,'讴歌','RLX'),(928,44,'讴歌','RL'),(929,44,'讴歌','TLX'),(930,44,'讴歌','ILX'),(931,44,'讴歌','NSX'),(932,44,'讴歌','RDX'),(933,44,'讴歌','ZDX'),(934,44,'讴歌','TL'),(935,45,'启辰','D50'),(936,45,'启辰','R30'),(937,45,'启辰','R50X'),(938,45,'启辰','R50'),(939,45,'启辰','T70'),(940,46,'奇瑞','旗云2'),(941,46,'奇瑞','风云2三厢'),(942,46,'奇瑞','奇瑞E5'),(943,46,'奇瑞','风云2三厢'),(944,46,'奇瑞','A3三厢'),(945,46,'奇瑞','瑞虎5'),(946,46,'奇瑞','瑞虎'),(947,46,'奇瑞','旗云3'),(948,46,'奇瑞','奇瑞eQ'),(949,46,'奇瑞','QQme'),(950,46,'奇瑞','QQ3'),(951,46,'奇瑞','艾瑞泽7'),(952,46,'奇瑞','奇瑞eQ'),(953,46,'奇瑞','A3两厢'),(954,46,'奇瑞','QQ'),(955,46,'奇瑞','旗云5'),(956,46,'奇瑞','QQ3'),(957,46,'奇瑞','A3两厢'),(958,46,'奇瑞','旗云2'),(959,46,'奇瑞','瑞虎3'),(960,46,'奇瑞','奇瑞E5'),(961,46,'奇瑞','旗云1'),(962,46,'奇瑞','瑞虎5'),(963,46,'奇瑞','A3三厢'),(964,46,'奇瑞','QQ'),(965,46,'奇瑞','艾瑞泽7'),(966,46,'奇瑞','旗云3'),(967,46,'奇瑞','东方之子'),(968,46,'奇瑞','旗云5'),(969,46,'奇瑞','A1'),(970,46,'奇瑞','东方之子'),(971,46,'奇瑞','瑞虎3'),(972,46,'奇瑞','QQme'),(973,46,'奇瑞','艾瑞泽3'),(974,46,'奇瑞','瑞虎'),(975,46,'奇瑞','艾瑞泽3'),(976,46,'奇瑞','E3'),(977,46,'奇瑞','风云2两厢'),(978,46,'奇瑞','A1'),(979,46,'奇瑞','旗云1'),(980,46,'奇瑞','E3'),(981,46,'奇瑞','风云2两厢'),(982,47,'起亚','K2两厢'),(983,47,'起亚','狮跑'),(984,47,'起亚','福瑞迪'),(985,47,'起亚','K5（进口）'),(986,47,'起亚','秀尔'),(987,47,'起亚','进口起亚(7)'),(988,47,'起亚','凯尊'),(989,47,'起亚','佳乐'),(990,47,'起亚','霸锐'),(991,47,'起亚','速迈'),(992,47,'起亚','K3'),(993,47,'起亚','RIO锐欧'),(994,47,'起亚','赛拉图'),(995,47,'起亚','K4'),(996,47,'起亚','K3S'),(997,47,'起亚','K5'),(998,47,'起亚','K2'),(999,47,'起亚','索兰托'),(1000,47,'起亚','智跑'),(1001,47,'起亚','VQ'),(1002,48,'日产','碧莲'),(1003,48,'日产','骐达'),(1004,48,'日产','凯普斯达'),(1005,48,'日产','370Z'),(1006,48,'日产','GT-R'),(1007,48,'日产','途乐'),(1008,48,'日产','NV200'),(1009,48,'日产','Juke'),(1010,48,'日产','帕拉丁'),(1011,48,'日产','玛驰'),(1012,48,'日产','轩逸'),(1013,48,'日产','阳光'),(1014,48,'日产','贵士'),(1015,48,'日产','楼兰'),(1016,48,'日产','骊威'),(1017,48,'日产','奇骏'),(1018,48,'日产','D22厢式车'),(1019,48,'日产','天籁'),(1020,48,'日产','D22皮卡'),(1021,48,'日产','聆风'),(1022,48,'日产','Pathfinder'),(1023,48,'日产','逍客'),(1024,49,'荣威','350'),(1025,49,'荣威','750'),(1026,49,'荣威','550'),(1027,49,'荣威','E50'),(1028,49,'荣威','W5'),(1029,49,'荣威','750'),(1030,49,'荣威','950'),(1031,49,'荣威','W5'),(1032,49,'荣威','950'),(1033,49,'荣威','550'),(1034,49,'荣威','350'),(1035,49,'荣威','E50'),(1036,50,'广汽三菱','新劲炫ASX'),(1037,50,'东南三菱','蓝瑟'),(1038,50,'广汽三菱','帕杰罗'),(1039,50,'东南三菱','翼神'),(1040,50,'三菱','帕杰罗'),(1041,50,'三菱','翼神'),(1042,50,'东南三菱','君阁'),(1043,50,'三菱','蓝瑟'),(1044,50,'东南三菱','戈蓝'),(1045,50,'三菱','帕杰罗·劲畅'),(1046,50,'东南三菱','风迪思'),(1047,50,'三菱','风迪思'),(1048,50,'三菱','戈蓝'),(1049,50,'广汽三菱','帕杰罗·劲畅'),(1050,50,'三菱','君阁'),(1051,50,'三菱','新劲炫ASX'),(1052,51,'上汽大通','V80'),(1053,51,'上汽大通MAXUS','G10'),(1054,51,'上汽大通','V80改装车'),(1055,51,'上汽大通','G10'),(1056,51,'上汽大通MAXUS','V80'),(1057,51,'上汽大通MAXUS','V80改装车'),(1058,52,'S-双龙','柯兰多'),(1059,52,'S-双龙','主席'),(1060,52,'S-双龙','享御'),(1061,52,'S-双龙','爱腾Actyon'),(1062,52,'S-双龙','雷斯特W'),(1063,52,'S-双龙','雷斯特II'),(1064,52,'S-双龙','路帝'),(1065,53,'斯巴鲁','斯巴鲁WRXSTI'),(1066,53,'斯巴鲁','斯巴鲁Levorg'),(1067,53,'斯巴鲁','傲虎'),(1068,53,'斯巴鲁','森林人'),(1069,53,'斯巴鲁','驰鹏'),(1070,53,'斯巴鲁','森林人'),(1071,53,'斯巴鲁','斯巴鲁XV'),(1072,53,'斯巴鲁','力狮'),(1073,53,'斯巴鲁','力狮'),(1074,53,'斯巴鲁','斯巴鲁Levorg'),(1075,53,'斯巴鲁','斯巴鲁WRXSTI'),(1076,53,'斯巴鲁','驰鹏'),(1077,53,'斯巴鲁','斯巴鲁BRZ'),(1078,53,'斯巴鲁','傲虎'),(1079,53,'斯巴鲁','斯巴鲁XV'),(1080,53,'斯巴鲁','斯巴鲁BRZ'),(1081,54,'斯柯达','明锐'),(1082,54,'斯柯达','昕动'),(1083,54,'斯柯达','速尊'),(1084,54,'斯柯达','野帝'),(1085,54,'斯柯达','速派'),(1086,54,'斯柯达','昕锐'),(1087,54,'斯柯达','昊锐'),(1088,54,'斯柯达','明锐Scout'),(1089,54,'斯柯达','Yeti'),(1090,54,'斯柯达','晶锐'),(1091,55,'五十铃','D-MAX'),(1092,55,'五十铃','MU-X'),(1093,56,'沃尔沃','S60'),(1094,56,'沃尔沃','V40'),(1095,56,'沃尔沃','XC60'),(1096,56,'沃尔沃','S60L'),(1097,56,'沃尔沃','XC90'),(1098,56,'沃尔沃','S80L'),(1099,56,'沃尔沃','V60'),(1100,56,'沃尔沃','V40CrossCountry'),(1101,57,'潍柴英致','英致G3'),(1102,58,'现代','i20'),(1103,58,'现代','捷恩斯'),(1104,58,'进口现代','捷恩斯'),(1105,58,'北京现代','索纳塔八'),(1106,58,'北京现代','瑞纳两厢'),(1107,58,'现代','瑞纳三厢'),(1108,58,'现代','悦动'),(1109,58,'现代','索纳塔'),(1110,58,'现代','瑞纳三厢'),(1111,58,'进口现代','维拉克斯'),(1112,58,'进口现代','格锐'),(1113,58,'北京现代','伊兰特'),(1114,58,'北京现代','名驭'),(1115,58,'现代','索纳塔八'),(1116,58,'进口现代','全新胜达'),(1117,58,'现代','i20'),(1118,58,'北京现代','i30'),(1119,58,'现代','创虎'),(1120,58,'现代','ix25'),(1121,58,'进口现代','劳恩斯coupe'),(1122,58,'现代','ix35'),(1123,58,'现代','索纳塔八'),(1124,58,'进口现代','雅尊'),(1125,58,'现代','捷恩斯'),(1126,58,'现代','名驭'),(1127,58,'现代','途胜'),(1128,58,'现代','瑞奕'),(1129,58,'现代','伊兰特'),(1130,58,'进口现代','雅科仕'),(1131,58,'现代','全新胜达'),(1132,58,'北京现代','MISTRA名图'),(1133,58,'现代','辉翼'),(1134,58,'现代','MISTRA名图'),(1135,58,'现代','创虎'),(1136,58,'北京现代','瑞奕'),(1137,58,'现代','名驭'),(1138,58,'现代','飞思'),(1139,58,'现代','瑞纳两厢'),(1140,58,'现代','雅尊'),(1141,58,'现代','悦动'),(1142,58,'进口现代','劳恩斯'),(1143,58,'现代','格锐'),(1144,58,'现代','朗动'),(1145,58,'现代','i30'),(1146,58,'现代','康恩迪'),(1147,58,'现代','格锐'),(1148,58,'现代','劳恩斯'),(1149,58,'北京现代','ix35'),(1150,58,'北京现代','途胜'),(1151,58,'现代','全新胜达'),(1152,58,'进口现代','索纳塔'),(1153,58,'现代','MISTRA名图'),(1154,58,'现代','i30'),(1155,58,'进口现代','辉翼'),(1156,58,'现代','朗动'),(1157,58,'现代','劳恩斯coupe'),(1158,58,'现代','维拉克斯'),(1159,58,'现代','劳恩斯coupe'),(1160,58,'现代','ix25'),(1161,58,'北京现代','索纳塔九'),(1162,58,'进口现代','飞思'),(1163,58,'现代','劳恩斯'),(1164,58,'现代','ix35'),(1165,58,'北京现代','康恩迪'),(1166,58,'现代','飞思'),(1167,58,'现代','索纳塔'),(1168,58,'北京现代','ix25'),(1169,58,'现代','维拉克斯'),(1170,58,'北京现代','全新胜达'),(1171,58,'北京现代','朗动'),(1172,58,'现代','雅尊'),(1173,58,'北京现代','瑞纳三厢'),(1174,58,'北京现代','创虎'),(1175,58,'北京现代','悦动'),(1176,58,'现代','辉翼'),(1177,58,'现代','途胜'),(1178,58,'现代','伊兰特'),(1179,58,'现代','康恩迪'),(1180,58,'现代','雅科仕'),(1181,58,'现代','雅科仕'),(1182,58,'现代','瑞纳两厢'),(1183,58,'现代','瑞奕'),(1184,59,'雪佛兰','沃蓝达'),(1185,59,'雪佛兰','赛欧SPRINGO'),(1186,59,'雪佛兰','沃蓝达'),(1187,59,'雪佛兰','景程'),(1188,59,'雪佛兰','爱唯欧两厢'),(1189,59,'雪佛兰','爱唯欧三厢'),(1190,59,'雪佛兰','创酷'),(1191,59,'雪佛兰','科迈罗'),(1192,59,'雪佛兰','赛欧SPRINGO'),(1193,59,'雪佛兰','迈锐宝'),(1194,59,'雪佛兰','赛欧两厢'),(1195,59,'雪佛兰','科尔维特'),(1196,59,'雪佛兰','科鲁兹掀背'),(1197,59,'雪佛兰','科鲁兹掀背'),(1198,59,'雪佛兰','爱唯欧两厢'),(1199,59,'雪佛兰','景程'),(1200,59,'雪佛兰','赛欧三厢'),(1201,59,'雪佛兰','爱唯欧三厢'),(1202,59,'雪佛兰','爱唯欧两厢'),(1203,59,'雪佛兰','科迈罗'),(1204,59,'雪佛兰','科鲁兹三厢'),(1205,59,'雪佛兰','赛欧SPRINGO'),(1206,59,'雪佛兰','景程'),(1207,59,'雪佛兰','科帕奇'),(1208,59,'雪佛兰','爱唯欧三厢'),(1209,59,'雪佛兰','创界'),(1210,59,'雪佛兰','创界'),(1211,59,'雪佛兰','赛欧三厢'),(1212,59,'雪佛兰','沃蓝达'),(1213,59,'雪佛兰','科鲁兹三厢'),(1214,59,'雪佛兰','创酷'),(1215,59,'雪佛兰','创界'),(1216,59,'雪佛兰','爱唯欧两厢'),(1217,59,'雪佛兰','科尔维特'),(1218,59,'雪佛兰','科鲁兹三厢'),(1219,59,'雪佛兰','赛欧两厢'),(1220,59,'雪佛兰','科帕奇'),(1221,59,'雪佛兰','赛欧两厢'),(1222,59,'雪佛兰','景程'),(1223,59,'雪佛兰','科鲁兹掀背'),(1224,59,'雪佛兰','沃蓝达'),(1225,59,'雪佛兰','赛欧三厢'),(1226,59,'雪佛兰','科迈罗'),(1227,59,'雪佛兰','科尔维特'),(1228,59,'雪佛兰','科迈罗'),(1229,59,'雪佛兰','赛欧两厢'),(1230,59,'雪佛兰','迈锐宝'),(1231,59,'雪佛兰','科鲁兹三厢'),(1232,59,'雪佛兰','赛欧三厢'),(1233,59,'雪佛兰','创酷'),(1234,59,'雪佛兰','迈锐宝'),(1235,59,'雪佛兰','赛欧SPRINGO'),(1236,59,'雪佛兰','科帕奇'),(1237,59,'雪佛兰','科鲁兹掀背'),(1238,59,'雪佛兰','科尔维特'),(1239,59,'雪佛兰','科帕奇'),(1240,59,'雪佛兰','创界'),(1241,59,'雪佛兰','迈锐宝'),(1242,59,'雪佛兰','爱唯欧三厢'),(1243,59,'雪佛兰','创酷'),(1244,60,'东风雪铁龙','C4Cactus'),(1245,60,'东风雪铁龙','C5(进口)'),(1246,60,'东风雪铁龙','C3-XR'),(1247,60,'东风雪铁龙','C4毕加索'),(1248,60,'东风雪铁龙','C4AIRCROSS'),(1249,60,'雪铁龙','C5(进口)'),(1250,60,'东风雪铁龙','全新爱丽舍'),(1251,60,'雪铁龙','经典爱丽舍三厢'),(1252,60,'雪铁龙','C4AIRCROSS'),(1253,60,'雪铁龙','全新爱丽舍'),(1254,60,'东风雪铁龙','C2'),(1255,60,'东风雪铁龙','世嘉两厢'),(1256,60,'雪铁龙','C4毕加索'),(1257,60,'东风雪铁龙','经典爱丽舍三厢'),(1258,60,'东风雪铁龙','C5'),(1259,60,'雪铁龙','世嘉两厢'),(1260,60,'东风雪铁龙','C4L'),(1261,60,'雪铁龙','C3-XR'),(1262,60,'雪铁龙','C2'),(1263,60,'雪铁龙','C4Cactus'),(1264,60,'雪铁龙','世嘉三厢'),(1265,60,'雪铁龙','C4L'),(1266,60,'雪铁龙','萨拉-毕加索'),(1267,60,'东风雪铁龙','萨拉-毕加索'),(1268,60,'雪铁龙','C5'),(1269,60,'东风雪铁龙','世嘉三厢'),(1270,61,'英菲尼迪','Q50L'),(1271,61,'英菲尼迪','QX80'),(1272,61,'英菲尼迪','Q30'),(1273,61,'英菲尼迪','QX60'),(1274,61,'英菲尼迪','Q60S'),(1275,61,'英菲尼迪','Q60S'),(1276,61,'英菲尼迪','QX50'),(1277,61,'英菲尼迪','Q50L'),(1278,61,'英菲尼迪','Q30'),(1279,61,'英菲尼迪','Q50'),(1280,61,'英菲尼迪','Q60'),(1281,61,'英菲尼迪','JX35(QX60)'),(1282,61,'英菲尼迪','G'),(1283,61,'英菲尼迪','QX60'),(1284,61,'英菲尼迪','Q70L'),(1285,61,'英菲尼迪','QX50'),(1286,61,'英菲尼迪','Q70L'),(1287,61,'英菲尼迪','QX70'),(1288,61,'英菲尼迪','QX70'),(1289,61,'英菲尼迪','JX35(QX60)'),(1290,61,'英菲尼迪','Q50'),(1291,61,'英菲尼迪','ESQ'),(1292,61,'英菲尼迪','G'),(1293,61,'英菲尼迪','QX50'),(1294,61,'英菲尼迪','Q60'),(1295,61,'英菲尼迪','ESQ'),(1296,61,'英菲尼迪','QX80'),(1297,62,'野马汽车','T70'),(1298,62,'野马汽车','F16'),(1299,62,'野马汽车','F12'),(1300,62,'野马汽车','F10'),(1301,63,'中华','酷宝'),(1302,63,'中华','H220'),(1303,63,'中华','H330'),(1304,63,'中华','骏捷FSV'),(1305,63,'中华','骏捷Cross'),(1306,63,'中华','骏捷Wagon'),(1307,63,'中华','骏捷FRV'),(1308,63,'中华','V3'),(1309,63,'中华','H530'),(1310,63,'中华','V5'),(1311,63,'中华','尊驰'),(1312,63,'中华','骏捷'),(1313,63,'中华','H230'),(1314,63,'中华','H320'),(1315,63,'中华','中华豚'),(1316,64,'中欧房车','维达莱斯'),(1317,64,'中欧房车','尊铂'),(1318,64,'中欧房车','适豪'),(1319,64,'中欧房车','尊逸'),(1320,64,'中欧房车','适尊'),(1321,64,'中欧房车','尊适'),(1322,64,'中欧房车','尊致'),(1323,65,'众泰','知豆'),(1324,65,'众泰','5008'),(1325,65,'众泰','江南TT'),(1326,65,'众泰','Z300'),(1327,65,'众泰','云100'),(1328,65,'众泰','Z200HB'),(1329,65,'众泰','T600'),(1330,65,'众泰','Z200'),(1331,65,'众泰','云100'),(1332,65,'众泰','V10'),(1333,65,'众泰','V10'),(1334,65,'众泰','T200'),(1335,65,'众泰','江南TT'),(1336,65,'众泰','知豆'),(1337,65,'众泰','Z500'),(1338,65,'众泰','Z300'),(1339,65,'众泰','2008'),(1340,65,'众泰','M300'),(1341,65,'众泰','M300'),(1342,65,'众泰','T200'),(1343,65,'众泰','Z200HB'),(1344,65,'众泰','Z200'),(1345,65,'众泰','5008'),(1346,65,'众泰','Z100'),(1347,65,'众泰','2008'),(1348,65,'众泰','T600'),(1349,65,'众泰','Z100'),(1350,65,'众泰','Z500'),(1351,68,'宝沃','BX7'),(1353,68,'宝沃','BX5'),(1355,68,'宝沃','BX6'),(1357,68,'宝沃','TSIsabella'),(1359,66,'林肯','领航员\r\n'),(1361,66,'林肯','MKX'),(1363,66,'林肯','MKC'),(1365,66,'林肯','MKS'),(1367,66,'林肯','MKT'),(1369,66,'林肯','MKZ'),(1371,66,'林肯','林肯Continental'),(1373,67,'海马','福美来'),(1375,67,'海马','福美来VS'),(1377,67,'海马','海福星'),(1379,67,'海马','骑士'),(1381,67,'海马','M8'),(1383,67,'海马','普力马'),(1385,67,'海马','丘比特'),(1387,67,'海马','S7'),(1389,67,'海马','V70'),(1391,67,'海马','M3'),(1393,67,'海马','M6'),(1395,67,'海马','S5'),(1396,70,'应急馆','应急馆'),(1397,69,'一般馆','一般馆'),(1398,71,'航空馆','航空馆'),(1399,72,'教育管','教育管'),(1400,73,'农博会馆','农博会馆'),(1401,74,'国际时尚生活馆','国际时尚生活馆'),(1402,75,'虚拟现实VR馆','虚拟现实VR馆');

/*Table structure for table `zq_certificate` */

DROP TABLE IF EXISTS `zq_certificate`;

CREATE TABLE `zq_certificate` (
  `id` int(10) unsigned NOT NULL AUTO_INCREMENT,
  `seqnum` varchar(10) COLLATE utf8_unicode_ci NOT NULL DEFAULT '' COMMENT '证件编号',
  `source` varchar(10) COLLATE utf8_unicode_ci NOT NULL DEFAULT '' COMMENT '登记来源',
  `mobile` varchar(16) COLLATE utf8_unicode_ci NOT NULL DEFAULT '' COMMENT '手机号',
  PRIMARY KEY (`id`)
) ENGINE=InnoDB DEFAULT CHARSET=utf8 COLLATE=utf8_unicode_ci ROW_FORMAT=COMPACT;

/*Data for the table `zq_certificate` */

/*Table structure for table `zq_certificate_type` */

DROP TABLE IF EXISTS `zq_certificate_type`;

CREATE TABLE `zq_certificate_type` (
  `id` int(10) unsigned NOT NULL AUTO_INCREMENT,
  `title` varchar(64) COLLATE utf8_unicode_ci NOT NULL DEFAULT '' COMMENT '证件名称',
  `certificate_attribute` tinyint(2) NOT NULL DEFAULT '0' COMMENT '证件属性',
  `exhibition_id` int(11) NOT NULL DEFAULT '0' COMMENT '展会ID',
  `sort_order` tinyint(3) unsigned NOT NULL DEFAULT '0' COMMENT '显示顺序',
  `is_delete` tinyint(1) NOT NULL DEFAULT '0' COMMENT '是否删除',
  PRIMARY KEY (`id`),
  KEY `idx_exhibition_id` (`exhibition_id`) USING BTREE,
  KEY `idx_is_delete` (`is_delete`) USING BTREE
) ENGINE=InnoDB AUTO_INCREMENT=4 DEFAULT CHARSET=utf8 COLLATE=utf8_unicode_ci ROW_FORMAT=COMPACT;

/*Data for the table `zq_certificate_type` */

insert  into `zq_certificate_type`(`id`,`title`,`certificate_attribute`,`exhibition_id`,`sort_order`,`is_delete`) values (1,'观众1',3,1,0,1),(2,'观众',3,1,0,0),(3,'赠票',3,2,0,0);

/*Table structure for table `zq_channel_cat` */

DROP TABLE IF EXISTS `zq_channel_cat`;

CREATE TABLE `zq_channel_cat` (
  `id` int(11) NOT NULL AUTO_INCREMENT,
  `name` char(32) NOT NULL,
  `created_at` datetime DEFAULT NULL,
  `updated_at` datetime DEFAULT NULL,
  PRIMARY KEY (`id`)
) ENGINE=InnoDB DEFAULT CHARSET=utf8 ROW_FORMAT=COMPACT;

/*Data for the table `zq_channel_cat` */

/*Table structure for table `zq_channel_track` */

DROP TABLE IF EXISTS `zq_channel_track`;

CREATE TABLE `zq_channel_track` (
  `id` bigint(20) NOT NULL AUTO_INCREMENT COMMENT '自增编号',
  `exhibition_id` int(11) NOT NULL COMMENT '展会id',
  `page_id` int(11) NOT NULL COMMENT '页面类型id',
  `parameter` char(6) NOT NULL DEFAULT '' COMMENT '渠道参数',
  `remark` varchar(128) NOT NULL COMMENT '渠道说明',
  `organizer_id` int(11) NOT NULL DEFAULT '0' COMMENT '主办方id',
  `create_id` int(11) NOT NULL DEFAULT '0' COMMENT '本记录创建者id',
  `modify_id` int(11) NOT NULL DEFAULT '0' COMMENT '最后一次修改者id',
  `create_time` timestamp NOT NULL DEFAULT CURRENT_TIMESTAMP COMMENT '创建时间',
  `modify_time` timestamp NOT NULL DEFAULT '0000-00-00 00:00:00' COMMENT '最后一次修改时间',
  `is_del` tinyint(1) NOT NULL DEFAULT '0' COMMENT '是否删除',
  PRIMARY KEY (`id`),
  UNIQUE KEY `page_id` (`page_id`,`parameter`) USING BTREE,
  KEY `idx_is_del` (`is_del`) USING BTREE,
  KEY `exhibition_id` (`exhibition_id`) USING BTREE
) ENGINE=InnoDB AUTO_INCREMENT=3 DEFAULT CHARSET=utf8 ROW_FORMAT=COMPACT;

/*Data for the table `zq_channel_track` */

insert  into `zq_channel_track`(`id`,`exhibition_id`,`page_id`,`parameter`,`remark`,`organizer_id`,`create_id`,`modify_id`,`create_time`,`modify_time`,`is_del`) values (1,1,1,'','官方渠道',0,0,0,'2016-09-21 18:12:29','2016-09-21 18:12:29',0),(2,2,2,'','官方渠道',0,0,0,'2016-09-24 15:12:11','2016-09-24 15:12:11',0);

/*Table structure for table `zq_collect` */

DROP TABLE IF EXISTS `zq_collect`;

CREATE TABLE `zq_collect` (
  `id` int(10) unsigned NOT NULL AUTO_INCREMENT,
  `exhibition_id` int(11) unsigned NOT NULL DEFAULT '0' COMMENT '关注的展会ID',
  `create_time` timestamp NOT NULL DEFAULT CURRENT_TIMESTAMP,
  PRIMARY KEY (`id`)
) ENGINE=InnoDB DEFAULT CHARSET=utf8 COLLATE=utf8_unicode_ci ROW_FORMAT=COMPACT;

/*Data for the table `zq_collect` */

/*Table structure for table `zq_comment` */

DROP TABLE IF EXISTS `zq_comment`;

CREATE TABLE `zq_comment` (
  `id` bigint(20) NOT NULL AUTO_INCREMENT,
  `table_name` char(26) NOT NULL,
  `table_id` int(11) NOT NULL,
  `content` text NOT NULL,
  `parent_id` bigint(20) NOT NULL,
  `member_id` int(11) NOT NULL,
  `created_at` int(10) NOT NULL,
  PRIMARY KEY (`id`)
) ENGINE=InnoDB DEFAULT CHARSET=utf8 ROW_FORMAT=COMPACT;

/*Data for the table `zq_comment` */

/*Table structure for table `zq_contactus` */

DROP TABLE IF EXISTS `zq_contactus`;

CREATE TABLE `zq_contactus` (
  `id` int(11) NOT NULL AUTO_INCREMENT,
  `company` varchar(100) COLLATE utf8_unicode_ci DEFAULT NULL,
  `name` varchar(100) COLLATE utf8_unicode_ci DEFAULT NULL,
  `mobile` char(15) COLLATE utf8_unicode_ci DEFAULT NULL COMMENT '电话号码',
  `contactus` text CHARACTER SET utf8,
  `job` varchar(100) COLLATE utf8_unicode_ci DEFAULT NULL,
  `create_time` datetime DEFAULT NULL,
  PRIMARY KEY (`id`)
) ENGINE=InnoDB DEFAULT CHARSET=utf8 COLLATE=utf8_unicode_ci ROW_FORMAT=COMPACT;

/*Data for the table `zq_contactus` */

/*Table structure for table `zq_control_sale_ticket` */

DROP TABLE IF EXISTS `zq_control_sale_ticket`;

CREATE TABLE `zq_control_sale_ticket` (
  `id` int(11) NOT NULL AUTO_INCREMENT COMMENT '自增id',
  `exhibition_id` int(11) NOT NULL COMMENT '展会id',
  `type` int(11) NOT NULL DEFAULT '1' COMMENT '限制类型：1、免费票、2、一元票',
  `limit_total_tickets` int(11) NOT NULL DEFAULT '0' COMMENT '限购总票数',
  `limit_day_tickets` int(11) NOT NULL DEFAULT '0' COMMENT '日限购总票数',
  `buy_start_time` int(11) NOT NULL COMMENT '购票开始时间 unix时间戳',
  `buy_end_time` int(11) NOT NULL COMMENT '购票结束时间 unix时间戳',
  `updated_time` int(11) NOT NULL COMMENT '记录修改时间 unix时间戳',
  `created_time` int(11) NOT NULL COMMENT '记录创建时间 unix时间戳',
  `modified_by` int(11) NOT NULL COMMENT '修改者',
  PRIMARY KEY (`id`)
) ENGINE=InnoDB DEFAULT CHARSET=utf8 COLLATE=utf8_bin ROW_FORMAT=COMPACT;

/*Data for the table `zq_control_sale_ticket` */

/*Table structure for table `zq_customer` */

DROP TABLE IF EXISTS `zq_customer`;

CREATE TABLE `zq_customer` (
  `id` int(11) unsigned NOT NULL AUTO_INCREMENT COMMENT 'id',
  `type` tinyint(1) unsigned NOT NULL DEFAULT '1' COMMENT '客户类型',
  `exhibition_id` int(11) unsigned NOT NULL DEFAULT '1' COMMENT '展会id',
  `name` varbinary(32) NOT NULL COMMENT '姓名',
  `sex` tinyint(1) NOT NULL DEFAULT '1' COMMENT '称谓',
  `mobile` varchar(32) NOT NULL COMMENT '手机',
  `email` varchar(64) NOT NULL COMMENT '邮箱',
  `company_name` varchar(255) NOT NULL COMMENT '单位名称',
  `position` varchar(255) NOT NULL COMMENT '职务',
  `company_type_id` tinyint(1) unsigned DEFAULT '1' COMMENT '公司类型',
  `department` varchar(255) DEFAULT NULL COMMENT '部门',
  `phone` varchar(32) DEFAULT NULL COMMENT '电话',
  `fax` varchar(32) DEFAULT NULL COMMENT '传真',
  `url` varchar(255) DEFAULT NULL COMMENT '网址',
  `country` int(11) DEFAULT '1',
  `province` varchar(64) DEFAULT NULL COMMENT '省id',
  `city` varchar(64) DEFAULT NULL COMMENT '市id',
  `district` varchar(64) DEFAULT NULL COMMENT '区id',
  `remark` text COMMENT '备注',
  `address` varchar(255) DEFAULT NULL COMMENT '地址',
  `created_at` int(11) NOT NULL COMMENT '创建时间',
  `updated_at` int(11) NOT NULL COMMENT '更新时间',
  `status` tinyint(1) DEFAULT '0' COMMENT '0:待审1、通过、9、驳回',
  `rejected_reason` text COMMENT '拒绝原因',
  PRIMARY KEY (`id`),
  KEY `name` (`name`),
  KEY `exhibition_id` (`exhibition_id`),
  KEY `mobile` (`mobile`),
  KEY `company_type_id` (`company_type_id`),
  KEY `province` (`province`),
  KEY `city` (`city`),
  KEY `countrys` (`district`)
) ENGINE=InnoDB AUTO_INCREMENT=17 DEFAULT CHARSET=utf8;

/*Data for the table `zq_customer` */

insert  into `zq_customer`(`id`,`type`,`exhibition_id`,`name`,`sex`,`mobile`,`email`,`company_name`,`position`,`company_type_id`,`department`,`phone`,`fax`,`url`,`country`,`province`,`city`,`district`,`remark`,`address`,`created_at`,`updated_at`,`status`,`rejected_reason`) values (5,1,1,'姓名1',1,'15807150051','aqing@qq.com','单位名称','职务',1,NULL,'电话',NULL,NULL,1,'0','0','0',NULL,NULL,1474633300,1474695506,1,NULL),(6,1,1,'姓名2',1,'15807150050','aqing@qq.com','单位名称','职务',1,NULL,'电话',NULL,NULL,1,'0','0','0',NULL,NULL,1474633452,1474695510,1,NULL),(7,1,1,'姓名3',1,'15807150057','aqing@qq3.com','单位名称','职务',1,NULL,'电话',NULL,NULL,1,'湖北省','咸宁市','咸宁',NULL,NULL,1474633625,1474705301,1,NULL),(8,1,1,'张默默',1,'18502756288','qwer@qq.com','尚格会展','job',1,NULL,'027-88452147',NULL,NULL,1,'辽宁','沈阳','沈河区',NULL,'发生大幅度释放官方公告',1474634103,1474705303,1,NULL),(9,1,1,'dsd',1,'18500000001','dsadas@qq.com','dsadsa','dasdsa',1,NULL,'46546',NULL,NULL,1,'湖北','武汉','江岸区',NULL,'是发达省份地方',1474687549,1474705305,1,NULL),(10,1,1,'防守对方',1,'18500000002','1646@qq.com','辅导费','发达省份但是',1,NULL,'广泛大概奋斗',NULL,NULL,1,'北京','海淀区','',NULL,'个风格豆腐干',1474687664,1474705307,1,NULL),(11,1,1,'二恶',1,'18500000003','156464@qq.com','惹我','热舞认为',1,NULL,'15648',NULL,NULL,1,'北京','东城区','',NULL,'防辐射的发生地方',1474688386,1474714700,1,NULL),(12,1,1,'姓名1',1,'15807150053','aqing@qq.com','单位名称','职务',1,NULL,'电话',NULL,NULL,1,'湖北省','咸宁市','咸宁',NULL,NULL,1474700582,1474700582,0,NULL),(13,1,1,'姓名1',1,'15807150012','aqing@qq.com','单位名称','职务',1,NULL,'电话',NULL,NULL,1,'湖北省','咸宁市','咸宁',NULL,NULL,1474704741,1474704741,0,NULL),(14,1,1,'姓名1',1,'15807150013','aqing@qq.com','单位名称','职务',1,NULL,'电话',NULL,NULL,1,'湖北省','咸宁市','咸宁',NULL,NULL,1474704852,1474705322,1,NULL),(15,1,1,'姓名1',1,'15807150011','aqing@qq.com','单位名称','职务',1,NULL,'电话',NULL,NULL,1,'湖北省','咸宁市','咸宁',NULL,NULL,1474711530,1474711530,0,NULL),(16,1,1,'123123',1,'13812341234','123123@aa.com','123123','123123',1,NULL,'123123',NULL,NULL,2550,'广西壮族自治区','柳州市','鱼峰区',NULL,'123123',1474712001,1474712001,0,NULL);

/*Table structure for table `zq_discountinfo` */

DROP TABLE IF EXISTS `zq_discountinfo`;

CREATE TABLE `zq_discountinfo` (
  `id` bigint(20) NOT NULL AUTO_INCREMENT,
  `exhibition_id` int(11) NOT NULL COMMENT '展会id',
  `car_brand_id` int(11) DEFAULT NULL COMMENT '汽车品牌id,主办方发布产品没有汽车品牌',
  `discount_title` varchar(60) COLLATE utf8_unicode_ci NOT NULL COMMENT '标题',
  `discount_thumb` varchar(255) COLLATE utf8_unicode_ci DEFAULT NULL COMMENT '优惠活动图片',
  `discount_content` text COLLATE utf8_unicode_ci NOT NULL COMMENT '优惠活动内容',
  `company_name` varchar(150) COLLATE utf8_unicode_ci NOT NULL COMMENT '单位名称',
  `check_status` tinyint(1) NOT NULL DEFAULT '0' COMMENT '审核状态0待审核，1通过，2驳回',
  `reject_reason` text COLLATE utf8_unicode_ci COMMENT '驳回理由',
  `joiner_id` int(11) DEFAULT NULL COMMENT '参展商id',
  `organizer_id` int(11) DEFAULT NULL COMMENT '主办方id',
  `member_id` int(11) NOT NULL COMMENT '创建者id/用户id',
  `add_time` datetime NOT NULL COMMENT '添加时间',
  `update_time` datetime DEFAULT NULL COMMENT '修改时间',
  `discount_or_product` tinyint(1) NOT NULL COMMENT '优惠信息或产品发布，1为优惠信息，2为产品发布',
  `is_need_check` tinyint(1) NOT NULL COMMENT '是否需要审核 1是，0否，主办方发布产品不需审核',
  `show_order` int(3) DEFAULT '0',
  PRIMARY KEY (`id`),
  KEY `exhibition_id` (`exhibition_id`) USING BTREE,
  KEY `car_brand_id` (`car_brand_id`) USING BTREE,
  KEY `joiner_id` (`joiner_id`) USING BTREE,
  KEY `member_id` (`member_id`) USING BTREE,
  KEY `show_order` (`show_order`) USING BTREE
) ENGINE=InnoDB DEFAULT CHARSET=utf8 COLLATE=utf8_unicode_ci ROW_FORMAT=COMPACT;

/*Data for the table `zq_discountinfo` */

/*Table structure for table `zq_discountinfo_comment` */

DROP TABLE IF EXISTS `zq_discountinfo_comment`;

CREATE TABLE `zq_discountinfo_comment` (
  `id` int(11) NOT NULL AUTO_INCREMENT,
  `infoid` int(11) DEFAULT NULL COMMENT '优惠活动或商品记录id',
  `rid` int(11) DEFAULT NULL COMMENT '评论记录id',
  `replymemberId` int(11) DEFAULT NULL COMMENT '回复人id',
  `memberId` int(11) DEFAULT NULL COMMENT '评论人id',
  `exhibitionId` int(11) DEFAULT NULL COMMENT '展会id',
  `comment` longtext COLLATE utf8_unicode_ci COMMENT '评论或回复的内容',
  `created` datetime DEFAULT NULL COMMENT '发布时间',
  `status` int(11) DEFAULT NULL COMMENT '评论类型：0，回复类型：1',
  PRIMARY KEY (`id`)
) ENGINE=InnoDB DEFAULT CHARSET=utf8 COLLATE=utf8_unicode_ci ROW_FORMAT=COMPACT;

/*Data for the table `zq_discountinfo_comment` */

/*Table structure for table `zq_exhibition` */

DROP TABLE IF EXISTS `zq_exhibition`;

CREATE TABLE `zq_exhibition` (
  `id` int(11) unsigned NOT NULL AUTO_INCREMENT,
  `organizer_id` int(11) unsigned NOT NULL COMMENT '举办方id',
  `title` varchar(256) NOT NULL DEFAULT '',
  `industry_id` int(10) unsigned NOT NULL DEFAULT '0' COMMENT '展会行业',
  `area_id` int(10) unsigned NOT NULL DEFAULT '0' COMMENT '展会所属地区',
  `provinces` int(11) DEFAULT '0' COMMENT '省',
  `citys` int(11) DEFAULT '0' COMMENT '市',
  `countrys` int(11) DEFAULT '0' COMMENT '区',
  `addr` varchar(64) NOT NULL DEFAULT '' COMMENT '展会地址',
  `detail` text NOT NULL COMMENT '展会详情介绍',
  `ticket_background_url` varchar(256) NOT NULL DEFAULT '' COMMENT '票面背景图片',
  `ticket_ad_img` varchar(255) NOT NULL DEFAULT '' COMMENT '广告图片',
  `create_time` timestamp NOT NULL DEFAULT CURRENT_TIMESTAMP COMMENT '创建时间',
  `update_time` timestamp NOT NULL DEFAULT '0000-00-00 00:00:00' COMMENT '修改时间',
  `status` tinyint(3) unsigned NOT NULL DEFAULT '0' COMMENT '状态码, 0:待审核, 1:同意,2:禁用,9:不同意',
  `alipay_id` int(11) DEFAULT '0' COMMENT '支付宝信息关联id',
  `wechat_id` int(11) DEFAULT '0' COMMENT '公众号信息管理id',
  `start_time` date DEFAULT NULL,
  `end_time` date DEFAULT NULL,
  `buy_module` char(50) DEFAULT NULL COMMENT '购买模块',
  `pic` varchar(128) DEFAULT NULL COMMENT '展会主图',
  `opening_time` varchar(50) DEFAULT NULL COMMENT '展会每日开放时间',
  `logo` varchar(128) DEFAULT '' COMMENT '展会logo',
  `ticket_flag` int(11) unsigned DEFAULT '0',
  `daily_open_time` char(10) DEFAULT NULL COMMENT '每日开展时间',
  `daily_close_time` char(10) DEFAULT NULL COMMENT '每日闭展时间',
  `service_tel` varchar(100) DEFAULT NULL COMMENT '服务电话',
  `limit_total_tickets` int(6) DEFAULT '0' COMMENT '购票总量限制',
  `limit_day_tickets` int(6) DEFAULT '0' COMMENT '每日购票总量限制',
  `buy_start_time` int(11) DEFAULT '0' COMMENT '每日购票开始时间',
  `buy_end_time` int(11) DEFAULT '0' COMMENT '每日购票结束时间',
  `free_buy_start_time` int(11) DEFAULT '0' COMMENT '免费每日购票开始时间',
  `free_buy_end_time` int(11) DEFAULT '0' COMMENT '免费每日购票结束时间',
  `limit_total_tickets_free` int(6) DEFAULT '0' COMMENT '免费票总量限制张数',
  `limit_day_tickets_free` int(6) DEFAULT '0' COMMENT '免费票每日购票总量限制张数',
  `is_check_identify` tinyint(1) NOT NULL DEFAULT '0' COMMENT '是否验证身份证： 0：不验证   1：需要验证',
  `limit_ad_pc_buy_ticket` tinyint(1) NOT NULL DEFAULT '5' COMMENT 'PC购票广告图限制',
  `limit_ad_m_buy_ticket` tinyint(1) NOT NULL DEFAULT '5' COMMENT 'M端购票广告图限制',
  `limit_ad_ticket` tinyint(1) NOT NULL DEFAULT '5' COMMENT '电子票广告图限制',
  PRIMARY KEY (`id`),
  KEY `industry_id` (`industry_id`) USING BTREE,
  KEY `area_id` (`area_id`) USING BTREE,
  KEY `idx_organizer_id` (`organizer_id`) USING BTREE,
  CONSTRAINT `zq_exhibition_ibfk_1` FOREIGN KEY (`industry_id`) REFERENCES `zq_industry` (`id`) ON DELETE CASCADE ON UPDATE CASCADE,
  CONSTRAINT `zq_exhibition_ibfk_2` FOREIGN KEY (`area_id`) REFERENCES `zq_area` (`id`) ON DELETE CASCADE ON UPDATE CASCADE
) ENGINE=InnoDB AUTO_INCREMENT=3 DEFAULT CHARSET=utf8 ROW_FORMAT=COMPACT;

/*Data for the table `zq_exhibition` */

insert  into `zq_exhibition`(`id`,`organizer_id`,`title`,`industry_id`,`area_id`,`provinces`,`citys`,`countrys`,`addr`,`detail`,`ticket_background_url`,`ticket_ad_img`,`create_time`,`update_time`,`status`,`alipay_id`,`wechat_id`,`start_time`,`end_time`,`buy_module`,`pic`,`opening_time`,`logo`,`ticket_flag`,`daily_open_time`,`daily_close_time`,`service_tel`,`limit_total_tickets`,`limit_day_tickets`,`buy_start_time`,`buy_end_time`,`free_buy_start_time`,`free_buy_end_time`,`limit_total_tickets_free`,`limit_day_tickets_free`,`is_check_identify`,`limit_ad_pc_buy_ticket`,`limit_ad_m_buy_ticket`,`limit_ad_ticket`) values (1,1,'西部博览会',6,1,15,200,1916,'测试','<p>测试</p>','','','2016-09-21 18:13:52','2016-09-23 10:35:08',1,NULL,NULL,'2016-09-21','2016-09-30',NULL,NULL,NULL,'',0,'09:00','17:30','4008888888',0,0,0,0,0,0,0,0,0,5,5,5),(2,1,'西部2',6,1,17,234,2212,'啊都是发的撒','<p>是否法师答复</p>','','','2016-09-24 15:13:57','2016-09-24 15:11:48',1,NULL,NULL,'2016-09-24','2016-09-30',NULL,NULL,NULL,'',0,'09:00','17:30','50000',0,0,0,0,0,0,0,0,0,5,5,5);

/*Table structure for table `zq_exhibition_discount` */

DROP TABLE IF EXISTS `zq_exhibition_discount`;

CREATE TABLE `zq_exhibition_discount` (
  `id` int(10) unsigned NOT NULL AUTO_INCREMENT,
  `exhibition_id` int(11) unsigned NOT NULL DEFAULT '0' COMMENT '展会ID',
  `cat` tinyint(3) NOT NULL DEFAULT '0' COMMENT '优惠活动种类，0:免费, 1:一元',
  `title` varchar(256) NOT NULL DEFAULT '' COMMENT '活动名称',
  `start_time` datetime NOT NULL COMMENT '优惠活动开始时间',
  `end_time` datetime NOT NULL COMMENT '优惠活动结束时间',
  `discount_price` int(11) unsigned NOT NULL DEFAULT '0' COMMENT '优惠后的价格，以分为单位',
  `amount_limit` int(11) unsigned NOT NULL DEFAULT '0' COMMENT '优惠票限额',
  PRIMARY KEY (`id`),
  KEY `idx_exhibition_id` (`exhibition_id`) USING BTREE,
  CONSTRAINT `zq_exhibition_discount_ibfk_1` FOREIGN KEY (`exhibition_id`) REFERENCES `zq_exhibition` (`id`) ON DELETE CASCADE ON UPDATE CASCADE
) ENGINE=InnoDB DEFAULT CHARSET=utf8 ROW_FORMAT=COMPACT;

/*Data for the table `zq_exhibition_discount` */

/*Table structure for table `zq_exhibition_image` */

DROP TABLE IF EXISTS `zq_exhibition_image`;

CREATE TABLE `zq_exhibition_image` (
  `id` bigint(20) NOT NULL AUTO_INCREMENT COMMENT '自增id',
  `exhibition_id` int(11) DEFAULT NULL COMMENT '展会id',
  `image_url` varchar(255) CHARACTER SET utf8 NOT NULL DEFAULT '' COMMENT '图片url',
  `type` varchar(255) COLLATE utf8_bin NOT NULL DEFAULT '' COMMENT '图片类型',
  `text` varchar(255) COLLATE utf8_bin DEFAULT NULL COMMENT '图片说明',
  `sort` int(11) DEFAULT '0' COMMENT '排序',
  `valid_status` int(11) DEFAULT '0' COMMENT '状态 1:发布 0:未发布',
  `created_at` datetime NOT NULL COMMENT '记录创建时间',
  `updated_at` datetime DEFAULT NULL COMMENT '记录修改时间',
  `modified_by` varchar(50) COLLATE utf8_bin NOT NULL COMMENT '修改者',
  `path` varchar(255) COLLATE utf8_bin DEFAULT NULL,
  PRIMARY KEY (`id`),
  KEY `exhibition_id` (`exhibition_id`) USING BTREE,
  KEY `type` (`type`) USING BTREE
) ENGINE=InnoDB DEFAULT CHARSET=utf8 COLLATE=utf8_bin ROW_FORMAT=COMPACT;

/*Data for the table `zq_exhibition_image` */

/*Table structure for table `zq_exhibition_sms_set` */

DROP TABLE IF EXISTS `zq_exhibition_sms_set`;

CREATE TABLE `zq_exhibition_sms_set` (
  `id` int(11) NOT NULL AUTO_INCREMENT,
  `exhibition_id` int(11) NOT NULL COMMENT '展会id',
  `sms` char(255) CHARACTER SET utf8 NOT NULL,
  `send_type` tinyint(1) NOT NULL COMMENT '1、购票发送  2、入场发送',
  `create_time` datetime NOT NULL DEFAULT '0000-00-00 00:00:00',
  `create_by` int(11) NOT NULL,
  `modify_by` int(11) NOT NULL,
  `modify_time` timestamp NOT NULL DEFAULT CURRENT_TIMESTAMP ON UPDATE CURRENT_TIMESTAMP,
  PRIMARY KEY (`id`),
  UNIQUE KEY `exhibition_id` (`exhibition_id`) USING BTREE
) ENGINE=InnoDB DEFAULT CHARSET=utf8 COLLATE=utf8_unicode_ci ROW_FORMAT=COMPACT;

/*Data for the table `zq_exhibition_sms_set` */

/*Table structure for table `zq_form` */

DROP TABLE IF EXISTS `zq_form`;

CREATE TABLE `zq_form` (
  `id` int(11) NOT NULL AUTO_INCREMENT,
  `label` varchar(30) CHARACTER SET utf8 NOT NULL COMMENT '标签名称',
  `form_type` tinyint(1) NOT NULL COMMENT '表单类型1、单行文本2、多行文本3、单选4、多选5、下拉菜单6、联动子菜单',
  `child_id` int(11) NOT NULL DEFAULT '0' COMMENT '联动菜单的子项目id',
  `exhibition_id` int(11) NOT NULL COMMENT '展会id',
  `prompt` varchar(50) CHARACTER SET utf8 NOT NULL DEFAULT '0' COMMENT '提示语',
  `page_id` int(11) NOT NULL COMMENT '页面id',
  `is_required` tinyint(1) NOT NULL DEFAULT '0' COMMENT '字段是否必填：1、必填；0、选填',
  `is_system` tinyint(1) NOT NULL DEFAULT '0' COMMENT '是否系统默认字段：1、是；0、否，系统默认字段不可删',
  PRIMARY KEY (`id`),
  KEY `idx_form_type` (`form_type`) USING BTREE,
  KEY `idx_exhibition_id` (`exhibition_id`) USING BTREE,
  KEY `idx_page_id` (`page_id`) USING BTREE
) ENGINE=InnoDB AUTO_INCREMENT=27 DEFAULT CHARSET=utf8 COLLATE=utf8_unicode_ci ROW_FORMAT=COMPACT;

/*Data for the table `zq_form` */

insert  into `zq_form`(`id`,`label`,`form_type`,`child_id`,`exhibition_id`,`prompt`,`page_id`,`is_required`,`is_system`) values (1,'姓名',1,0,1,'姓名【必填】',1,1,1),(2,'手机号码',1,0,1,'手机号码【必填】',1,1,1),(3,'图形验证码',1,0,1,'数字验证码【必填】',1,1,1),(4,'手机验证码',1,0,1,'手机验证码【必填】',1,1,1),(5,'身份证号',1,0,1,'【选填】凭身份证号领奖',1,0,1),(6,'预购品牌',5,0,1,'请选择预购品牌',1,1,1),(7,'预购车型',5,0,1,'请选择预购车型',1,1,1),(8,'单位名称',1,0,1,'单位名称',1,0,1),(9,'职务',1,0,1,'职务',1,0,1),(10,'电话号码',1,0,1,'电话号码',1,0,1),(11,'邮箱',1,0,1,'邮箱',1,0,1),(12,'地址',1,0,1,'地址',1,0,1),(14,'企业类型',1,0,1,'企业类型',1,0,1),(15,'参展目的',1,0,2,'参展目的',2,0,1),(16,'得知途径',1,0,2,'得知途径',2,0,1),(17,'姓名',1,0,2,'姓名【必填】',2,1,1),(18,'手机号码',1,0,2,'手机号码【必填】',2,1,1),(19,'图形验证码',1,0,2,'数字验证码【必填】',2,1,1),(20,'手机验证码',1,0,2,'手机验证码【必填】',2,1,1),(21,'身份证号',1,0,2,'【选填】凭身份证号领奖',2,0,1),(22,'预购品牌',5,0,2,'请选择预购品牌',2,1,1),(23,'预购车型',5,0,2,'请选择预购车型',2,1,1),(24,'参展目的',4,0,1,'0',1,0,0),(25,'得知途径',4,0,1,'0',1,0,0);

/*Table structure for table `zq_form_data` */

DROP TABLE IF EXISTS `zq_form_data`;

CREATE TABLE `zq_form_data` (
  `id` bigint(20) NOT NULL AUTO_INCREMENT COMMENT '序号',
  `form_id` int(11) NOT NULL COMMENT '对应form表中的id',
  `form_answer` varchar(128) DEFAULT NULL COMMENT '用户在表单页输入的信息',
  `uuid` varchar(36) NOT NULL COMMENT '订单号',
  `wx_appid` varchar(32) NOT NULL COMMENT 'wx_appid',
  `wx_mch_id` varchar(32) NOT NULL COMMENT '商户号',
  PRIMARY KEY (`id`),
  KEY `form_id` (`form_id`) USING BTREE,
  KEY `uuid` (`uuid`) USING BTREE,
  KEY `form_answer` (`form_answer`)
) ENGINE=InnoDB AUTO_INCREMENT=1312 DEFAULT CHARSET=utf8 ROW_FORMAT=COMPACT;

/*Data for the table `zq_form_data` */

insert  into `zq_form_data`(`id`,`form_id`,`form_answer`,`uuid`,`wx_appid`,`wx_mch_id`) values (1,1,'来解决','1474597543431569N1','0','0'),(2,2,'18611698240','1474597543431569N1','0','0'),(3,3,'25at','1474597543431569N1','0','0'),(4,4,'302179','1474597543431569N1','0','0'),(5,8,'单位','1474597543431569N1','0','0'),(6,9,'职务','1474597543431569N1','0','0'),(7,10,'电话','1474597543431569N1','0','0'),(8,11,'邮箱','1474597543431569N1','0','0'),(9,12,'地址','1474597543431569N1','0','0'),(10,14,'2','1474597543431569N1','0','0'),(11,15,'3','1474597543431569N1','0','0'),(12,16,'4','1474597543431569N1','0','0'),(13,6,'70','1474597543431569N1','0','0'),(14,7,'英朗GT','1474597543431569N1','0','0'),(15,1,'来解决','1474597569612409N1','0','0'),(16,2,'18611698240','1474597569612409N1','0','0'),(17,3,'25at','1474597569612409N1','0','0'),(18,4,'302179','1474597569612409N1','0','0'),(19,8,'单位','1474597569612409N1','0','0'),(20,9,'职务','1474597569612409N1','0','0'),(21,10,'电话','1474597569612409N1','0','0'),(22,11,'邮箱','1474597569612409N1','0','0'),(23,12,'地址','1474597569612409N1','0','0'),(24,14,'2','1474597569612409N1','0','0'),(25,15,'3','1474597569612409N1','0','0'),(26,16,'4','1474597569612409N1','0','0'),(27,6,'70','1474597569612409N1','0','0'),(28,7,'英朗GT','1474597569612409N1','0','0'),(29,1,'来解决','1474597594251497N1','0','0'),(30,2,'18611698240','1474597594251497N1','0','0'),(31,3,'25at','1474597594251497N1','0','0'),(32,4,'302179','1474597594251497N1','0','0'),(33,8,'单位','1474597594251497N1','0','0'),(34,9,'职务','1474597594251497N1','0','0'),(35,10,'电话','1474597594251497N1','0','0'),(36,11,'邮箱','1474597594251497N1','0','0'),(37,12,'地址','1474597594251497N1','0','0'),(38,14,'2','1474597594251497N1','0','0'),(39,15,'3','1474597594251497N1','0','0'),(40,16,'4','1474597594251497N1','0','0'),(41,6,'70','1474597594251497N1','0','0'),(42,7,'英朗GT','1474597594251497N1','0','0'),(43,1,'来解决','1474597679169845N1','0','0'),(44,2,'18611698240','1474597679169845N1','0','0'),(45,3,'25at','1474597679169845N1','0','0'),(46,4,'302179','1474597679169845N1','0','0'),(47,8,'单位','1474597679169845N1','0','0'),(48,9,'职务','1474597679169845N1','0','0'),(49,10,'电话','1474597679169845N1','0','0'),(50,11,'邮箱','1474597679169845N1','0','0'),(51,12,'地址','1474597679169845N1','0','0'),(52,14,'2','1474597679169845N1','0','0'),(53,15,'3','1474597679169845N1','0','0'),(54,16,'4','1474597679169845N1','0','0'),(55,6,'70','1474597679169845N1','0','0'),(56,7,'英朗GT','1474597679169845N1','0','0'),(57,1,'来解决','1474597742270146N1','0','0'),(58,2,'18611698240','1474597742270146N1','0','0'),(59,3,'25at','1474597742270146N1','0','0'),(60,4,'302179','1474597742270146N1','0','0'),(61,8,'单位','1474597742270146N1','0','0'),(62,9,'职务','1474597742270146N1','0','0'),(63,10,'电话','1474597742270146N1','0','0'),(64,11,'邮箱','1474597742270146N1','0','0'),(65,12,'地址','1474597742270146N1','0','0'),(66,14,'2','1474597742270146N1','0','0'),(67,15,'3','1474597742270146N1','0','0'),(68,16,'4','1474597742270146N1','0','0'),(69,6,'70','1474597742270146N1','0','0'),(70,7,'英朗GT','1474597742270146N1','0','0'),(71,1,'来解决','1474597898583496N1','0','0'),(72,2,'18611698240','1474597898583496N1','0','0'),(73,3,'25at','1474597898583496N1','0','0'),(74,4,'302179','1474597898583496N1','0','0'),(75,8,'单位','1474597898583496N1','0','0'),(76,9,'职务','1474597898583496N1','0','0'),(77,10,'电话','1474597898583496N1','0','0'),(78,11,'邮箱','1474597898583496N1','0','0'),(79,12,'地址','1474597898583496N1','0','0'),(80,14,'2','1474597898583496N1','0','0'),(81,15,'3','1474597898583496N1','0','0'),(82,16,'4','1474597898583496N1','0','0'),(83,6,'70','1474597898583496N1','0','0'),(84,7,'英朗GT','1474597898583496N1','0','0'),(85,1,'来解决','1474597972218364N1','0','0'),(86,2,'18611698240','1474597972218364N1','0','0'),(87,3,'25at','1474597972218364N1','0','0'),(88,4,'302179','1474597972218364N1','0','0'),(89,8,'单位','1474597972218364N1','0','0'),(90,9,'职务','1474597972218364N1','0','0'),(91,10,'电话','1474597972218364N1','0','0'),(92,11,'邮箱','1474597972218364N1','0','0'),(93,12,'地址','1474597972218364N1','0','0'),(94,14,'2','1474597972218364N1','0','0'),(95,15,'3','1474597972218364N1','0','0'),(96,16,'4','1474597972218364N1','0','0'),(97,6,'70','1474597972218364N1','0','0'),(98,7,'英朗GT','1474597972218364N1','0','0'),(99,1,'来解决','1474598000879620N1','0','0'),(100,2,'18611698240','1474598000879620N1','0','0'),(101,3,'25at','1474598000879620N1','0','0'),(102,4,'302179','1474598000879620N1','0','0'),(103,8,'单位','1474598000879620N1','0','0'),(104,9,'职务','1474598000879620N1','0','0'),(105,10,'电话','1474598000879620N1','0','0'),(106,11,'邮箱','1474598000879620N1','0','0'),(107,12,'地址','1474598000879620N1','0','0'),(108,14,'2','1474598000879620N1','0','0'),(109,15,'3','1474598000879620N1','0','0'),(110,16,'4','1474598000879620N1','0','0'),(111,6,'70','1474598000879620N1','0','0'),(112,7,'英朗GT','1474598000879620N1','0','0'),(113,1,'来解决','1474598014509746N1','0','0'),(114,2,'18611698240','1474598014509746N1','0','0'),(115,3,'25at','1474598014509746N1','0','0'),(116,4,'302179','1474598014509746N1','0','0'),(117,8,'单位','1474598014509746N1','0','0'),(118,9,'职务','1474598014509746N1','0','0'),(119,10,'电话','1474598014509746N1','0','0'),(120,11,'邮箱','1474598014509746N1','0','0'),(121,12,'地址','1474598014509746N1','0','0'),(122,14,'2','1474598014509746N1','0','0'),(123,15,'3','1474598014509746N1','0','0'),(124,16,'4','1474598014509746N1','0','0'),(125,6,'70','1474598014509746N1','0','0'),(126,7,'英朗GT','1474598014509746N1','0','0'),(127,1,'来解决','1474598062507236N1','0','0'),(128,2,'18611698240','1474598062507236N1','0','0'),(129,3,'25at','1474598062507236N1','0','0'),(130,4,'302179','1474598062507236N1','0','0'),(131,8,'单位','1474598062507236N1','0','0'),(132,9,'职务','1474598062507236N1','0','0'),(133,10,'电话','1474598062507236N1','0','0'),(134,11,'邮箱','1474598062507236N1','0','0'),(135,12,'地址','1474598062507236N1','0','0'),(136,14,'2','1474598062507236N1','0','0'),(137,15,'3','1474598062507236N1','0','0'),(138,16,'4','1474598062507236N1','0','0'),(139,6,'70','1474598062507236N1','0','0'),(140,7,'英朗GT','1474598062507236N1','0','0'),(141,1,'来解决','1474598249612078N1','0','0'),(142,2,'18611698240','1474598249612078N1','0','0'),(143,3,'25at','1474598249612078N1','0','0'),(144,4,'302179','1474598249612078N1','0','0'),(145,8,'单位','1474598249612078N1','0','0'),(146,9,'职务','1474598249612078N1','0','0'),(147,10,'电话','1474598249612078N1','0','0'),(148,11,'邮箱','1474598249612078N1','0','0'),(149,12,'地址','1474598249612078N1','0','0'),(150,14,'2','1474598249612078N1','0','0'),(151,15,'3','1474598249612078N1','0','0'),(152,16,'4','1474598249612078N1','0','0'),(153,6,'70','1474598249612078N1','0','0'),(154,7,'英朗GT','1474598249612078N1','0','0'),(155,1,'来解决','1474598307012486N1','0','0'),(156,2,'18611698240','1474598307012486N1','0','0'),(157,3,'25at','1474598307012486N1','0','0'),(158,4,'302179','1474598307012486N1','0','0'),(159,8,'单位','1474598307012486N1','0','0'),(160,9,'职务','1474598307012486N1','0','0'),(161,10,'电话','1474598307012486N1','0','0'),(162,11,'邮箱','1474598307012486N1','0','0'),(163,12,'地址','1474598307012486N1','0','0'),(164,14,'2','1474598307012486N1','0','0'),(165,15,'3','1474598307012486N1','0','0'),(166,16,'4','1474598307012486N1','0','0'),(167,6,'70','1474598307012486N1','0','0'),(168,7,'英朗GT','1474598307012486N1','0','0'),(169,1,'高政平','1474598318376852N1','0','0'),(170,2,'13707174435','1474598318376852N1','0','0'),(171,3,'3bu2','1474598318376852N1','0','0'),(172,4,'0331','1474598318376852N1','0','0'),(173,5,'420104198101022010','1474598318376852N1','0','0'),(174,8,'尚格会展','1474598318376852N1','0','0'),(175,9,'经理','1474598318376852N1','0','0'),(176,10,'13707174435','1474598318376852N1','0','0'),(177,11,'39251361@qq.com','1474598318376852N1','0','0'),(178,12,'洪山广场','1474598318376852N1','0','0'),(179,13,'abc','1474598318376852N1','0','0'),(180,14,'经销商','1474598318376852N1','0','0'),(181,15,'采购新型产品','1474598318376852N1','0','0'),(182,16,'展商邀请','1474598318376852N1','0','0'),(183,6,'74','1474598318376852N1','0','0'),(184,7,'国际时尚生活馆','1474598318376852N1','0','0'),(185,1,'高政平','1474598438064592N1','0','0'),(186,2,'13707174435','1474598438064592N1','0','0'),(187,3,'ahau','1474598438064592N1','0','0'),(188,4,'7319','1474598438064592N1','0','0'),(189,5,'420104198101022010','1474598438064592N1','0','0'),(190,8,'尚格会展','1474598438064592N1','0','0'),(191,9,'经理','1474598438064592N1','0','0'),(192,10,'13707174435','1474598438064592N1','0','0'),(193,11,'39251361@qq.com','1474598438064592N1','0','0'),(194,12,'洪山广场','1474598438064592N1','0','0'),(195,13,'abc','1474598438064592N1','0','0'),(196,14,'经销商','1474598438064592N1','0','0'),(197,15,'采购新型产品','1474598438064592N1','0','0'),(198,16,'展商邀请','1474598438064592N1','0','0'),(199,6,'74','1474598438064592N1','0','0'),(200,7,'国际时尚生活馆','1474598438064592N1','0','0'),(201,1,'测试','1474598529102964N1','0','0'),(202,2,'18611698240','1474598529102964N1','0','0'),(203,3,'vgn4','1474598529102964N1','0','0'),(204,4,'6989','1474598529102964N1','0','0'),(205,5,'420684198209090057','1474598529102964N1','0','0'),(206,8,'单位','1474598529102964N1','0','0'),(207,9,'职务','1474598529102964N1','0','0'),(208,10,'电话','1474598529102964N1','0','0'),(209,11,'邮箱','1474598529102964N1','0','0'),(210,12,'地址','1474598529102964N1','0','0'),(211,13,'展馆','1474598529102964N1','0','0'),(212,14,'类型','1474598529102964N1','0','0'),(213,15,'目的','1474598529102964N1','0','0'),(214,16,'途径','1474598529102964N1','0','0'),(215,0,'0','1474598529102964N1','0','0'),(216,6,'70','1474598529102964N1','0','0'),(217,7,'应急馆','1474598529102964N1','0','0'),(218,1,'测试','1474598577431569N1','0','0'),(219,2,'18611698240','1474598577431569N1','0','0'),(220,3,'tvga','1474598577431569N1','0','0'),(221,4,'7711','1474598577431569N1','0','0'),(222,5,'420684198209090057','1474598577431569N1','0','0'),(223,8,'单位','1474598577431569N1','0','0'),(224,9,'职务','1474598577431569N1','0','0'),(225,10,'电话','1474598577431569N1','0','0'),(226,11,'邮箱','1474598577431569N1','0','0'),(227,12,'地址','1474598577431569N1','0','0'),(228,13,'展馆','1474598577431569N1','0','0'),(229,14,'类型','1474598577431569N1','0','0'),(230,15,'目的','1474598577431569N1','0','0'),(231,16,'途径','1474598577431569N1','0','0'),(232,0,'0','1474598577431569N1','0','0'),(233,6,'70','1474598577431569N1','0','0'),(234,7,'应急馆','1474598577431569N1','0','0'),(235,1,'高政平','1474598507398516N1','0','0'),(236,2,'13707174435','1474598507398516N1','0','0'),(237,3,'tuvb','1474598507398516N1','0','0'),(238,4,'8759','1474598507398516N1','0','0'),(239,5,'420104198101022010','1474598507398516N1','0','0'),(240,8,'尚格会展','1474598507398516N1','0','0'),(241,9,'经理','1474598507398516N1','0','0'),(242,10,'13707174435','1474598507398516N1','0','0'),(243,11,'39251361@qq.com','1474598507398516N1','0','0'),(244,12,'洪山广场','1474598507398516N1','0','0'),(245,13,'abc','1474598507398516N1','0','0'),(246,14,'经销商','1474598507398516N1','0','0'),(247,15,'采购新型产品','1474598507398516N1','0','0'),(248,16,'展商邀请','1474598507398516N1','0','0'),(249,6,'74','1474598507398516N1','0','0'),(250,7,'国际时尚生活馆','1474598507398516N1','0','0'),(251,1,'ceshi','1474604614869412N1','0','0'),(252,2,'18611698240','1474604614869412N1','0','0'),(253,3,'mbk7','1474604614869412N1','0','0'),(254,4,'360981','1474604614869412N1','0','0'),(255,8,'danw','1474604614869412N1','0','0'),(256,9,'zhiw','1474604614869412N1','0','0'),(257,10,'dianh','1474604614869412N1','0','0'),(258,11,'youx','1474604614869412N1','0','0'),(259,12,'dizhi','1474604614869412N1','0','0'),(260,14,'2','1474604614869412N1','0','0'),(261,15,'3','1474604614869412N1','0','0'),(262,16,'4','1474604614869412N1','0','0'),(263,6,'70','1474604614869412N1','0','0'),(264,7,'英朗GT','1474604614869412N1','0','0'),(265,1,'ceshi','1474604764634152N1','0','0'),(266,2,'18611698240','1474604764634152N1','0','0'),(267,3,'mbk7','1474604764634152N1','0','0'),(268,4,'360981','1474604764634152N1','0','0'),(269,8,'danw','1474604764634152N1','0','0'),(270,9,'zhiw','1474604764634152N1','0','0'),(271,10,'dianh','1474604764634152N1','0','0'),(272,11,'youx','1474604764634152N1','0','0'),(273,12,'dizhi','1474604764634152N1','0','0'),(274,14,'2','1474604764634152N1','0','0'),(275,15,'3','1474604764634152N1','0','0'),(276,16,'4','1474604764634152N1','0','0'),(277,6,'70','1474604764634152N1','0','0'),(278,7,'英朗GT','1474604764634152N1','0','0'),(279,1,'ceshi','1474604812530814N1','0','0'),(280,2,'18611698240','1474604812530814N1','0','0'),(281,3,'mbk7','1474604812530814N1','0','0'),(282,4,'360981','1474604812530814N1','0','0'),(283,8,'danw','1474604812530814N1','0','0'),(284,9,'zhiw','1474604812530814N1','0','0'),(285,10,'dianh','1474604812530814N1','0','0'),(286,11,'youx','1474604812530814N1','0','0'),(287,12,'dizhi','1474604812530814N1','0','0'),(288,14,'2','1474604812530814N1','0','0'),(289,15,'3','1474604812530814N1','0','0'),(290,16,'4','1474604812530814N1','0','0'),(291,6,'70','1474604812530814N1','0','0'),(292,7,'英朗GT','1474604812530814N1','0','0'),(293,1,'ceshi','1474605182105786N1','0','0'),(294,2,'18611698240','1474605182105786N1','0','0'),(295,3,'mbk7','1474605182105786N1','0','0'),(296,4,'360981','1474605182105786N1','0','0'),(297,8,'danw','1474605182105786N1','0','0'),(298,9,'zhiw','1474605182105786N1','0','0'),(299,10,'dianh','1474605182105786N1','0','0'),(300,11,'youx','1474605182105786N1','0','0'),(301,12,'dizhi','1474605182105786N1','0','0'),(302,14,'2','1474605182105786N1','0','0'),(303,15,'3','1474605182105786N1','0','0'),(304,16,'4','1474605182105786N1','0','0'),(305,6,'70','1474605182105786N1','0','0'),(306,7,'英朗GT','1474605182105786N1','0','0'),(307,1,'ceshi','1474606401630945N1','0','0'),(308,2,'18611698240','1474606401630945N1','0','0'),(309,3,'mbk7','1474606401630945N1','0','0'),(310,4,'360981','1474606401630945N1','0','0'),(311,8,'danw','1474606401630945N1','0','0'),(312,9,'zhiw','1474606401630945N1','0','0'),(313,10,'dianh','1474606401630945N1','0','0'),(314,11,'youx','1474606401630945N1','0','0'),(315,12,'dizhi','1474606401630945N1','0','0'),(316,14,'2','1474606401630945N1','0','0'),(317,15,'3','1474606401630945N1','0','0'),(318,16,'4','1474606401630945N1','0','0'),(319,6,'70','1474606401630945N1','0','0'),(320,7,'英朗GT','1474606401630945N1','0','0'),(321,1,'ceshi','1474606550281379N1','0','0'),(322,2,'18611698240','1474606550281379N1','0','0'),(323,3,'mbk7','1474606550281379N1','0','0'),(324,4,'360981','1474606550281379N1','0','0'),(325,8,'danw','1474606550281379N1','0','0'),(326,9,'zhiw','1474606550281379N1','0','0'),(327,10,'dianh','1474606550281379N1','0','0'),(328,11,'youx','1474606550281379N1','0','0'),(329,12,'dizhi','1474606550281379N1','0','0'),(330,14,'2','1474606550281379N1','0','0'),(331,15,'3','1474606550281379N1','0','0'),(332,16,'4','1474606550281379N1','0','0'),(333,6,'70','1474606550281379N1','0','0'),(334,7,'英朗GT','1474606550281379N1','0','0'),(335,1,'ceshi','1474606566479621N1','0','0'),(336,2,'18611698240','1474606566479621N1','0','0'),(337,3,'mbk7','1474606566479621N1','0','0'),(338,4,'360981','1474606566479621N1','0','0'),(339,8,'danw','1474606566479621N1','0','0'),(340,9,'zhiw','1474606566479621N1','0','0'),(341,10,'dianh','1474606566479621N1','0','0'),(342,11,'youx','1474606566479621N1','0','0'),(343,12,'dizhi','1474606566479621N1','0','0'),(344,14,'2','1474606566479621N1','0','0'),(345,15,'3','1474606566479621N1','0','0'),(346,16,'4','1474606566479621N1','0','0'),(347,6,'70','1474606566479621N1','0','0'),(348,7,'英朗GT','1474606566479621N1','0','0'),(349,1,'ceshi','1474606643938671N1','0','0'),(350,2,'18611698240','1474606643938671N1','0','0'),(351,3,'mbk7','1474606643938671N1','0','0'),(352,4,'360981','1474606643938671N1','0','0'),(353,8,'danw','1474606643938671N1','0','0'),(354,9,'zhiw','1474606643938671N1','0','0'),(355,10,'dianh','1474606643938671N1','0','0'),(356,11,'youx','1474606643938671N1','0','0'),(357,12,'dizhi','1474606643938671N1','0','0'),(358,14,'2','1474606643938671N1','0','0'),(359,15,'3','1474606643938671N1','0','0'),(360,16,'4','1474606643938671N1','0','0'),(361,6,'70','1474606643938671N1','0','0'),(362,7,'英朗GT','1474606643938671N1','0','0'),(363,1,'测试','1474608252745093N1','0','0'),(364,2,'18611698240','1474608252745093N1','0','0'),(365,3,'8pdw','1474608252745093N1','0','0'),(366,4,'9845','1474608252745093N1','0','0'),(367,5,'420684198209090057','1474608252745093N1','0','0'),(368,8,'单位','1474608252745093N1','0','0'),(369,9,'职务','1474608252745093N1','0','0'),(370,10,'电话','1474608252745093N1','0','0'),(371,11,'邮箱','1474608252745093N1','0','0'),(372,12,'地址','1474608252745093N1','0','0'),(373,13,'展馆','1474608252745093N1','0','0'),(374,14,'企业','1474608252745093N1','0','0'),(375,15,'目的','1474608252745093N1','0','0'),(376,16,'途径','1474608252745093N1','0','0'),(377,6,'70','1474608252745093N1','0','0'),(378,7,'S30','1474608252745093N1','0','0'),(379,1,'liushu','1474616100874231N1','0','0'),(380,2,'18611698240','1474616100874231N1','0','0'),(381,3,'gtvs','1474616100874231N1','0','0'),(382,4,'469210','1474616100874231N1','0','0'),(383,8,'danw','1474616100874231N1','0','0'),(384,9,'zhiwu','1474616100874231N1','0','0'),(385,10,'dianh','1474616100874231N1','0','0'),(386,11,'youx','1474616100874231N1','0','0'),(387,12,'dizhi','1474616100874231N1','0','0'),(388,14,'2','1474616100874231N1','0','0'),(389,15,'3','1474616100874231N1','0','0'),(390,16,'4','1474616100874231N1','0','0'),(391,6,'70','1474616100874231N1','0','0'),(392,7,'英朗GT','1474616100874231N1','0','0'),(393,1,'谢尔丹','1474617233590741N1','0','0'),(394,2,'18611698240','1474617233590741N1','0','0'),(395,3,'s32r','1474617233590741N1','0','0'),(396,4,'745290','1474617233590741N1','0','0'),(397,8,'单位名称','1474617233590741N1','0','0'),(398,9,'职务','1474617233590741N1','0','0'),(399,10,'027-88888888','1474617233590741N1','0','0'),(400,11,'sheld@kj.com','1474617233590741N1','0','0'),(401,12,'中国武汉','1474617233590741N1','0','0'),(402,14,'2','1474617233590741N1','0','0'),(403,15,'3','1474617233590741N1','0','0'),(404,16,'4','1474617233590741N1','0','0'),(405,6,'70','1474617233590741N1','0','0'),(406,7,'英朗GT','1474617233590741N1','0','0'),(407,1,'姓名','1474620376926314N1','0','0'),(408,2,'18611698240','1474620376926314N1','0','0'),(409,3,'duxm','1474620376926314N1','0','0'),(410,4,'5499','1474620376926314N1','0','0'),(411,5,'420684198209090057','1474620376926314N1','0','0'),(412,8,'单位测试','1474620376926314N1','0','0'),(413,9,'职务测试','1474620376926314N1','0','0'),(414,10,'898989898','1474620376926314N1','0','0'),(415,11,'jjj@ccc.com','1474620376926314N1','0','0'),(416,12,'中国武汉','1474620376926314N1','0','0'),(417,13,'一般馆','1474620376926314N1','0','0'),(418,14,'私企','1474620376926314N1','0','0'),(419,15,'随便看看','1474620376926314N1','0','0'),(420,16,'网络','1474620376926314N1','0','0'),(421,6,'17','1474620376926314N1','0','0'),(422,7,'A60','1474620376926314N1','0','0'),(423,1,'test1','1474622782279506N1','0','0'),(424,2,'15111111111','1474622782279506N1','0','0'),(425,11,'邮箱1','1474622782279506N1','0','0'),(426,9,'职务1','1474622782279506N1','0','0'),(427,1,'test2','1474622782837051N1','0','0'),(428,2,'15122222222','1474622782837051N1','0','0'),(429,11,'邮箱2','1474622782837051N1','0','0'),(430,9,'职务2','1474622782837051N1','0','0'),(431,1,'test3','1474622782684597N1','0','0'),(432,2,'15133333333','1474622782684597N1','0','0'),(433,11,'邮箱3','1474622782684597N1','0','0'),(434,9,'职务3','1474622782684597N1','0','0'),(435,1,'柳树','1474623636937168N1','0','0'),(436,2,'18611698240','1474623636937168N1','0','0'),(437,3,'2hsp','1474623636937168N1','0','0'),(438,4,'7391','1474623636937168N1','0','0'),(439,5,'420684198209090057','1474623636937168N1','0','0'),(440,8,'单位','1474623636937168N1','0','0'),(441,9,'职务','1474623636937168N1','0','0'),(442,10,'88888888','1474623636937168N1','0','0'),(443,11,'adjfa@LKKJ.COM','1474623636937168N1','0','0'),(444,12,'中国武汉','1474623636937168N1','0','0'),(445,13,'一般馆','1474623636937168N1','0','0'),(446,14,'私企','1474623636937168N1','0','0'),(447,15,'随便看看','1474623636937168N1','0','0'),(448,16,'网络途径','1474623636937168N1','0','0'),(449,6,'74','1474623636937168N1','0','0'),(450,7,'国际时尚生活馆','1474623636937168N1','0','0'),(451,8,'单位','1474623788620487N1','0','0'),(452,10,'电话','1474623788620487N1','0','0'),(453,12,'地址','1474623788620487N1','0','0'),(454,1,'test1','1474623788620487N1','0','0'),(455,2,'15172329209','1474623788620487N1','0','0'),(456,11,'邮箱1','1474623788620487N1','0','0'),(457,9,'职务1','1474623788620487N1','0','0'),(458,8,'单位','1474624849843520N1','0','0'),(459,10,'电话','1474624849843520N1','0','0'),(460,12,'地址','1474624849843520N1','0','0'),(461,1,'test1','1474624849843520N1','0','0'),(462,2,'15172329209','1474624849843520N1','0','0'),(463,11,'邮箱1','1474624849843520N1','0','0'),(464,9,'职务1','1474624849843520N1','0','0'),(465,1,'姓名','1474625075190684N1','0','0'),(466,2,'18611698240','1474625075190684N1','0','0'),(467,3,'394f','1474625075190684N1','0','0'),(468,4,'5093','1474625075190684N1','0','0'),(469,5,'420684198209090057','1474625075190684N1','0','0'),(470,8,'单位','1474625075190684N1','0','0'),(471,9,'职务','1474625075190684N1','0','0'),(472,10,'7777777','1474625075190684N1','0','0'),(473,11,'jlksj@lkjk.com','1474625075190684N1','0','0'),(474,12,'address','1474625075190684N1','0','0'),(475,13,'一般馆','1474625075190684N1','0','0'),(476,14,'私企','1474625075190684N1','0','0'),(477,15,'参展目的','1474625075190684N1','0','0'),(478,16,'独特','1474625075190684N1','0','0'),(479,6,'75','1474625075190684N1','0','0'),(480,7,'虚拟现实VR馆','1474625075190684N1','0','0'),(481,1,'姓名','1474625223350247N1','0','0'),(482,2,'18611698240','1474625223350247N1','0','0'),(483,3,'kyk8','1474625223350247N1','0','0'),(484,4,'2100','1474625223350247N1','0','0'),(485,5,'420684198209090057','1474625223350247N1','0','0'),(486,8,'单位','1474625223350247N1','0','0'),(487,9,'职务','1474625223350247N1','0','0'),(488,10,'7777777','1474625223350247N1','0','0'),(489,11,'jlksj@lkjk.com','1474625223350247N1','0','0'),(490,12,'address','1474625223350247N1','0','0'),(491,13,'一般馆','1474625223350247N1','0','0'),(492,14,'私企','1474625223350247N1','0','0'),(493,15,'参展目的','1474625223350247N1','0','0'),(494,16,'独特','1474625223350247N1','0','0'),(495,6,'75','1474625223350247N1','0','0'),(496,7,'虚拟现实VR馆','1474625223350247N1','0','0'),(497,1,'姓名','1474625282638714N1','0','0'),(498,2,'18611698240','1474625282638714N1','0','0'),(499,3,'y7wh','1474625282638714N1','0','0'),(500,4,'9521','1474625282638714N1','0','0'),(501,5,'420684198209090057','1474625282638714N1','0','0'),(502,8,'单位','1474625282638714N1','0','0'),(503,9,'职务','1474625282638714N1','0','0'),(504,10,'7777777','1474625282638714N1','0','0'),(505,11,'jlksj@lkjk.com','1474625282638714N1','0','0'),(506,12,'address','1474625282638714N1','0','0'),(507,13,'一般馆','1474625282638714N1','0','0'),(508,14,'私企','1474625282638714N1','0','0'),(509,15,'参展目的','1474625282638714N1','0','0'),(510,16,'独特','1474625282638714N1','0','0'),(511,6,'75','1474625282638714N1','0','0'),(512,7,'虚拟现实VR馆','1474625282638714N1','0','0'),(513,1,'姓名','1474625468468701N1','0','0'),(514,2,'18611698240','1474625468468701N1','0','0'),(515,3,'awtd','1474625468468701N1','0','0'),(516,4,'2874','1474625468468701N1','0','0'),(517,5,'420684198209090057','1474625468468701N1','0','0'),(518,8,'单位','1474625468468701N1','0','0'),(519,9,'职务','1474625468468701N1','0','0'),(520,10,'7777777','1474625468468701N1','0','0'),(521,11,'jlksj@lkjk.com','1474625468468701N1','0','0'),(522,12,'address','1474625468468701N1','0','0'),(523,13,'一般馆','1474625468468701N1','0','0'),(524,14,'私企','1474625468468701N1','0','0'),(525,15,'参展目的','1474625468468701N1','0','0'),(526,16,'独特','1474625468468701N1','0','0'),(527,6,'75','1474625468468701N1','0','0'),(528,7,'虚拟现实VR馆','1474625468468701N1','0','0'),(529,8,'单位','1474626103243785N1','0','0'),(530,10,'电话','1474626103243785N1','0','0'),(531,12,'地址','1474626103243785N1','0','0'),(532,1,'test1','1474626103243785N1','0','0'),(533,2,'15172329209','1474626103243785N1','0','0'),(534,11,'邮箱1','1474626103243785N1','0','0'),(535,9,'职务1','1474626103243785N1','0','0'),(536,8,'单位','1474626196426790N1','0','0'),(537,10,'电话','1474626196426790N1','0','0'),(538,12,'地址','1474626196426790N1','0','0'),(539,1,'test1','1474626196426790N1','0','0'),(540,2,'15172329209','1474626196426790N1','0','0'),(541,11,'邮箱1','1474626196426790N1','0','0'),(542,9,'职务1','1474626196426790N1','0','0'),(543,8,'单位','1474626417164935N1','0','0'),(544,10,'电话','1474626417164935N1','0','0'),(545,12,'地址','1474626417164935N1','0','0'),(546,1,'test1','1474626417164935N1','0','0'),(547,2,'15100000000','1474626417164935N1','0','0'),(548,11,'邮箱1','1474626417164935N1','0','0'),(549,9,'职务1','1474626417164935N1','0','0'),(550,1,'姓名','1474626947370915N1','0','0'),(551,2,'18611698240','1474626947370915N1','0','0'),(552,3,'nzkf','1474626947370915N1','0','0'),(553,4,'7489','1474626947370915N1','0','0'),(554,5,'420684198209090057','1474626947370915N1','0','0'),(555,8,'单位','1474626947370915N1','0','0'),(556,9,'职务','1474626947370915N1','0','0'),(557,10,'7777777','1474626947370915N1','0','0'),(558,11,'jlksj@lkjk.com','1474626947370915N1','0','0'),(559,12,'address','1474626947370915N1','0','0'),(560,13,'一般馆','1474626947370915N1','0','0'),(561,14,'私企','1474626947370915N1','0','0'),(562,15,'参展目的','1474626947370915N1','0','0'),(563,16,'独特','1474626947370915N1','0','0'),(564,6,'75','1474626947370915N1','0','0'),(565,7,'虚拟现实VR馆','1474626947370915N1','0','0'),(566,1,'姓名','1474627523649120N1','0','0'),(567,2,'18611698240','1474627523649120N1','0','0'),(568,3,'dxxx','1474627523649120N1','0','0'),(569,4,'0709','1474627523649120N1','0','0'),(570,5,'420684198209090057','1474627523649120N1','0','0'),(571,8,'单位','1474627523649120N1','0','0'),(572,9,'职务','1474627523649120N1','0','0'),(573,10,'7777777','1474627523649120N1','0','0'),(574,11,'jlksj@lkjk.com','1474627523649120N1','0','0'),(575,12,'address','1474627523649120N1','0','0'),(576,13,'一般馆','1474627523649120N1','0','0'),(577,14,'私企','1474627523649120N1','0','0'),(578,15,'参展目的','1474627523649120N1','0','0'),(579,16,'独特','1474627523649120N1','0','0'),(580,6,'75','1474627523649120N1','0','0'),(581,7,'虚拟现实VR馆','1474627523649120N1','0','0'),(582,1,'姓名','1474627752024819N1','0','0'),(583,2,'18611698240','1474627752024819N1','0','0'),(584,3,'dn48','1474627752024819N1','0','0'),(585,4,'9092','1474627752024819N1','0','0'),(586,5,'420684198209090057','1474627752024819N1','0','0'),(587,8,'单位','1474627752024819N1','0','0'),(588,9,'职务','1474627752024819N1','0','0'),(589,10,'7777777','1474627752024819N1','0','0'),(590,11,'jlksj@lkjk.com','1474627752024819N1','0','0'),(591,12,'address','1474627752024819N1','0','0'),(592,13,'一般馆','1474627752024819N1','0','0'),(593,14,'私企','1474627752024819N1','0','0'),(594,15,'参展目的','1474627752024819N1','0','0'),(595,16,'独特','1474627752024819N1','0','0'),(596,6,'75','1474627752024819N1','0','0'),(597,7,'虚拟现实VR馆','1474627752024819N1','0','0'),(598,1,'姓名','1474628085746029N1','0','0'),(599,2,'18611698240','1474628085746029N1','0','0'),(600,3,'mbcx','1474628085746029N1','0','0'),(601,4,'4898','1474628085746029N1','0','0'),(602,5,'420684198209090057','1474628085746029N1','0','0'),(603,8,'单位','1474628085746029N1','0','0'),(604,9,'职务','1474628085746029N1','0','0'),(605,10,'7777777','1474628085746029N1','0','0'),(606,11,'jlksj@lkjk.com','1474628085746029N1','0','0'),(607,12,'address','1474628085746029N1','0','0'),(608,13,'一般馆','1474628085746029N1','0','0'),(609,14,'私企','1474628085746029N1','0','0'),(610,15,'参展目的','1474628085746029N1','0','0'),(611,16,'独特','1474628085746029N1','0','0'),(612,6,'75','1474628085746029N1','0','0'),(613,7,'虚拟现实VR馆','1474628085746029N1','0','0'),(614,1,'姓名','1474628263529861N1','0','0'),(615,2,'18611698240','1474628263529861N1','0','0'),(616,3,'f8kt','1474628263529861N1','0','0'),(617,4,'9991','1474628263529861N1','0','0'),(618,5,'420684198209090057','1474628263529861N1','0','0'),(619,8,'单位','1474628263529861N1','0','0'),(620,9,'职务','1474628263529861N1','0','0'),(621,10,'7777777','1474628263529861N1','0','0'),(622,11,'jlksj@lkjk.com','1474628263529861N1','0','0'),(623,12,'address','1474628263529861N1','0','0'),(624,13,'一般馆','1474628263529861N1','0','0'),(625,14,'私企','1474628263529861N1','0','0'),(626,15,'参展目的','1474628263529861N1','0','0'),(627,16,'独特','1474628263529861N1','0','0'),(628,6,'75','1474628263529861N1','0','0'),(629,7,'虚拟现实VR馆','1474628263529861N1','0','0'),(630,1,'星星','1474628606452739N1','0','0'),(631,2,'18611698240','1474628606452739N1','0','0'),(632,3,'gkhu','1474628606452739N1','0','0'),(633,4,'0176','1474628606452739N1','0','0'),(634,5,'420684198209090057','1474628606452739N1','0','0'),(635,8,'名称','1474628606452739N1','0','0'),(636,9,'职务','1474628606452739N1','0','0'),(637,10,'888888','1474628606452739N1','0','0'),(638,11,'sjjkj@kljkl.com','1474628606452739N1','0','0'),(639,12,'地址','1474628606452739N1','0','0'),(640,13,'做过','1474628606452739N1','0','0'),(641,14,'路径是','1474628606452739N1','0','0'),(642,15,'爱的发酵','1474628606452739N1','0','0'),(643,16,'垃圾时打开了','1474628606452739N1','0','0'),(644,6,'71','1474628606452739N1','0','0'),(645,7,'航空馆','1474628606452739N1','0','0'),(646,1,'星星','1474628756631059N1','0','0'),(647,2,'18611698240','1474628756631059N1','0','0'),(648,3,'kdmh','1474628756631059N1','0','0'),(649,4,'4697','1474628756631059N1','0','0'),(650,5,'420684198209090057','1474628756631059N1','0','0'),(651,8,'名称','1474628756631059N1','0','0'),(652,9,'职务','1474628756631059N1','0','0'),(653,10,'888888','1474628756631059N1','0','0'),(654,11,'sjjkj@kljkl.com','1474628756631059N1','0','0'),(655,12,'地址','1474628756631059N1','0','0'),(656,13,'做过','1474628756631059N1','0','0'),(657,14,'路径是','1474628756631059N1','0','0'),(658,15,'爱的发酵','1474628756631059N1','0','0'),(659,16,'垃圾时打开了','1474628756631059N1','0','0'),(660,6,'69','1474628756631059N1','0','0'),(661,7,'一般馆','1474628756631059N1','0','0'),(662,8,'尚格','1474629805108635N1','0','0'),(663,10,'027-11111111','1474629805108635N1','0','0'),(664,12,'地址','1474629805108635N1','0','0'),(665,1,'test1','1474629805108635N1','0','0'),(666,2,'151723292091','1474629805108635N1','0','0'),(667,11,'邮箱1','1474629805108635N1','0','0'),(668,9,'职务1','1474629805108635N1','0','0'),(669,1,'姓名','1474682592738961N1','0','0'),(670,2,'18611698240','1474682592738961N1','0','0'),(671,3,'65d4','1474682592738961N1','0','0'),(672,4,'6007','1474682592738961N1','0','0'),(673,5,'420684198209090057','1474682592738961N1','0','0'),(674,8,'单位','1474682592738961N1','0','0'),(675,9,'职务','1474682592738961N1','0','0'),(676,10,'88888999','1474682592738961N1','0','0'),(677,11,'kjk@ljk.com','1474682592738961N1','0','0'),(678,12,'地址','1474682592738961N1','0','0'),(679,14,'私企','1474682592738961N1','0','0'),(680,15,'目的','1474682592738961N1','0','0'),(681,16,'途径','1474682592738961N1','0','0'),(682,6,'73','1474682592738961N1','0','0'),(683,7,'农博会馆','1474682592738961N1','0','0'),(684,1,'姓名','1474682692937604N1','0','0'),(685,2,'18611698240','1474682692937604N1','0','0'),(686,3,'h9r8','1474682692937604N1','0','0'),(687,4,'2989','1474682692937604N1','0','0'),(688,5,'420684198209090057','1474682692937604N1','0','0'),(689,8,'单位','1474682692937604N1','0','0'),(690,9,'职务','1474682692937604N1','0','0'),(691,10,'88888999','1474682692937604N1','0','0'),(692,11,'kjk@ljk.com','1474682692937604N1','0','0'),(693,12,'地址','1474682692937604N1','0','0'),(694,14,'私企','1474682692937604N1','0','0'),(695,15,'目的','1474682692937604N1','0','0'),(696,16,'途径','1474682692937604N1','0','0'),(697,6,'73','1474682692937604N1','0','0'),(698,7,'农博会馆','1474682692937604N1','0','0'),(699,1,'432','1474688904618407N1','0','0'),(700,2,'18611698240','1474688904618407N1','0','0'),(701,3,'fy6u','1474688904618407N1','0','0'),(702,4,'','1474688904618407N1','0','0'),(703,5,'420684198209090057','1474688904618407N1','0','0'),(704,8,'234','1474688904618407N1','0','0'),(705,9,'23423','1474688904618407N1','0','0'),(706,10,'4234','1474688904618407N1','0','0'),(707,11,'23423','1474688904618407N1','0','0'),(708,12,'423','1474688904618407N1','0','0'),(709,14,'4234','1474688904618407N1','0','0'),(710,15,'2342','1474688904618407N1','0','0'),(711,16,'3423','1474688904618407N1','0','0'),(712,6,'73','1474688904618407N1','0','0'),(713,7,'','1474688904618407N1','0','0'),(714,1,'ddd','1474689008270381N1','0','0'),(715,2,'18611698240','1474689008270381N1','0','0'),(716,3,'8766','1474689008270381N1','0','0'),(717,4,'98798','1474689008270381N1','0','0'),(718,5,'420684198209090057','1474689008270381N1','0','0'),(719,8,'单位名称','1474689008270381N1','0','0'),(720,9,'职务','1474689008270381N1','0','0'),(721,10,'88888888','1474689008270381N1','0','0'),(722,11,'jsdj@kljk.com','1474689008270381N1','0','0'),(723,12,'asdf','1474689008270381N1','0','0'),(724,14,'asdf','1474689008270381N1','0','0'),(725,15,'asdf','1474689008270381N1','0','0'),(726,16,'asdf','1474689008270381N1','0','0'),(727,6,'','1474689008270381N1','0','0'),(728,7,'2','1474689008270381N1','0','0'),(729,1,'ddd','1474689482689275N1','0','0'),(730,2,'18611698240','1474689482689275N1','0','0'),(731,3,'8766','1474689482689275N1','0','0'),(732,4,'98798','1474689482689275N1','0','0'),(733,5,'420684198209090057','1474689482689275N1','0','0'),(734,8,'单位名称','1474689482689275N1','0','0'),(735,9,'职务','1474689482689275N1','0','0'),(736,10,'88888888','1474689482689275N1','0','0'),(737,11,'jsdj@kljk.com','1474689482689275N1','0','0'),(738,12,'asdf','1474689482689275N1','0','0'),(739,14,'asdf','1474689482689275N1','0','0'),(740,15,'asdf','1474689482689275N1','0','0'),(741,16,'asdf','1474689482689275N1','0','0'),(742,6,'','1474689482689275N1','0','0'),(743,7,'2','1474689482689275N1','0','0'),(744,1,'ddd','1474689556329781N1','0','0'),(745,2,'18611698240','1474689556329781N1','0','0'),(746,3,'8766','1474689556329781N1','0','0'),(747,4,'98798','1474689556329781N1','0','0'),(748,5,'420684198209090057','1474689556329781N1','0','0'),(749,8,'单位名称','1474689556329781N1','0','0'),(750,9,'职务','1474689556329781N1','0','0'),(751,10,'88888888','1474689556329781N1','0','0'),(752,11,'jsdj@kljk.com','1474689556329781N1','0','0'),(753,12,'asdf','1474689556329781N1','0','0'),(754,14,'asdf','1474689556329781N1','0','0'),(755,15,'asdf','1474689556329781N1','0','0'),(756,16,'asdf','1474689556329781N1','0','0'),(757,6,'','1474689556329781N1','0','0'),(758,7,'2','1474689556329781N1','0','0'),(759,1,'ddd','1474689570051683N1','0','0'),(760,2,'18611698240','1474689570051683N1','0','0'),(761,3,'8766','1474689570051683N1','0','0'),(762,4,'98798','1474689570051683N1','0','0'),(763,5,'420684198209090057','1474689570051683N1','0','0'),(764,8,'单位名称','1474689570051683N1','0','0'),(765,9,'职务','1474689570051683N1','0','0'),(766,10,'88888888','1474689570051683N1','0','0'),(767,11,'jsdj@kljk.com','1474689570051683N1','0','0'),(768,12,'asdf','1474689570051683N1','0','0'),(769,14,'asdf','1474689570051683N1','0','0'),(770,15,'asdf','1474689570051683N1','0','0'),(771,16,'asdf','1474689570051683N1','0','0'),(772,6,'','1474689570051683N1','0','0'),(773,7,'2','1474689570051683N1','0','0'),(774,1,'ddd','1474689574910468N1','0','0'),(775,2,'18611698240','1474689574910468N1','0','0'),(776,3,'8766','1474689574910468N1','0','0'),(777,4,'98798','1474689574910468N1','0','0'),(778,5,'420684198209090057','1474689574910468N1','0','0'),(779,8,'单位名称','1474689574910468N1','0','0'),(780,9,'职务','1474689574910468N1','0','0'),(781,10,'88888888','1474689574910468N1','0','0'),(782,11,'jsdj@kljk.com','1474689574910468N1','0','0'),(783,12,'asdf','1474689574910468N1','0','0'),(784,14,'asdf','1474689574910468N1','0','0'),(785,15,'asdf','1474689574910468N1','0','0'),(786,16,'asdf','1474689574910468N1','0','0'),(787,6,'','1474689574910468N1','0','0'),(788,7,'2','1474689574910468N1','0','0'),(789,1,'ddd','1474689576807526N1','0','0'),(790,2,'18611698240','1474689576807526N1','0','0'),(791,3,'8766','1474689576807526N1','0','0'),(792,4,'98798','1474689576807526N1','0','0'),(793,5,'420684198209090057','1474689576807526N1','0','0'),(794,8,'单位名称','1474689576807526N1','0','0'),(795,9,'职务','1474689576807526N1','0','0'),(796,10,'88888888','1474689576807526N1','0','0'),(797,11,'jsdj@kljk.com','1474689576807526N1','0','0'),(798,12,'asdf','1474689576807526N1','0','0'),(799,14,'asdf','1474689576807526N1','0','0'),(800,15,'asdf','1474689576807526N1','0','0'),(801,16,'asdf','1474689576807526N1','0','0'),(802,6,'','1474689576807526N1','0','0'),(803,7,'2','1474689576807526N1','0','0'),(804,1,'ddd','1474691120754820N1','0','0'),(805,2,'18611698240','1474691120754820N1','0','0'),(806,3,'8766','1474691120754820N1','0','0'),(807,4,'98798','1474691120754820N1','0','0'),(808,5,'420684198209090057','1474691120754820N1','0','0'),(809,8,'单位名称','1474691120754820N1','0','0'),(810,9,'职务','1474691120754820N1','0','0'),(811,10,'88888888','1474691120754820N1','0','0'),(812,11,'jsdj@kljk.com','1474691120754820N1','0','0'),(813,12,'asdf','1474691120754820N1','0','0'),(814,14,'asdf','1474691120754820N1','0','0'),(815,15,'asdf','1474691120754820N1','0','0'),(816,16,'asdf','1474691120754820N1','0','0'),(817,6,'','1474691120754820N1','0','0'),(818,7,'2','1474691120754820N1','0','0'),(819,1,'ddd','1474691321542370N1','0','0'),(820,2,'18611698240','1474691321542370N1','0','0'),(821,3,'8766','1474691321542370N1','0','0'),(822,4,'98798','1474691321542370N1','0','0'),(823,5,'420684198209090057','1474691321542370N1','0','0'),(824,8,'单位名称','1474691321542370N1','0','0'),(825,9,'职务','1474691321542370N1','0','0'),(826,10,'88888888','1474691321542370N1','0','0'),(827,11,'jsdj@kljk.com','1474691321542370N1','0','0'),(828,12,'asdf','1474691321542370N1','0','0'),(829,14,'asdf','1474691321542370N1','0','0'),(830,15,'asdf','1474691321542370N1','0','0'),(831,16,'asdf','1474691321542370N1','0','0'),(832,6,'','1474691321542370N1','0','0'),(833,7,'2','1474691321542370N1','0','0'),(834,1,'ddd','1474691393349801N1','0','0'),(835,2,'18611698240','1474691393349801N1','0','0'),(836,3,'8766','1474691393349801N1','0','0'),(837,4,'98798','1474691393349801N1','0','0'),(838,5,'420684198209090057','1474691393349801N1','0','0'),(839,8,'单位名称','1474691393349801N1','0','0'),(840,9,'职务','1474691393349801N1','0','0'),(841,10,'88888888','1474691393349801N1','0','0'),(842,11,'jsdj@kljk.com','1474691393349801N1','0','0'),(843,12,'asdf','1474691393349801N1','0','0'),(844,14,'asdf','1474691393349801N1','0','0'),(845,15,'asdf','1474691393349801N1','0','0'),(846,16,'asdf','1474691393349801N1','0','0'),(847,6,'','1474691393349801N1','0','0'),(848,7,'2','1474691393349801N1','0','0'),(849,1,'ddd','1474691413316729N1','0','0'),(850,2,'18611698240','1474691413316729N1','0','0'),(851,3,'8766','1474691413316729N1','0','0'),(852,4,'98798','1474691413316729N1','0','0'),(853,5,'420684198209090057','1474691413316729N1','0','0'),(854,8,'单位名称','1474691413316729N1','0','0'),(855,9,'职务','1474691413316729N1','0','0'),(856,10,'88888888','1474691413316729N1','0','0'),(857,11,'jsdj@kljk.com','1474691413316729N1','0','0'),(858,12,'asdf','1474691413316729N1','0','0'),(859,14,'asdf','1474691413316729N1','0','0'),(860,15,'asdf','1474691413316729N1','0','0'),(861,16,'asdf','1474691413316729N1','0','0'),(862,6,'','1474691413316729N1','0','0'),(863,7,'2','1474691413316729N1','0','0'),(864,1,'ddd','1474691480120635N1','0','0'),(865,2,'18611698240','1474691480120635N1','0','0'),(866,3,'8766','1474691480120635N1','0','0'),(867,4,'98798','1474691480120635N1','0','0'),(868,5,'420684198209090057','1474691480120635N1','0','0'),(869,8,'单位名称','1474691480120635N1','0','0'),(870,9,'职务','1474691480120635N1','0','0'),(871,10,'88888888','1474691480120635N1','0','0'),(872,11,'jsdj@kljk.com','1474691480120635N1','0','0'),(873,12,'asdf','1474691480120635N1','0','0'),(874,14,'asdf','1474691480120635N1','0','0'),(875,15,'asdf','1474691480120635N1','0','0'),(876,16,'asdf','1474691480120635N1','0','0'),(877,6,'','1474691480120635N1','0','0'),(878,7,'2','1474691480120635N1','0','0'),(879,1,'ddd','1474691727046193N1','0','0'),(880,2,'18611698240','1474691727046193N1','0','0'),(881,3,'8766','1474691727046193N1','0','0'),(882,4,'98798','1474691727046193N1','0','0'),(883,5,'420684198209090057','1474691727046193N1','0','0'),(884,8,'单位名称','1474691727046193N1','0','0'),(885,9,'职务','1474691727046193N1','0','0'),(886,10,'88888888','1474691727046193N1','0','0'),(887,11,'jsdj@kljk.com','1474691727046193N1','0','0'),(888,12,'asdf','1474691727046193N1','0','0'),(889,14,'asdf','1474691727046193N1','0','0'),(890,15,'asdf','1474691727046193N1','0','0'),(891,16,'asdf','1474691727046193N1','0','0'),(892,6,'','1474691727046193N1','0','0'),(893,7,'2','1474691727046193N1','0','0'),(894,1,'ddd','1474691769234175N1','0','0'),(895,2,'18611698240','1474691769234175N1','0','0'),(896,3,'8766','1474691769234175N1','0','0'),(897,4,'98798','1474691769234175N1','0','0'),(898,5,'420684198209090057','1474691769234175N1','0','0'),(899,8,'单位名称','1474691769234175N1','0','0'),(900,9,'职务','1474691769234175N1','0','0'),(901,10,'88888888','1474691769234175N1','0','0'),(902,11,'jsdj@kljk.com','1474691769234175N1','0','0'),(903,12,'asdf','1474691769234175N1','0','0'),(904,14,'asdf','1474691769234175N1','0','0'),(905,15,'asdf','1474691769234175N1','0','0'),(906,16,'asdf','1474691769234175N1','0','0'),(907,6,'','1474691769234175N1','0','0'),(908,7,'2','1474691769234175N1','0','0'),(909,1,'ddd','1474691771724351N1','0','0'),(910,2,'18611698240','1474691771724351N1','0','0'),(911,3,'8766','1474691771724351N1','0','0'),(912,4,'98798','1474691771724351N1','0','0'),(913,5,'420684198209090057','1474691771724351N1','0','0'),(914,8,'单位名称','1474691771724351N1','0','0'),(915,9,'职务','1474691771724351N1','0','0'),(916,10,'88888888','1474691771724351N1','0','0'),(917,11,'jsdj@kljk.com','1474691771724351N1','0','0'),(918,12,'asdf','1474691771724351N1','0','0'),(919,14,'asdf','1474691771724351N1','0','0'),(920,15,'asdf','1474691771724351N1','0','0'),(921,16,'asdf','1474691771724351N1','0','0'),(922,6,'','1474691771724351N1','0','0'),(923,7,'2','1474691771724351N1','0','0'),(924,1,'ddd','1474691791318507N1','0','0'),(925,2,'18611698240','1474691791318507N1','0','0'),(926,3,'8766','1474691791318507N1','0','0'),(927,4,'98798','1474691791318507N1','0','0'),(928,5,'420684198209090057','1474691791318507N1','0','0'),(929,8,'单位名称','1474691791318507N1','0','0'),(930,9,'职务','1474691791318507N1','0','0'),(931,10,'88888888','1474691791318507N1','0','0'),(932,11,'jsdj@kljk.com','1474691791318507N1','0','0'),(933,12,'asdf','1474691791318507N1','0','0'),(934,14,'asdf','1474691791318507N1','0','0'),(935,15,'asdf','1474691791318507N1','0','0'),(936,16,'asdf','1474691791318507N1','0','0'),(937,6,'','1474691791318507N1','0','0'),(938,7,'2','1474691791318507N1','0','0'),(939,1,'ddd','1474691793675092N1','0','0'),(940,2,'18611698240','1474691793675092N1','0','0'),(941,3,'8766','1474691793675092N1','0','0'),(942,4,'98798','1474691793675092N1','0','0'),(943,5,'420684198209090057','1474691793675092N1','0','0'),(944,8,'单位名称','1474691793675092N1','0','0'),(945,9,'职务','1474691793675092N1','0','0'),(946,10,'88888888','1474691793675092N1','0','0'),(947,11,'jsdj@kljk.com','1474691793675092N1','0','0'),(948,12,'asdf','1474691793675092N1','0','0'),(949,14,'asdf','1474691793675092N1','0','0'),(950,15,'asdf','1474691793675092N1','0','0'),(951,16,'asdf','1474691793675092N1','0','0'),(952,6,'','1474691793675092N1','0','0'),(953,7,'2','1474691793675092N1','0','0'),(954,1,'ddd','1474691794841073N1','0','0'),(955,2,'18611698240','1474691794841073N1','0','0'),(956,3,'8766','1474691794841073N1','0','0'),(957,4,'98798','1474691794841073N1','0','0'),(958,5,'420684198209090057','1474691794841073N1','0','0'),(959,8,'单位名称','1474691794841073N1','0','0'),(960,9,'职务','1474691794841073N1','0','0'),(961,10,'88888888','1474691794841073N1','0','0'),(962,11,'jsdj@kljk.com','1474691794841073N1','0','0'),(963,12,'asdf','1474691794841073N1','0','0'),(964,14,'asdf','1474691794841073N1','0','0'),(965,15,'asdf','1474691794841073N1','0','0'),(966,16,'asdf','1474691794841073N1','0','0'),(967,6,'','1474691794841073N1','0','0'),(968,7,'2','1474691794841073N1','0','0'),(969,1,'ddd','1474691796529061N1','0','0'),(970,2,'18611698240','1474691796529061N1','0','0'),(971,3,'8766','1474691796529061N1','0','0'),(972,4,'98798','1474691796529061N1','0','0'),(973,5,'420684198209090057','1474691796529061N1','0','0'),(974,8,'单位名称','1474691796529061N1','0','0'),(975,9,'职务','1474691796529061N1','0','0'),(976,10,'88888888','1474691796529061N1','0','0'),(977,11,'jsdj@kljk.com','1474691796529061N1','0','0'),(978,12,'asdf','1474691796529061N1','0','0'),(979,14,'asdf','1474691796529061N1','0','0'),(980,15,'asdf','1474691796529061N1','0','0'),(981,16,'asdf','1474691796529061N1','0','0'),(982,6,'','1474691796529061N1','0','0'),(983,7,'2','1474691796529061N1','0','0'),(984,1,'ddd','1474691818608241N1','0','0'),(985,2,'18611698240','1474691818608241N1','0','0'),(986,3,'8766','1474691818608241N1','0','0'),(987,4,'98798','1474691818608241N1','0','0'),(988,5,'420684198209090057','1474691818608241N1','0','0'),(989,8,'单位名称','1474691818608241N1','0','0'),(990,9,'职务','1474691818608241N1','0','0'),(991,10,'88888888','1474691818608241N1','0','0'),(992,11,'jsdj@kljk.com','1474691818608241N1','0','0'),(993,12,'asdf','1474691818608241N1','0','0'),(994,14,'asdf','1474691818608241N1','0','0'),(995,15,'asdf','1474691818608241N1','0','0'),(996,16,'asdf','1474691818608241N1','0','0'),(997,6,'','1474691818608241N1','0','0'),(998,7,'2','1474691818608241N1','0','0'),(999,8,'单位','1474696701304719N1','0','0'),(1000,10,'电话','1474696701304719N1','0','0'),(1001,12,'地址','1474696701304719N1','0','0'),(1002,1,'test1','1474696701304719N1','0','0'),(1003,2,'15111111111','1474696701304719N1','0','0'),(1004,11,'邮箱1','1474696701304719N1','0','0'),(1005,9,'职务1','1474696701304719N1','0','0'),(1006,8,'单位','1474696711618532N1','0','0'),(1007,10,'电话','1474696711618532N1','0','0'),(1008,12,'地址','1474696711618532N1','0','0'),(1009,1,'test2','1474696711618532N1','0','0'),(1010,2,'15122222222','1474696711618532N1','0','0'),(1011,11,'邮箱2','1474696711618532N1','0','0'),(1012,9,'职务2','1474696711618532N1','0','0'),(1013,8,'单位','1474696713386572N1','0','0'),(1014,10,'电话','1474696713386572N1','0','0'),(1015,12,'地址','1474696713386572N1','0','0'),(1016,1,'test3','1474696713386572N1','0','0'),(1017,2,'15133333333','1474696713386572N1','0','0'),(1018,11,'邮箱3','1474696713386572N1','0','0'),(1019,9,'职务3','1474696713386572N1','0','0'),(1020,8,'单位','1474709205678952N1','0','0'),(1021,10,'18502756288','1474709205678952N1','0','0'),(1022,12,'江苏 南京 玄武区废物废物分','1474709205678952N1','0','0'),(1023,1,'激动啥','1474709205678952N1','0','0'),(1024,2,'15545625452','1474709205678952N1','0','0'),(1025,9,'辅导费','1474709205678952N1','0','0'),(1026,11,'154@qq.com','1474709205678952N1','0','0'),(1027,8,'单位','1474709209968105N1','0','0'),(1028,10,'18502756288','1474709209968105N1','0','0'),(1029,12,'江苏 南京 玄武区废物废物分','1474709209968105N1','0','0'),(1030,1,'二二','1474709209968105N1','0','0'),(1031,2,'18545625845','1474709209968105N1','0','0'),(1032,9,'rewrite','1474709209968105N1','0','0'),(1033,11,'2654@qq.com','1474709209968105N1','0','0'),(1034,6,'71','1474718369358796N1','0','0'),(1035,8,'tretre','1474718369358796N1','0','0'),(1036,10,'4564','1474718369358796N1','0','0'),(1037,12,'北京 东城区 tretret','1474718369358796N1','0','0'),(1038,1,'tretret','1474718369358796N1','0','0'),(1039,2,'18500000000','1474718369358796N1','0','0'),(1040,9,'tretr','1474718369358796N1','0','0'),(1041,11,'tretre@qq.com','1474718369358796N1','0','0'),(1042,6,'71','1474718379540237N1','0','0'),(1043,8,'tretre','1474718379540237N1','0','0'),(1044,10,'4564','1474718379540237N1','0','0'),(1045,12,'北京 东城区 tretret','1474718379540237N1','0','0'),(1046,1,'rewr','1474718379540237N1','0','0'),(1047,2,'18500000001','1474718379540237N1','0','0'),(1048,9,'tryrty','1474718379540237N1','0','0'),(1049,11,'34324@qq.com','1474718379540237N1','0','0'),(1050,6,'69','1474719058547361N1','0','0'),(1051,8,'ytrytr','1474719058547361N1','0','0'),(1052,10,'4894','1474719058547361N1','0','0'),(1053,12,'北京 东城区 ytryrt','1474719058547361N1','0','0'),(1054,1,'ytryry','1474719058547361N1','0','0'),(1055,2,'18502756288','1474719058547361N1','0','0'),(1056,9,'ytry','1474719058547361N1','0','0'),(1057,11,'77@qq.com','1474719058547361N1','0','0'),(1058,6,'69','1474719059805614N1','0','0'),(1059,8,'ytrytr','1474719059805614N1','0','0'),(1060,10,'4894','1474719059805614N1','0','0'),(1061,12,'北京 东城区 ytryrt','1474719059805614N1','0','0'),(1062,1,'dfdf','1474719059805614N1','0','0'),(1063,2,'18502756299','1474719059805614N1','0','0'),(1064,9,'fdsfs','1474719059805614N1','0','0'),(1065,11,'11@qq.com','1474719059805614N1','0','0'),(1066,14,'教育信息化企业','1474725999902653N1','0','0'),(1067,24,'1','1474725999902653N1','0','0'),(1068,24,'5','1474725999902653N1','0','0'),(1069,25,'8','1474725999902653N1','0','0'),(1070,25,'11','1474725999902653N1','0','0'),(1071,25,'12','1474725999902653N1','0','0'),(1072,6,'72','1474725999902653N1','0','0'),(1073,1,'rtret','1474725999902653N1','0','0'),(1074,2,'18502756288','1474725999902653N1','0','0'),(1075,8,'rewr','1474725999902653N1','0','0'),(1076,9,'rewr','1474725999902653N1','0','0'),(1077,10,'456486','1474725999902653N1','0','0'),(1078,12,'undefinedgfdgdfgfdg','1474725999902653N1','0','0'),(1079,11,'tretre','1474725999902653N1','0','0'),(1080,14,'金融保险机构','1474726152972581N1','0','0'),(1081,24,'2','1474726152972581N1','0','0'),(1082,24,'4','1474726152972581N1','0','0'),(1083,25,'8','1474726152972581N1','0','0'),(1084,25,'10','1474726152972581N1','0','0'),(1085,6,'69','1474726152972581N1','0','0'),(1086,1,'asdf','1474726152972581N1','0','0'),(1087,2,'13707174430','1474726152972581N1','0','0'),(1088,8,'asdf','1474726152972581N1','0','0'),(1089,9,'asdf','1474726152972581N1','0','0'),(1090,10,'gasdf','1474726152972581N1','0','0'),(1091,12,'undefinedasdfadsfadsf','1474726152972581N1','0','0'),(1092,11,'sadf','1474726152972581N1','0','0'),(1093,14,'金融保险机构','1474726255157283N1','0','0'),(1094,24,'2','1474726255157283N1','0','0'),(1095,24,'4','1474726255157283N1','0','0'),(1096,25,'8','1474726255157283N1','0','0'),(1097,25,'10','1474726255157283N1','0','0'),(1098,6,'69','1474726255157283N1','0','0'),(1099,1,'asdf','1474726255157283N1','0','0'),(1100,2,'13707174431','1474726255157283N1','0','0'),(1101,8,'asdf','1474726255157283N1','0','0'),(1102,9,'asdf','1474726255157283N1','0','0'),(1103,10,'gasdf','1474726255157283N1','0','0'),(1104,12,'undefinedasdfadsfadsf','1474726255157283N1','0','0'),(1105,11,'sadf','1474726255157283N1','0','0'),(1106,24,'2','1474726366012859N1','0','0'),(1107,25,'8','1474726366012859N1','0','0'),(1108,25,'11','1474726366012859N1','0','0'),(1109,6,'','1474726366012859N1','0','0'),(1110,1,'答复','1474726366012859N1','0','0'),(1111,2,'18966665555','1474726366012859N1','0','0'),(1112,8,'撒旦法','1474726366012859N1','0','0'),(1113,9,'第三方','1474726366012859N1','0','0'),(1114,10,'分担','1474726366012859N1','0','0'),(1115,12,'undefined法师答复噶啥地方','1474726366012859N1','0','0'),(1116,11,'噶啥地方','1474726366012859N1','0','0'),(1117,24,'4','1474726448983645N1','0','0'),(1118,24,'5','1474726448983645N1','0','0'),(1119,25,'7','1474726448983645N1','0','0'),(1120,25,'10','1474726448983645N1','0','0'),(1121,6,'','1474726448983645N1','0','0'),(1122,1,'啊发生','1474726448983645N1','0','0'),(1123,2,'18966663335','1474726448983645N1','0','0'),(1124,8,'士大夫','1474726448983645N1','0','0'),(1125,9,'的萨芬','1474726448983645N1','0','0'),(1126,10,'士大夫','1474726448983645N1','0','0'),(1127,12,'undefined阿道夫','1474726448983645N1','0','0'),(1128,11,'爱上对方','1474726448983645N1','0','0'),(1129,24,'2','1474726484301472N1','0','0'),(1130,24,'4','1474726484301472N1','0','0'),(1131,25,'8','1474726484301472N1','0','0'),(1132,25,'10','1474726484301472N1','0','0'),(1133,6,'','1474726484301472N1','0','0'),(1134,1,'老李','1474726484301472N1','0','0'),(1135,2,'15866663333','1474726484301472N1','0','0'),(1136,8,'士大夫','1474726484301472N1','0','0'),(1137,9,'发生的','1474726484301472N1','0','0'),(1138,10,'范德萨','1474726484301472N1','0','0'),(1139,12,'undefined的萨芬范德萨','1474726484301472N1','0','0'),(1140,11,'士大夫','1474726484301472N1','0','0'),(1141,14,'批发商','1474726581789462N1','0','0'),(1142,24,'1','1474726581789462N1','0','0'),(1143,25,'8','1474726581789462N1','0','0'),(1144,25,'10','1474726581789462N1','0','0'),(1145,6,'71','1474726581789462N1','0','0'),(1146,1,'类型的','1474726581789462N1','0','0'),(1147,2,'15966663333','1474726581789462N1','0','0'),(1148,8,'大师傅','1474726581789462N1','0','0'),(1149,9,'范德萨','1474726581789462N1','0','0'),(1150,10,'公司大方','1474726581789462N1','0','0'),(1151,12,'undefined的萨芬多少','1474726581789462N1','0','0'),(1152,11,'撒旦法','1474726581789462N1','0','0'),(1153,14,'农产品批发市场/交易中心','1474726781724619N1','0','0'),(1154,24,'1','1474726781724619N1','0','0'),(1155,24,'2','1474726781724619N1','0','0'),(1156,24,'4','1474726781724619N1','0','0'),(1157,24,'5','1474726781724619N1','0','0'),(1158,25,'7','1474726781724619N1','0','0'),(1159,25,'8','1474726781724619N1','0','0'),(1160,25,'9','1474726781724619N1','0','0'),(1161,6,'71','1474726781724619N1','0','0'),(1162,1,'爱上对方分发','1474726781724619N1','0','0'),(1163,2,'15966645874','1474726781724619N1','0','0'),(1164,8,'爱上对方','1474726781724619N1','0','0'),(1165,9,'第三方','1474726781724619N1','0','0'),(1166,10,'第三方','1474726781724619N1','0','0'),(1167,12,'北京 东城区 第三方','1474726781724619N1','0','0'),(1168,11,'第三方','1474726781724619N1','0','0'),(1169,14,'体育运动爱好者','1474727060852631N1','0','0'),(1170,24,'2','1474727060852631N1','0','0'),(1171,24,'4','1474727060852631N1','0','0'),(1172,25,'7','1474727060852631N1','0','0'),(1173,25,'8','1474727060852631N1','0','0'),(1174,6,'75','1474727060852631N1','0','0'),(1175,1,'阿斯顿','1474727060852631N1','0','0'),(1176,2,'15866632145','1474727060852631N1','0','0'),(1177,8,'第三方','1474727060852631N1','0','0'),(1178,9,'噶的说法','1474727060852631N1','0','0'),(1179,10,'撒旦法','1474727060852631N1','0','0'),(1180,12,'北京 东城区 范德萨','1474727060852631N1','0','0'),(1181,11,'萨芬的','1474727060852631N1','0','0'),(1182,14,'其他','1474727151475612N1','0','0'),(1183,24,'5','1474727151475612N1','0','0'),(1184,25,'7','1474727151475612N1','0','0'),(1185,25,'8','1474727151475612N1','0','0'),(1186,6,'75','1474727151475612N1','0','0'),(1187,1,'爱上对方','1474727151475612N1','0','0'),(1188,2,'15899963254','1474727151475612N1','0','0'),(1189,8,'的萨芬','1474727151475612N1','0','0'),(1190,9,'第三方','1474727151475612N1','0','0'),(1191,10,'第三方','1474727151475612N1','0','0'),(1192,12,'北京 东城区 发生的','1474727151475612N1','0','0'),(1193,11,'的方式','1474727151475612N1','0','0'),(1194,14,'农产品批发市场/交易中心','1474727729046853N1','0','0'),(1195,24,'4','1474727729046853N1','0','0'),(1196,24,'5','1474727729046853N1','0','0'),(1197,25,'7','1474727729046853N1','0','0'),(1198,25,'8','1474727729046853N1','0','0'),(1199,25,'10','1474727729046853N1','0','0'),(1200,25,'11','1474727729046853N1','0','0'),(1201,6,'71','1474727729046853N1','0','0'),(1202,1,'rtrt','1474727729046853N1','0','0'),(1203,2,'18500000001','1474727729046853N1','0','0'),(1204,8,'trete','1474727729046853N1','0','0'),(1205,9,'tret','1474727729046853N1','0','0'),(1206,10,'ter','1474727729046853N1','0','0'),(1207,12,'北京 东城区 rewrewr','1474727729046853N1','0','0'),(1208,11,'erer','1474727729046853N1','0','0'),(1209,14,'教育信息化企业','1474727783803175N1','0','0'),(1210,24,'4','1474727783803175N1','0','0'),(1211,24,'5','1474727783803175N1','0','0'),(1212,25,'8','1474727783803175N1','0','0'),(1213,25,'9','1474727783803175N1','0','0'),(1214,25,'11','1474727783803175N1','0','0'),(1215,6,'72','1474727783803175N1','0','0'),(1216,1,'jdsa','1474727783803175N1','0','0'),(1217,2,'18500000001','1474727783803175N1','0','0'),(1218,8,'erer','1474727783803175N1','0','0'),(1219,9,'rewr','1474727783803175N1','0','0'),(1220,10,'tretr','1474727783803175N1','0','0'),(1221,12,'北京 东城区 tre','1474727783803175N1','0','0'),(1222,11,'tre','1474727783803175N1','0','0'),(1223,14,'行业商协会','1474727788931726N1','0','0'),(1224,24,'1','1474727788931726N1','0','0'),(1225,24,'5','1474727788931726N1','0','0'),(1226,25,'7','1474727788931726N1','0','0'),(1227,25,'8','1474727788931726N1','0','0'),(1228,25,'9','1474727788931726N1','0','0'),(1229,6,'71','1474727788931726N1','0','0'),(1230,1,'爱上对方','1474727788931726N1','0','0'),(1231,2,'15966660002','1474727788931726N1','0','0'),(1232,8,'爱上对方','1474727788931726N1','0','0'),(1233,9,'第三方','1474727788931726N1','0','0'),(1234,10,'范德萨','1474727788931726N1','0','0'),(1235,12,'北京 东城区 爱上对方','1474727788931726N1','0','0'),(1236,11,'发生的','1474727788931726N1','0','0'),(1237,14,'行业商协会','1474727880830714N1','0','0'),(1238,24,'1','1474727880830714N1','0','0'),(1239,24,'2','1474727880830714N1','0','0'),(1240,25,'7','1474727880830714N1','0','0'),(1241,25,'8','1474727880830714N1','0','0'),(1242,6,'71','1474727880830714N1','0','0'),(1243,1,'爱上对方','1474727880830714N1','0','0'),(1244,2,'15866665489','1474727880830714N1','0','0'),(1245,8,'的萨芬','1474727880830714N1','0','0'),(1246,9,'第三方','1474727880830714N1','0','0'),(1247,10,'第三方','1474727880830714N1','0','0'),(1248,12,'北京 东城区 爱上对方','1474727880830714N1','0','0'),(1249,11,'的萨芬','1474727880830714N1','0','0'),(1250,14,'行业商协会','1474727939156432N1','0','0'),(1251,24,'1','1474727939156432N1','0','0'),(1252,24,'2','1474727939156432N1','0','0'),(1253,25,'7','1474727939156432N1','0','0'),(1254,25,'8','1474727939156432N1','0','0'),(1255,6,'71','1474727939156432N1','0','0'),(1256,1,'爱上对方','1474727939156432N1','0','0'),(1257,2,'15869666333','1474727939156432N1','0','0'),(1258,8,'爱上对方','1474727939156432N1','0','0'),(1259,9,'都是','1474727939156432N1','0','0'),(1260,10,'多少','1474727939156432N1','0','0'),(1261,12,'北京 东城区 爱上对方','1474727939156432N1','0','0'),(1262,11,'士大夫','1474727939156432N1','0','0'),(1263,14,'其他','1474728010824951N1','0','0'),(1264,24,'5','1474728010824951N1','0','0'),(1265,25,'10','1474728010824951N1','0','0'),(1266,25,'11','1474728010824951N1','0','0'),(1267,6,'69','1474728010824951N1','0','0'),(1268,1,'爱上对方','1474728010824951N1','0','0'),(1269,2,'18566663332','1474728010824951N1','0','0'),(1270,8,'撒旦法','1474728010824951N1','0','0'),(1271,9,'撒旦法','1474728010824951N1','0','0'),(1272,10,'大','1474728010824951N1','0','0'),(1273,12,'北京 东城区 第三方','1474728010824951N1','0','0'),(1274,11,'发大水','1474728010824951N1','0','0'),(1275,14,'农产品批发市场/交易中心','1474728053820734N1','0','0'),(1276,24,'2','1474728053820734N1','0','0'),(1277,24,'4','1474728053820734N1','0','0'),(1278,25,'8','1474728053820734N1','0','0'),(1279,25,'9','1474728053820734N1','0','0'),(1280,6,'71','1474728053820734N1','0','0'),(1281,1,'爱上对方','1474728053820734N1','0','0'),(1282,2,'15860002252','1474728053820734N1','0','0'),(1283,8,'爱上对方','1474728053820734N1','0','0'),(1284,9,'的萨芬','1474728053820734N1','0','0'),(1285,10,'第三方','1474728053820734N1','0','0'),(1286,12,'北京 东城区 打算','1474728053820734N1','0','0'),(1287,11,'的萨芬','1474728053820734N1','0','0'),(1288,14,'行业协会','1474728104547038N1','0','0'),(1289,24,'1','1474728104547038N1','0','0'),(1290,24,'2','1474728104547038N1','0','0'),(1291,25,'10','1474728104547038N1','0','0'),(1292,6,'72','1474728104547038N1','0','0'),(1293,1,'搞','1474728104547038N1','0','0'),(1294,2,'15833336666','1474728104547038N1','0','0'),(1295,8,'爱上对方','1474728104547038N1','0','0'),(1296,9,'大','1474728104547038N1','0','0'),(1297,10,'第三方','1474728104547038N1','0','0'),(1298,12,'北京 东城区 的萨芬','1474728104547038N1','0','0'),(1299,11,'发生的','1474728104547038N1','0','0'),(1300,14,'行业协会','1474728220689753N1','0','0'),(1301,24,'1','1474728220689753N1','0','0'),(1302,24,'2','1474728220689753N1','0','0'),(1303,25,'10','1474728220689753N1','0','0'),(1304,6,'72','1474728220689753N1','0','0'),(1305,1,'搞','1474728220689753N1','0','0'),(1306,2,'15833336667','1474728220689753N1','0','0'),(1307,8,'爱上对方','1474728220689753N1','0','0'),(1308,9,'大','1474728220689753N1','0','0'),(1309,10,'第三方','1474728220689753N1','0','0'),(1310,12,'北京 东城区 的萨芬','1474728220689753N1','0','0'),(1311,11,'发生的','1474728220689753N1','0','0');

/*Table structure for table `zq_form_data_back` */

DROP TABLE IF EXISTS `zq_form_data_back`;

CREATE TABLE `zq_form_data_back` (
  `id` int(11) NOT NULL AUTO_INCREMENT,
  `form_id` int(11) NOT NULL,
  `form_value` varchar(100) CHARACTER SET utf8 NOT NULL,
  PRIMARY KEY (`id`),
  KEY `idx_form_id` (`form_id`) USING BTREE
) ENGINE=InnoDB AUTO_INCREMENT=56 DEFAULT CHARSET=utf8 COLLATE=utf8_unicode_ci ROW_FORMAT=COMPACT;

/*Data for the table `zq_form_data_back` */

insert  into `zq_form_data_back`(`id`,`form_id`,`form_value`) values (1,24,'采购新型产品'),(2,24,'了解行业动态'),(3,24,'寻找合作伙伴'),(4,24,'发展潜在客户'),(5,24,'寻找投资项目'),(6,24,'其他'),(7,25,'展商邀请'),(8,25,'主办方邀请函或宣传品'),(9,25,'网络'),(10,25,'朋友推荐'),(11,25,'电视广告'),(12,25,'报纸或杂志上的展会广告'),(13,25,'其他'),(14,26,'政府职能部门'),(15,26,' 应急救援机构'),(16,26,'应急装备生产企业'),(17,26,'应急救援服务企业'),(18,26,'应急类科研院所'),(19,26,'政府机构'),(20,26,'大专院校'),(21,26,'体育用品经销商'),(22,26,'体育运动俱乐部'),(23,26,'体育运动爱好者'),(24,26,'体育培训机构'),(25,26,'健身机构'),(26,26,'政府部门'),(27,26,'经销商'),(28,26,'批发商'),(29,26,'行业商协会'),(30,26,'农产品批发市场'),(31,26,'大中型超市'),(32,26,'农产品批发市场/交易中心'),(33,26,'经销代理商'),(34,26,'商超百货'),(35,26,'电子商务企业'),(36,26,'零售企业'),(37,26,'设计师'),(38,26,'其他'),(39,26,'政府教育机构'),(40,26,'行业协会'),(41,26,'学前教育机构'),(42,26,'基础教育机构'),(43,26,'教育信息化企业'),(44,26,'教辅设备类企业'),(45,26,'教育培训及辅导机构'),(46,26,'代理商'),(47,26,'加工厂商'),(48,26,'批发市场/交易中心'),(49,26,'生产基地'),(50,26,'科技研发公司'),(51,26,'科研单位'),(52,26,'物流运输公司'),(53,26,'电子商务'),(54,26,'金融保险机构'),(55,26,'行业媒体');

/*Table structure for table `zq_form_info` */

DROP TABLE IF EXISTS `zq_form_info`;

CREATE TABLE `zq_form_info` (
  `id` bigint(20) NOT NULL AUTO_INCREMENT COMMENT '序号',
  `page_id` int(11) NOT NULL COMMENT '对应的购票页面的id',
  `exhibition_id` int(11) NOT NULL COMMENT '展会id',
  `uuid` varchar(36) NOT NULL COMMENT '对应form_data表中的uuid',
  `create_time` datetime NOT NULL COMMENT '记录添加时间',
  `zffs` varchar(8) DEFAULT NULL COMMENT '支付方式，ali-阿里，wx-微信',
  `wechat_id` int(11) DEFAULT NULL COMMENT '微信支付id',
  `alipay_id` int(11) DEFAULT NULL COMMENT '阿里支付id',
  `seoid` varchar(8) DEFAULT NULL COMMENT '渠道推广参数id',
  `user_ip` varchar(16) DEFAULT NULL COMMENT '用户ip',
  `openid` varchar(64) DEFAULT '0' COMMENT '用户OPENID',
  `ticket_count` int(4) DEFAULT '0' COMMENT '用户购票数量',
  `amount` decimal(10,2) DEFAULT '0.00' COMMENT '总票价',
  `share_user_id` int(11) DEFAULT '0' COMMENT '分享用户id',
  PRIMARY KEY (`id`),
  KEY `uuid` (`uuid`) USING BTREE,
  KEY `page_id` (`page_id`) USING BTREE,
  KEY `exhibition_id` (`exhibition_id`) USING BTREE,
  KEY `seoid` (`seoid`) USING BTREE
) ENGINE=InnoDB AUTO_INCREMENT=102 DEFAULT CHARSET=utf8 ROW_FORMAT=COMPACT;

/*Data for the table `zq_form_info` */

insert  into `zq_form_info`(`id`,`page_id`,`exhibition_id`,`uuid`,`create_time`,`zffs`,`wechat_id`,`alipay_id`,`seoid`,`user_ip`,`openid`,`ticket_count`,`amount`,`share_user_id`) values (1,1,1,'1474597543431569N1','2016-09-23 10:25:43','free',NULL,NULL,'mobile','127.0.0.1','39da6709-b7e1-a37a-6058-d8c82cb650cb',1,'0.00',NULL),(2,1,1,'1474597569612409N1','2016-09-23 10:26:09','free',NULL,NULL,'mobile','127.0.0.1','39da670a-1ac0-9a9c-7281-0a0657483d7f',1,'0.00',NULL),(3,1,1,'1474597594251497N1','2016-09-23 10:26:34','free',NULL,NULL,'mobile','127.0.0.1','39da670a-7e5a-1ec6-8e6d-55f6368fe3df',1,'0.00',NULL),(4,1,1,'1474597679169845N1','2016-09-23 10:27:59','free',NULL,NULL,'mobile','127.0.0.1','39da670b-c807-6b9c-83ef-7e859230e0ac',1,'0.00',NULL),(5,1,1,'1474597742270146N1','2016-09-23 10:29:02','free',NULL,NULL,'mobile','127.0.0.1','39da670c-c053-9612-2511-2c67bc48309f',1,'0.00',NULL),(6,1,1,'1474597898583496N1','2016-09-23 10:31:38','free',NULL,NULL,'mobile','127.0.0.1','39da670f-200e-2fdc-7e9d-9ff88d55f85b',1,'0.00',NULL),(7,1,1,'1474597972218364N1','2016-09-23 10:32:52','free',NULL,NULL,'mobile','127.0.0.1','39da6710-41da-c742-74cb-298420e14ff3',1,'0.00',NULL),(8,1,1,'1474598000879620N1','2016-09-23 10:33:20','free',NULL,NULL,'mobile','127.0.0.1','39da6710-b11a-3355-fe32-dab5901a77ce',1,'0.00',NULL),(9,1,1,'1474598014509746N1','2016-09-23 10:33:34','free',NULL,NULL,'mobile','127.0.0.1','39da6710-e78d-e36f-c6d7-96f20a0344cd',1,'0.00',NULL),(10,1,1,'1474598062507236N1','2016-09-23 10:34:22','free',NULL,NULL,'mobile','127.0.0.1','39da6711-a2d1-2db6-7318-c2bd972a6c0b',1,'0.00',NULL),(11,1,1,'1474598249612078N1','2016-09-23 10:37:29','free',NULL,NULL,'mobile','127.0.0.1','39da6714-7d0e-cbc2-407a-05130763d300',1,'0.00',NULL),(12,1,1,'1474598307012486N1','2016-09-23 10:38:27','free',NULL,NULL,'mobile','127.0.0.1','39da6715-5feb-75ca-cd8f-23ce7cdf52ec',1,'0.00',NULL),(13,1,1,'1474598318376852N1','2016-09-23 10:38:38','mf',NULL,NULL,'','127.0.0.1','39da6705-9c6e-6a34-276c-0c90805ecaa9',1,'0.00',0),(14,1,1,'1474598438064592N1','2016-09-23 10:40:38','mf',NULL,NULL,'','127.0.0.1','39da6705-9c6e-6a34-276c-0c90805ecaa9',1,'0.00',0),(15,1,1,'1474598529102964N1','2016-09-23 10:42:09','mf',NULL,NULL,'','127.0.0.1','39da6716-f9df-31d6-4e3f-664a9017dfe4',1,'0.00',NULL),(16,1,1,'1474598577431569N1','2016-09-23 10:42:57','mf',NULL,NULL,'','127.0.0.1','39da6716-f9df-31d6-4e3f-664a9017dfe4',1,'0.00',NULL),(17,1,1,'1474598507398516N1','2016-09-23 10:41:47','mf',NULL,NULL,'','127.0.0.1','39da6705-9c6e-6a34-276c-0c90805ecaa9',1,'0.00',0),(18,1,1,'1474604614869412N1','2016-09-23 12:23:34','free',0,0,'mobile','127.0.0.1','39da6775-9999-26ec-f7ef-33f75cad13d2',1,'0.00',NULL),(19,1,1,'1474604764634152N1','2016-09-23 12:26:04','free',0,0,'mobile','127.0.0.1','39da6777-e3d5-b9fe-2316-80c19118c796',1,'0.00',NULL),(20,1,1,'1474604812530814N1','2016-09-23 12:26:52','free',0,0,'mobile','127.0.0.1','39da6778-9efb-89d6-e922-37b988e1e3e9',1,'0.00',NULL),(21,1,1,'1474605182105786N1','2016-09-23 12:33:02','free',0,0,'mobile','127.0.0.1','39da677e-4545-c620-5fbf-c56ad3eed4b4',1,'0.00',NULL),(22,1,1,'1474606401630945N1','2016-09-23 12:53:21','free',0,0,'mobile','127.0.0.1','39da6790-e0ab-9097-5709-abf5f8bc05d5',1,'0.00',NULL),(23,1,1,'1474606550281379N1','2016-09-23 12:55:50','free',0,0,'mobile','127.0.0.1','39da6793-25eb-028f-926f-9ebb9771f546',1,'0.00',NULL),(24,1,1,'1474606566479621N1','2016-09-23 12:56:06','free',0,0,'mobile','127.0.0.1','39da6793-6236-94e4-a585-cb9eabf5a029',1,'0.00',NULL),(25,1,1,'1474606643938671N1','2016-09-23 12:57:23','free',0,0,'mobile','127.0.0.1','39da6794-90e7-1165-eb0e-e5b3156ca571',1,'0.00',NULL),(26,1,1,'1474608252745093N1','2016-09-23 13:24:12','mf',0,0,'','127.0.0.1','39da67ab-7b0f-8718-2441-ac2456ab475c',1,'0.00',0),(27,1,1,'1474616100874231N1','2016-09-23 15:35:00','mf',0,0,'mobile','127.0.0.1','39da6824-dd89-30c1-9702-b77e52cd7b2d',1,'0.00',NULL),(28,1,1,'1474617233590741N1','2016-09-23 15:53:53','mf',0,0,'mobile','127.0.0.1','39da6836-2965-99fa-c12b-3a38ff96d8a4',1,'0.00',NULL),(29,1,1,'1474620376926314N1','2016-09-23 16:46:16','mf',0,0,'','127.0.0.1','39da6863-ffce-266c-ebbe-a8f8be44a265',1,'0.00',0),(30,1,1,'1474622782279506N1','2016-09-23 17:26:22','mf',0,0,'12345','127.0.0.1','39da688a-d21d-1b9f-3e50-dc00ed3feb77',1,'0.00',666666),(31,1,1,'1474622782837051N1','2016-09-23 17:26:22','mf',0,0,'12345','127.0.0.1','39da688a-d21d-73bd-81ea-71bdd9787f53',1,'0.00',666666),(32,1,1,'1474622782684597N1','2016-09-23 17:26:22','mf',0,0,'12345','127.0.0.1','39da688a-d21d-63f2-7568-24bd98f4a144',1,'0.00',666666),(33,1,1,'1474623636937168N1','2016-09-23 17:40:36','mf',NULL,NULL,'','127.0.0.1','39da6896-8dec-2bef-3d7d-4b3be163da14',1,'0.00',0),(34,1,1,'1474623788620487N1','2016-09-23 17:43:08','mf',0,0,'12345','127.0.0.1','39da689a-2e92-d6e2-6fc9-c477803f53ab',1,'0.00',666666),(35,1,1,'1474624849843520N1','2016-09-23 18:00:49','mf',0,0,'12345','127.0.0.1','39da68aa-5e52-ac42-98c7-8c42a05651af',1,'0.00',6),(36,1,1,'1474625075190684N1','2016-09-23 18:04:35','mf',NULL,NULL,'','127.0.0.1','39da68ac-5dd9-26da-55f2-789bfb325c41',1,'0.00',0),(37,1,1,'1474625223350247N1','2016-09-23 18:07:03','mf',NULL,NULL,'','127.0.0.1','39da68ac-5dd9-26da-55f2-789bfb325c41',1,'0.00',0),(38,1,1,'1474625282638714N1','2016-09-23 18:08:02','mf',NULL,NULL,'','127.0.0.1','39da68ac-5dd9-26da-55f2-789bfb325c41',1,'0.00',0),(39,1,1,'1474625468468701N1','2016-09-23 18:11:08','mf',NULL,NULL,'','127.0.0.1','0',1,'0.00',0),(40,1,1,'1474626103243785N1','2016-09-23 18:21:43','mf',NULL,NULL,'12345','127.0.0.1','39da68bd-8195-11aa-878b-aa8112c8467b',1,'0.00',666666),(41,1,1,'1474626196426790N1','2016-09-23 18:23:16','mf',NULL,NULL,'12345','127.0.0.1','39da68be-ea36-fcd8-40b1-288b62f4f8b0',1,'0.00',8),(42,1,1,'1474626417164935N1','2016-09-23 18:26:57','mf',NULL,NULL,'12345','127.0.0.1','39da68c2-4b48-a193-3ea5-959f57dbe3dd',1,'0.00',85),(43,1,1,'1474626947370915N1','2016-09-23 18:35:47','mf',NULL,NULL,'','127.0.0.1','0',1,'0.00',0),(44,1,1,'1474627523649120N1','2016-09-23 18:45:23','mf',NULL,NULL,'','127.0.0.1','0',1,'0.00',0),(45,1,1,'1474627752024819N1','2016-09-23 18:49:12','mf',NULL,NULL,'','127.0.0.1','0',1,'0.00',0),(46,1,1,'1474628085746029N1','2016-09-23 18:54:45','mf',NULL,NULL,'','127.0.0.1','0',1,'0.00',0),(47,1,1,'1474628263529861N1','2016-09-23 18:57:43','mf',NULL,NULL,'','127.0.0.1','0',1,'0.00',0),(48,1,1,'1474628606452739N1','2016-09-23 19:03:26','mf',NULL,NULL,'','127.0.0.1','39da68e2-2daa-6a37-09b7-fbb4f22c8c3d',1,'0.00',0),(49,1,1,'1474628756631059N1','2016-09-23 19:05:56','mf',NULL,NULL,'','127.0.0.1','39da68e4-193a-828a-1aab-0f47a0f654c0',1,'0.00',0),(50,1,1,'1474629679968704N1','2016-09-23 19:21:19','mf',NULL,NULL,'12','127.0.0.1','39da68f4-0fb2-f821-78a9-99ad2830749b',1,'0.00',82),(51,1,1,'1474629805108635N1','2016-09-23 19:23:25','mf',NULL,NULL,'12','127.0.0.1','39da68f5-ff6d-51e7-5b2c-f24403acc05e',1,'0.00',82),(52,1,1,'1474682592738961N1','2016-09-24 10:03:12','mf',NULL,NULL,'','127.0.0.1','39da6c1a-5d19-24a7-f1ff-f8e8f89b9df4',1,'0.00',0),(53,1,1,'1474682692937604N1','2016-09-24 10:04:52','mf',NULL,NULL,'','127.0.0.1','39da6c1a-5d19-24a7-f1ff-f8e8f89b9df4',1,'0.00',0),(54,1,1,'1474688904618407N1','2016-09-24 11:48:24',NULL,NULL,NULL,'','127.0.0.1','39da6c75-900d-c11b-d6e1-c0d5532c7fb6',1,'0.00',0),(55,1,1,'1474689008270381N1','2016-09-24 11:50:08',NULL,NULL,NULL,'','127.0.0.1','39da6c75-900d-c11b-d6e1-c0d5532c7fb6',1,'0.00',0),(56,1,1,'1474689482689275N1','2016-09-24 11:58:02',NULL,NULL,NULL,'','127.0.0.1','39da6c75-900d-c11b-d6e1-c0d5532c7fb6',1,'0.00',0),(57,1,1,'1474689556329781N1','2016-09-24 11:59:16',NULL,NULL,NULL,'','127.0.0.1','39da6c75-900d-c11b-d6e1-c0d5532c7fb6',1,'0.00',0),(58,1,1,'1474689570051683N1','2016-09-24 11:59:30',NULL,NULL,NULL,'','127.0.0.1','39da6c75-900d-c11b-d6e1-c0d5532c7fb6',1,'0.00',0),(59,1,1,'1474689574910468N1','2016-09-24 11:59:34',NULL,NULL,NULL,'','127.0.0.1','39da6c75-900d-c11b-d6e1-c0d5532c7fb6',1,'0.00',0),(60,1,1,'1474689576807526N1','2016-09-24 11:59:36',NULL,NULL,NULL,'','127.0.0.1','39da6c75-900d-c11b-d6e1-c0d5532c7fb6',1,'0.00',0),(61,1,1,'1474691120754820N1','2016-09-24 12:25:20',NULL,NULL,NULL,'','127.0.0.1','39da6c75-900d-c11b-d6e1-c0d5532c7fb6',1,'0.00',0),(62,1,1,'1474691321542370N1','2016-09-24 12:28:41',NULL,NULL,NULL,'','127.0.0.1','39da6c75-900d-c11b-d6e1-c0d5532c7fb6',1,'0.00',0),(63,1,1,'1474691393349801N1','2016-09-24 12:29:53',NULL,NULL,NULL,'','127.0.0.1','39da6c75-900d-c11b-d6e1-c0d5532c7fb6',1,'0.00',0),(64,1,1,'1474691413316729N1','2016-09-24 12:30:13',NULL,NULL,NULL,'','127.0.0.1','39da6c75-900d-c11b-d6e1-c0d5532c7fb6',1,'0.00',0),(65,1,1,'1474691480120635N1','2016-09-24 12:31:20',NULL,NULL,NULL,'','127.0.0.1','39da6c75-900d-c11b-d6e1-c0d5532c7fb6',1,'0.00',0),(66,1,1,'1474691727046193N1','2016-09-24 12:35:27',NULL,NULL,NULL,'','127.0.0.1','39da6c75-900d-c11b-d6e1-c0d5532c7fb6',1,'0.00',0),(67,1,1,'1474691769234175N1','2016-09-24 12:36:09',NULL,NULL,NULL,'','127.0.0.1','39da6c75-900d-c11b-d6e1-c0d5532c7fb6',1,'0.00',0),(68,1,1,'1474691771724351N1','2016-09-24 12:36:11',NULL,NULL,NULL,'','127.0.0.1','39da6c75-900d-c11b-d6e1-c0d5532c7fb6',1,'0.00',0),(69,1,1,'1474691791318507N1','2016-09-24 12:36:31',NULL,NULL,NULL,'','127.0.0.1','39da6c75-900d-c11b-d6e1-c0d5532c7fb6',1,'0.00',0),(70,1,1,'1474691793675092N1','2016-09-24 12:36:33',NULL,NULL,NULL,'','127.0.0.1','39da6c75-900d-c11b-d6e1-c0d5532c7fb6',1,'0.00',0),(71,1,1,'1474691794841073N1','2016-09-24 12:36:34',NULL,NULL,NULL,'','127.0.0.1','39da6c75-900d-c11b-d6e1-c0d5532c7fb6',1,'0.00',0),(72,1,1,'1474691796529061N1','2016-09-24 12:36:36',NULL,NULL,NULL,'','127.0.0.1','39da6c75-900d-c11b-d6e1-c0d5532c7fb6',1,'0.00',0),(73,1,1,'1474691818608241N1','2016-09-24 12:36:58',NULL,NULL,NULL,'','127.0.0.1','39da6c75-900d-c11b-d6e1-c0d5532c7fb6',1,'0.00',0),(74,1,1,'1474696701304719N1','2016-09-24 13:58:21','mf',NULL,NULL,'12345','127.0.0.1','39da6cf2-be33-76cf-90e5-a182a98c9c04',1,'0.00',8),(75,1,1,'1474696711618532N1','2016-09-24 13:58:31','mf',NULL,NULL,'12345','127.0.0.1','39da6cf2-be33-f3b3-b2c8-0f3850b64637',1,'0.00',8),(76,1,1,'1474696713386572N1','2016-09-24 13:58:33','mf',NULL,NULL,'12345','127.0.0.1','39da6cf2-be33-6663-3dd4-23a8ee411a76',1,'0.00',8),(77,1,1,'1474709205678952N1','2016-09-24 17:26:45','mf',NULL,NULL,'234','192.168.10.165','39da6db1-8a2a-cdc5-bf69-be141127d3ad',1,'0.00',435),(78,1,1,'1474709209968105N1','2016-09-24 17:26:49','mf',NULL,NULL,'234','192.168.10.165','39da6db1-8a44-b91a-6a23-0332feedbc20',1,'0.00',435),(79,1,1,'1474718369358796N1','2016-09-24 19:59:29','mf',NULL,NULL,'','192.168.10.165','39da6e3d-5e67-88c8-a05e-539b040c8d7a',1,'0.00',NULL),(80,1,1,'1474718379540237N1','2016-09-24 19:59:39','mf',NULL,NULL,'','192.168.10.165','39da6e3d-5e67-dee3-62c0-3025cbe13627',1,'0.00',NULL),(81,1,1,'1474719058547361N1','2016-09-24 20:10:58','mf',NULL,NULL,'','192.168.10.165','39da6e47-e25d-2f0d-133c-1c93c3bc80e1',1,'0.00',NULL),(82,1,1,'1474719059805614N1','2016-09-24 20:10:59','mf',NULL,NULL,'','192.168.10.165','39da6e47-e25d-dbd3-f47c-df13adc97380',1,'0.00',NULL),(83,1,1,'1474725999902653N1','2016-09-24 22:06:39','mf',NULL,NULL,NULL,'192.168.10.165','0',1,'0.00',0),(84,1,1,'1474726152972581N1','2016-09-24 22:09:12','mf',NULL,NULL,NULL,'127.0.0.1','39da6e90-15d9-f553-edc8-f786295dbda5',1,'0.00',0),(85,1,1,'1474726255157283N1','2016-09-24 22:10:55','mf',NULL,NULL,NULL,'127.0.0.1','39da6e90-15d9-f553-edc8-f786295dbda5',1,'0.00',0),(86,1,1,'1474726366012859N1','2016-09-24 22:12:46','mf',NULL,NULL,NULL,'127.0.0.1','39da6e90-15d9-f553-edc8-f786295dbda5',1,'0.00',0),(87,1,1,'1474726448983645N1','2016-09-24 22:14:08','mf',NULL,NULL,NULL,'127.0.0.1','39da6e90-15d9-f553-edc8-f786295dbda5',1,'0.00',0),(88,1,1,'1474726484301472N1','2016-09-24 22:14:44','mf',NULL,NULL,NULL,'127.0.0.1','39da6e90-15d9-f553-edc8-f786295dbda5',1,'0.00',0),(89,1,1,'1474726581789462N1','2016-09-24 22:16:21','mf',NULL,NULL,NULL,'127.0.0.1','39da6e90-15d9-f553-edc8-f786295dbda5',1,'0.00',0),(90,1,1,'1474726781724619N1','2016-09-24 22:19:41','mf',NULL,NULL,NULL,'127.0.0.1','39da6e90-15d9-f553-edc8-f786295dbda5',1,'0.00',0),(91,1,1,'1474727060852631N1','2016-09-24 22:24:20','mf',NULL,NULL,NULL,'127.0.0.1','39da6e90-15d9-f553-edc8-f786295dbda5',1,'0.00',0),(92,1,1,'1474727151475612N1','2016-09-24 22:25:51','mf',NULL,NULL,NULL,'127.0.0.1','39da6ec3-5e44-7b52-b1c9-be0c1068c4b9',1,'0.00',0),(93,1,1,'1474727729046853N1','2016-09-24 22:35:29','mf',NULL,NULL,NULL,'192.168.10.165','0',1,'0.00',0),(94,1,1,'1474727783803175N1','2016-09-24 22:36:23','mf',NULL,NULL,NULL,'192.168.10.165','39da6ecd-02f2-0abe-e60a-d2927c796914',1,'0.00',0),(95,1,1,'1474727788931726N1','2016-09-24 22:36:28','mf',NULL,NULL,NULL,'127.0.0.1','39da6ecd-169a-ff48-ff96-5a1cbce06cb3',1,'0.00',0),(96,1,1,'1474727880830714N1','2016-09-24 22:38:00','mf',NULL,NULL,NULL,'127.0.0.1','39da6ece-8047-30f5-94ab-51d138b5f14a',1,'0.00',0),(97,1,1,'1474727939156432N1','2016-09-24 22:38:59','mf',NULL,NULL,NULL,'127.0.0.1','39da6ecf-670a-8995-3d00-dac8b16effcd',1,'0.00',0),(98,1,1,'1474728010824951N1','2016-09-24 22:40:10','mf',NULL,NULL,NULL,'127.0.0.1','39da6ed0-7b38-2f34-b6c7-05762c6c647c',1,'0.00',0),(99,1,1,'1474728053820734N1','2016-09-24 22:40:53','mf',NULL,NULL,NULL,'127.0.0.1','39da6ed1-20ea-9567-41e3-d9790fcb75d2',1,'0.00',0),(100,1,1,'1474728104547038N1','2016-09-24 22:41:44','mf',NULL,NULL,NULL,'127.0.0.1','39da6ed1-e87f-ec32-6368-5794931b115f',1,'0.00',0),(101,1,1,'1474728220689753N1','2016-09-24 22:43:40','mf',NULL,NULL,NULL,'127.0.0.1','39da6ed3-aef7-6dac-7818-43a76830e84c',1,'0.00',0);

/*Table structure for table `zq_form_linkage_value` */

DROP TABLE IF EXISTS `zq_form_linkage_value`;

CREATE TABLE `zq_form_linkage_value` (
  `id` int(11) NOT NULL,
  `item_name` varchar(100) CHARACTER SET utf8 NOT NULL COMMENT '字段名称',
  `item_value` varchar(100) CHARACTER SET utf8 NOT NULL COMMENT '字段值',
  `item_type` tinyint(1) NOT NULL DEFAULT '0' COMMENT '字段类型1、父级2、子集',
  `form_id` int(11) NOT NULL,
  `parent_id` int(11) NOT NULL COMMENT '父级id',
  PRIMARY KEY (`id`),
  KEY `idx_form_id` (`form_id`) USING BTREE,
  KEY `idx_item_type` (`item_type`) USING BTREE,
  KEY `idx_paren_id` (`parent_id`) USING BTREE
) ENGINE=InnoDB DEFAULT CHARSET=utf8 COLLATE=utf8_unicode_ci ROW_FORMAT=COMPACT;

/*Data for the table `zq_form_linkage_value` */

/*Table structure for table `zq_form_value` */

DROP TABLE IF EXISTS `zq_form_value`;

CREATE TABLE `zq_form_value` (
  `id` int(11) NOT NULL,
  `form_id` int(11) NOT NULL,
  `item_name` varchar(100) COLLATE utf8_unicode_ci NOT NULL COMMENT '字段名',
  `item_value` varchar(100) CHARACTER SET utf8 NOT NULL COMMENT '字段值',
  PRIMARY KEY (`id`),
  KEY `idx_form_id` (`form_id`) USING BTREE
) ENGINE=InnoDB DEFAULT CHARSET=utf8 COLLATE=utf8_unicode_ci ROW_FORMAT=COMPACT;

/*Data for the table `zq_form_value` */

/*Table structure for table `zq_global_region` */

DROP TABLE IF EXISTS `zq_global_region`;

CREATE TABLE `zq_global_region` (
  `region_id` smallint(5) unsigned NOT NULL AUTO_INCREMENT,
  `parent_id` smallint(5) unsigned NOT NULL DEFAULT '0',
  `region_name` varchar(120) NOT NULL DEFAULT '',
  `region_type` tinyint(1) NOT NULL DEFAULT '2',
  PRIMARY KEY (`region_id`),
  KEY `parent_id` (`parent_id`) USING BTREE,
  KEY `region_type` (`region_type`) USING BTREE
) ENGINE=InnoDB AUTO_INCREMENT=3536 DEFAULT CHARSET=utf8;

/*Data for the table `zq_global_region` */

insert  into `zq_global_region`(`region_id`,`parent_id`,`region_name`,`region_type`) values (1,0,'北京市',1),(2,0,'天津市',1),(3,0,'河北省',1),(4,0,'山西省',1),(5,0,'内蒙古自治区',1),(6,0,'辽宁省',1),(7,0,'吉林省',1),(8,0,'黑龙江省',1),(9,0,'上海市',1),(10,0,'江苏省',1),(11,0,'浙江省',1),(12,0,'安徽省',1),(13,0,'福建省',1),(14,0,'江西省',1),(15,0,'山东省',1),(16,0,'河南省',1),(17,0,'湖北省',1),(18,0,'湖南省',1),(19,0,'广东省',1),(20,0,'广西壮族自治区',1),(21,0,'海南省',1),(22,0,'重庆市',1),(23,0,'四川省',1),(24,0,'贵州省',1),(25,0,'云南省',1),(26,0,'西藏自治区',1),(27,0,'陕西省',1),(28,0,'甘肃省',1),(29,0,'青海省',1),(30,0,'宁夏回族自治区',1),(31,0,'新疆维吾尔自治区',1),(32,0,'香港特别行政区',1),(33,0,'澳门特别行政区',1),(34,0,'台湾省',1),(64,1,'北京市',2),(65,2,'天津市',2),(66,3,'石家庄市',2),(67,3,'唐山市',2),(68,3,'秦皇岛市',2),(69,3,'邯郸市',2),(70,3,'邢台市',2),(71,3,'保定市',2),(72,3,'张家口市',2),(73,3,'承德市',2),(74,3,'沧州市',2),(75,3,'廊坊市',2),(76,3,'衡水市',2),(77,4,'太原市',2),(78,4,'大同市',2),(79,4,'阳泉市',2),(80,4,'长治市',2),(81,4,'晋城市',2),(82,4,'朔州市',2),(83,4,'晋中市',2),(84,4,'运城市',2),(85,4,'忻州市',2),(86,4,'临汾市',2),(87,4,'吕梁市',2),(88,5,'呼和浩特市',2),(89,5,'包头市',2),(90,5,'乌海市',2),(91,5,'赤峰市',2),(92,5,'通辽市',2),(93,5,'鄂尔多斯市',2),(94,5,'呼伦贝尔市',2),(95,5,'巴彦淖尔市',2),(96,5,'乌兰察布市',2),(97,5,'兴安盟',2),(98,5,'锡林郭勒盟',2),(99,5,'阿拉善盟',2),(100,6,'沈阳市',2),(101,6,'大连市',2),(102,6,'鞍山市',2),(103,6,'抚顺市',2),(104,6,'本溪市',2),(105,6,'丹东市',2),(106,6,'锦州市',2),(107,6,'营口市',2),(108,6,'阜新市',2),(109,6,'辽阳市',2),(110,6,'盘锦市',2),(111,6,'铁岭市',2),(112,6,'朝阳市',2),(113,6,'葫芦岛市',2),(114,7,'长春市',2),(115,7,'吉林市',2),(116,7,'四平市',2),(117,7,'辽源市',2),(118,7,'通化市',2),(119,7,'白山市',2),(120,7,'松原市',2),(121,7,'白城市',2),(122,7,'延边朝鲜族自治州',2),(123,8,'哈尔滨市',2),(124,8,'齐齐哈尔市',2),(125,8,'鸡西市',2),(126,8,'鹤岗市',2),(127,8,'双鸭山市',2),(128,8,'大庆市',2),(129,8,'伊春市',2),(130,8,'佳木斯市',2),(131,8,'七台河市',2),(132,8,'牡丹江市',2),(133,8,'黑河市',2),(134,8,'绥化市',2),(135,8,'大兴安岭地区',2),(136,9,'上海市',2),(137,10,'南京市',2),(138,10,'无锡市',2),(139,10,'徐州市',2),(140,10,'常州市',2),(141,10,'苏州市',2),(142,10,'南通市',2),(143,10,'连云港市',2),(144,10,'淮安市',2),(145,10,'盐城市',2),(146,10,'扬州市',2),(147,10,'镇江市',2),(148,10,'泰州市',2),(149,10,'宿迁市',2),(150,11,'杭州市',2),(151,11,'宁波市',2),(152,11,'温州市',2),(153,11,'嘉兴市',2),(154,11,'湖州市',2),(155,11,'绍兴市',2),(156,11,'金华市',2),(157,11,'衢州市',2),(158,11,'舟山市',2),(159,11,'台州市',2),(160,11,'丽水市',2),(161,12,'合肥市',2),(162,12,'芜湖市',2),(163,12,'蚌埠市',2),(164,12,'淮南市',2),(165,12,'马鞍山市',2),(166,12,'淮北市',2),(167,12,'铜陵市',2),(168,12,'安庆市',2),(169,12,'黄山市',2),(170,12,'滁州市',2),(171,12,'阜阳市',2),(172,12,'宿州市',2),(173,12,'巢湖市',2),(174,12,'六安市',2),(175,12,'亳州市',2),(176,12,'池州市',2),(177,12,'宣城市',2),(178,13,'福州市',2),(179,13,'厦门市',2),(180,13,'莆田市',2),(181,13,'三明市',2),(182,13,'泉州市',2),(183,13,'漳州市',2),(184,13,'南平市',2),(185,13,'龙岩市',2),(186,13,'宁德市',2),(187,14,'南昌市',2),(188,14,'景德镇市',2),(189,14,'萍乡市',2),(190,14,'九江市',2),(191,14,'新余市',2),(192,14,'鹰潭市',2),(193,14,'赣州市',2),(194,14,'吉安市',2),(195,14,'宜春市',2),(196,14,'抚州市',2),(197,14,'上饶市',2),(198,15,'济南市',2),(199,15,'青岛市',2),(200,15,'淄博市',2),(201,15,'枣庄市',2),(202,15,'东营市',2),(203,15,'烟台市',2),(204,15,'潍坊市',2),(205,15,'济宁市',2),(206,15,'泰安市',2),(207,15,'威海市',2),(208,15,'日照市',2),(209,15,'莱芜市',2),(210,15,'临沂市',2),(211,15,'德州市',2),(212,15,'聊城市',2),(213,15,'滨州市',2),(214,15,'荷泽市',2),(215,16,'郑州市',2),(216,16,'开封市',2),(217,16,'洛阳市',2),(218,16,'平顶山市',2),(219,16,'安阳市',2),(220,16,'鹤壁市',2),(221,16,'新乡市',2),(222,16,'焦作市',2),(223,16,'濮阳市',2),(224,16,'许昌市',2),(225,16,'漯河市',2),(226,16,'三门峡市',2),(227,16,'南阳市',2),(228,16,'商丘市',2),(229,16,'信阳市',2),(230,16,'周口市',2),(231,16,'驻马店市',2),(232,17,'武汉市',2),(233,17,'黄石市',2),(234,17,'十堰市',2),(235,17,'宜昌市',2),(236,17,'襄樊市',2),(237,17,'鄂州市',2),(238,17,'荆门市',2),(239,17,'孝感市',2),(240,17,'荆州市',2),(241,17,'黄冈市',2),(242,17,'咸宁市',2),(243,17,'随州市',2),(244,17,'恩施土家族苗族自治州',2),(245,17,'神农架',2),(246,18,'长沙市',2),(247,18,'株洲市',2),(248,18,'湘潭市',2),(249,18,'衡阳市',2),(250,18,'邵阳市',2),(251,18,'岳阳市',2),(252,18,'常德市',2),(253,18,'张家界市',2),(254,18,'益阳市',2),(255,18,'郴州市',2),(256,18,'永州市',2),(257,18,'怀化市',2),(258,18,'娄底市',2),(259,18,'湘西土家族苗族自治州',2),(260,19,'广州市',2),(261,19,'韶关市',2),(262,19,'深圳市',2),(263,19,'珠海市',2),(264,19,'汕头市',2),(265,19,'佛山市',2),(266,19,'江门市',2),(267,19,'湛江市',2),(268,19,'茂名市',2),(269,19,'肇庆市',2),(270,19,'惠州市',2),(271,19,'梅州市',2),(272,19,'汕尾市',2),(273,19,'河源市',2),(274,19,'阳江市',2),(275,19,'清远市',2),(276,19,'东莞市',2),(277,19,'中山市',2),(278,19,'潮州市',2),(279,19,'揭阳市',2),(280,19,'云浮市',2),(281,20,'南宁市',2),(282,20,'柳州市',2),(283,20,'桂林市',2),(284,20,'梧州市',2),(285,20,'北海市',2),(286,20,'防城港市',2),(287,20,'钦州市',2),(288,20,'贵港市',2),(289,20,'玉林市',2),(290,20,'百色市',2),(291,20,'贺州市',2),(292,20,'河池市',2),(293,20,'来宾市',2),(294,20,'崇左市',2),(295,21,'海口市',2),(296,21,'三亚市',2),(297,22,'重庆市',2),(298,23,'成都市',2),(299,23,'自贡市',2),(300,23,'攀枝花市',2),(301,23,'泸州市',2),(302,23,'德阳市',2),(303,23,'绵阳市',2),(304,23,'广元市',2),(305,23,'遂宁市',2),(306,23,'内江市',2),(307,23,'乐山市',2),(308,23,'南充市',2),(309,23,'眉山市',2),(310,23,'宜宾市',2),(311,23,'广安市',2),(312,23,'达州市',2),(313,23,'雅安市',2),(314,23,'巴中市',2),(315,23,'资阳市',2),(316,23,'阿坝藏族羌族自治州',2),(317,23,'甘孜藏族自治州',2),(318,23,'凉山彝族自治州',2),(319,24,'贵阳市',2),(320,24,'六盘水市',2),(321,24,'遵义市',2),(322,24,'安顺市',2),(323,24,'铜仁地区',2),(324,24,'黔西南布依族苗族自治州',2),(325,24,'毕节地区',2),(326,24,'黔东南苗族侗族自治州',2),(327,24,'黔南布依族苗族自治州',2),(328,25,'昆明市',2),(329,25,'曲靖市',2),(330,25,'玉溪市',2),(331,25,'保山市',2),(332,25,'昭通市',2),(333,25,'丽江市',2),(334,25,'思茅市',2),(335,25,'临沧市',2),(336,25,'楚雄彝族自治州',2),(337,25,'红河哈尼族彝族自治州',2),(338,25,'文山壮族苗族自治州',2),(339,25,'西双版纳傣族自治州',2),(340,25,'大理白族自治州',2),(341,25,'德宏傣族景颇族自治州',2),(342,25,'怒江傈僳族自治州',2),(343,25,'迪庆藏族自治州',2),(344,26,'拉萨市',2),(345,26,'昌都地区',2),(346,26,'山南地区',2),(347,26,'日喀则地区',2),(348,26,'那曲地区',2),(349,26,'阿里地区',2),(350,26,'林芝地区',2),(351,27,'西安市',2),(352,27,'铜川市',2),(353,27,'宝鸡市',2),(354,27,'咸阳市',2),(355,27,'渭南市',2),(356,27,'延安市',2),(357,27,'汉中市',2),(358,27,'榆林市',2),(359,27,'安康市',2),(360,27,'商洛市',2),(361,28,'兰州市',2),(362,28,'嘉峪关市',2),(363,28,'金昌市',2),(364,28,'白银市',2),(365,28,'天水市',2),(366,28,'武威市',2),(367,28,'张掖市',2),(368,28,'平凉市',2),(369,28,'酒泉市',2),(370,28,'庆阳市',2),(371,28,'定西市',2),(372,28,'陇南市',2),(373,28,'临夏回族自治州',2),(374,28,'甘南藏族自治州',2),(375,29,'西宁市',2),(376,29,'海东地区',2),(377,29,'海北藏族自治州',2),(378,29,'黄南藏族自治州',2),(379,29,'海南藏族自治州',2),(380,29,'果洛藏族自治州',2),(381,29,'玉树藏族自治州',2),(382,29,'海西蒙古族藏族自治州',2),(383,30,'银川市',2),(384,30,'石嘴山市',2),(385,30,'吴忠市',2),(386,30,'固原市',2),(387,30,'中卫市',2),(388,31,'乌鲁木齐市',2),(389,31,'克拉玛依市',2),(390,31,'吐鲁番地区',2),(391,31,'哈密地区',2),(392,31,'昌吉回族自治州',2),(393,31,'博尔塔拉蒙古自治州',2),(394,31,'巴音郭楞蒙古自治州',2),(395,31,'阿克苏地区',2),(396,31,'克孜勒苏柯尔克孜自治州',2),(397,31,'喀什地区',2),(398,31,'和田地区',2),(399,31,'伊犁哈萨克自治州',2),(400,31,'塔城地区',2),(401,31,'阿勒泰地区',2),(402,31,'石河子市',2),(403,31,'阿拉尔市',2),(404,31,'图木舒克市',2),(405,31,'五家渠市',2),(406,32,'香港特别行政区',2),(407,33,'澳门特别行政区',2),(408,34,'台湾省',2),(575,1,'东城区',3),(576,1,'西城区',3),(577,1,'崇文区',3),(578,1,'宣武区',3),(579,1,'朝阳区',3),(580,1,'丰台区',3),(581,1,'石景山区',3),(582,1,'海淀区',3),(583,1,'门头沟区',3),(584,1,'房山区',3),(585,1,'通州区',3),(586,1,'顺义区',3),(587,1,'昌平区',3),(588,1,'大兴区',3),(589,1,'怀柔区',3),(590,1,'平谷区',3),(591,1,'密云县',3),(592,1,'延庆县',3),(593,2,'和平区',3),(594,2,'河东区',3),(595,2,'河西区',3),(596,2,'南开区',3),(597,2,'河北区',3),(598,2,'红桥区',3),(599,2,'塘沽区',3),(600,2,'汉沽区',3),(601,2,'大港区',3),(602,2,'东丽区',3),(603,2,'西青区',3),(604,2,'津南区',3),(605,2,'北辰区',3),(606,2,'武清区',3),(607,2,'宝坻区',3),(608,2,'宁河县',3),(609,2,'静海县',3),(610,2,'蓟县',3),(611,9,'黄浦区',3),(612,9,'卢湾区',3),(613,9,'徐汇区',3),(614,9,'长宁区',3),(615,9,'静安区',3),(616,9,'普陀区',3),(617,9,'闸北区',3),(618,9,'虹口区',3),(619,9,'杨浦区',3),(620,9,'闵行区',3),(621,9,'宝山区',3),(622,9,'嘉定区',3),(623,9,'浦东新区',3),(624,9,'金山区',3),(625,9,'松江区',3),(626,9,'青浦区',3),(627,9,'南汇区',3),(628,9,'奉贤区',3),(629,9,'崇明县',3),(630,22,'万州区',3),(631,22,'涪陵区',3),(632,22,'渝中区',3),(633,22,'大渡口区',3),(634,22,'江北区',3),(635,22,'沙坪坝区',3),(636,22,'九龙坡区',3),(637,22,'南岸区',3),(638,22,'北碚区',3),(639,22,'万盛区',3),(640,22,'双桥区',3),(641,22,'渝北区',3),(642,22,'巴南区',3),(643,22,'黔江区',3),(644,22,'长寿区',3),(645,22,'綦江县',3),(646,22,'潼南县',3),(647,22,'铜梁县',3),(648,22,'大足县',3),(649,22,'荣昌县',3),(650,22,'璧山县',3),(651,22,'梁平县',3),(652,22,'城口县',3),(653,22,'丰都县',3),(654,22,'垫江县',3),(655,22,'武隆县',3),(656,22,'忠县',3),(657,22,'开县',3),(658,22,'云阳县',3),(659,22,'奉节县',3),(660,22,'巫山县',3),(661,22,'巫溪县',3),(662,22,'石柱土家族自治县',3),(663,22,'秀山土家族苗族自治县',3),(664,22,'酉阳土家族苗族自治县',3),(665,22,'彭水苗族土家族自治县',3),(666,22,'江津市',3),(667,22,'合川市',3),(668,22,'永川市',3),(669,22,'南川市',3),(670,64,'东城区',3),(671,64,'西城区',3),(672,64,'崇文区',3),(673,64,'宣武区',3),(674,64,'朝阳区',3),(675,64,'丰台区',3),(676,64,'石景山区',3),(677,64,'海淀区',3),(678,64,'门头沟区',3),(679,64,'房山区',3),(680,64,'通州区',3),(681,64,'顺义区',3),(682,64,'昌平区',3),(683,64,'大兴区',3),(684,64,'怀柔区',3),(685,64,'平谷区',3),(686,64,'密云县',3),(687,64,'延庆县',3),(688,65,'和平区',3),(689,65,'河东区',3),(690,65,'河西区',3),(691,65,'南开区',3),(692,65,'河北区',3),(693,65,'红桥区',3),(694,65,'塘沽区',3),(695,65,'汉沽区',3),(696,65,'大港区',3),(697,65,'东丽区',3),(698,65,'西青区',3),(699,65,'津南区',3),(700,65,'北辰区',3),(701,65,'武清区',3),(702,65,'宝坻区',3),(703,65,'宁河县',3),(704,65,'静海县',3),(705,65,'蓟县',3),(706,66,'长安区',3),(707,66,'桥东区',3),(708,66,'桥西区',3),(709,66,'新华区',3),(710,66,'井陉矿区',3),(711,66,'裕华区',3),(712,66,'井陉县',3),(713,66,'正定县',3),(714,66,'栾城县',3),(715,66,'行唐县',3),(716,66,'灵寿县',3),(717,66,'高邑县',3),(718,66,'深泽县',3),(719,66,'赞皇县',3),(720,66,'无极县',3),(721,66,'平山县',3),(722,66,'元氏县',3),(723,66,'赵县',3),(724,66,'辛集市',3),(725,66,'藁城市',3),(726,66,'晋州市',3),(727,66,'新乐市',3),(728,66,'鹿泉市',3),(729,67,'路南区',3),(730,67,'路北区',3),(731,67,'古冶区',3),(732,67,'开平区',3),(733,67,'丰南区',3),(734,67,'丰润区',3),(735,67,'滦县',3),(736,67,'滦南县',3),(737,67,'乐亭县',3),(738,67,'迁西县',3),(739,67,'玉田县',3),(740,67,'唐海县',3),(741,67,'遵化市',3),(742,67,'迁安市',3),(743,68,'海港区',3),(744,68,'山海关区',3),(745,68,'北戴河区',3),(746,68,'青龙满族自治县',3),(747,68,'昌黎县',3),(748,68,'抚宁县',3),(749,68,'卢龙县',3),(750,69,'邯山区',3),(751,69,'丛台区',3),(752,69,'复兴区',3),(753,69,'峰峰矿区',3),(754,69,'邯郸县',3),(755,69,'临漳县',3),(756,69,'成安县',3),(757,69,'大名县',3),(758,69,'涉县',3),(759,69,'磁县',3),(760,69,'肥乡县',3),(761,69,'永年县',3),(762,69,'邱县',3),(763,69,'鸡泽县',3),(764,69,'广平县',3),(765,69,'馆陶县',3),(766,69,'魏县',3),(767,69,'曲周县',3),(768,69,'武安市',3),(769,70,'桥东区',3),(770,70,'桥西区',3),(771,70,'邢台县',3),(772,70,'临城县',3),(773,70,'内丘县',3),(774,70,'柏乡县',3),(775,70,'隆尧县',3),(776,70,'任县',3),(777,70,'南和县',3),(778,70,'宁晋县',3),(779,70,'巨鹿县',3),(780,70,'新河县',3),(781,70,'广宗县',3),(782,70,'平乡县',3),(783,70,'威县',3),(784,70,'清河县',3),(785,70,'临西县',3),(786,70,'南宫市',3),(787,70,'沙河市',3),(788,71,'新市区',3),(789,71,'北市区',3),(790,71,'南市区',3),(791,71,'满城县',3),(792,71,'清苑县',3),(793,71,'涞水县',3),(794,71,'阜平县',3),(795,71,'徐水县',3),(796,71,'定兴县',3),(797,71,'唐县',3),(798,71,'高阳县',3),(799,71,'容城县',3),(800,71,'涞源县',3),(801,71,'望都县',3),(802,71,'安新县',3),(803,71,'易县',3),(804,71,'曲阳县',3),(805,71,'蠡县',3),(806,71,'顺平县',3),(807,71,'博野县',3),(808,71,'雄县',3),(809,71,'涿州市',3),(810,71,'定州市',3),(811,71,'安国市',3),(812,71,'高碑店市',3),(813,72,'桥东区',3),(814,72,'桥西区',3),(815,72,'宣化区',3),(816,72,'下花园区',3),(817,72,'宣化县',3),(818,72,'张北县',3),(819,72,'康保县',3),(820,72,'沽源县',3),(821,72,'尚义县',3),(822,72,'蔚县',3),(823,72,'阳原县',3),(824,72,'怀安县',3),(825,72,'万全县',3),(826,72,'怀来县',3),(827,72,'涿鹿县',3),(828,72,'赤城县',3),(829,72,'崇礼县',3),(830,73,'双桥区',3),(831,73,'双滦区',3),(832,73,'鹰手营子矿区',3),(833,73,'承德县',3),(834,73,'兴隆县',3),(835,73,'平泉县',3),(836,73,'滦平县',3),(837,73,'隆化县',3),(838,73,'丰宁满族自治县',3),(839,73,'宽城满族自治县',3),(840,73,'围场满族蒙古族自治县',3),(841,74,'新华区',3),(842,74,'运河区',3),(843,74,'沧县',3),(844,74,'青县',3),(845,74,'东光县',3),(846,74,'海兴县',3),(847,74,'盐山县',3),(848,74,'肃宁县',3),(849,74,'南皮县',3),(850,74,'吴桥县',3),(851,74,'献县',3),(852,74,'孟村回族自治县',3),(853,74,'泊头市',3),(854,74,'任丘市',3),(855,74,'黄骅市',3),(856,74,'河间市',3),(857,75,'安次区',3),(858,75,'广阳区',3),(859,75,'固安县',3),(860,75,'永清县',3),(861,75,'香河县',3),(862,75,'大城县',3),(863,75,'文安县',3),(864,75,'大厂回族自治县',3),(865,75,'霸州市',3),(866,75,'三河市',3),(867,76,'桃城区',3),(868,76,'枣强县',3),(869,76,'武邑县',3),(870,76,'武强县',3),(871,76,'饶阳县',3),(872,76,'安平县',3),(873,76,'故城县',3),(874,76,'景县',3),(875,76,'阜城县',3),(876,76,'冀州市',3),(877,76,'深州市',3),(878,77,'小店区',3),(879,77,'迎泽区',3),(880,77,'杏花岭区',3),(881,77,'尖草坪区',3),(882,77,'万柏林区',3),(883,77,'晋源区',3),(884,77,'清徐县',3),(885,77,'阳曲县',3),(886,77,'娄烦县',3),(887,77,'古交市',3),(888,78,'城区',3),(889,78,'矿区',3),(890,78,'南郊区',3),(891,78,'新荣区',3),(892,78,'阳高县',3),(893,78,'天镇县',3),(894,78,'广灵县',3),(895,78,'灵丘县',3),(896,78,'浑源县',3),(897,78,'左云县',3),(898,78,'大同县',3),(899,79,'城区',3),(900,79,'矿区',3),(901,79,'郊区',3),(902,79,'平定县',3),(903,79,'盂县',3),(904,80,'城区',3),(905,80,'郊区',3),(906,80,'长治县',3),(907,80,'襄垣县',3),(908,80,'屯留县',3),(909,80,'平顺县',3),(910,80,'黎城县',3),(911,80,'壶关县',3),(912,80,'长子县',3),(913,80,'武乡县',3),(914,80,'沁县',3),(915,80,'沁源县',3),(916,80,'潞城市',3),(917,81,'城区',3),(918,81,'沁水县',3),(919,81,'阳城县',3),(920,81,'陵川县',3),(921,81,'泽州县',3),(922,81,'高平市',3),(923,82,'朔城区',3),(924,82,'平鲁区',3),(925,82,'山阴县',3),(926,82,'应县',3),(927,82,'右玉县',3),(928,82,'怀仁县',3),(929,83,'榆次区',3),(930,83,'榆社县',3),(931,83,'左权县',3),(932,83,'和顺县',3),(933,83,'昔阳县',3),(934,83,'寿阳县',3),(935,83,'太谷县',3),(936,83,'祁县',3),(937,83,'平遥县',3),(938,83,'灵石县',3),(939,83,'介休市',3),(940,84,'盐湖区',3),(941,84,'临猗县',3),(942,84,'万荣县',3),(943,84,'闻喜县',3),(944,84,'稷山县',3),(945,84,'新绛县',3),(946,84,'绛县',3),(947,84,'垣曲县',3),(948,84,'夏县',3),(949,84,'平陆县',3),(950,84,'芮城县',3),(951,84,'永济市',3),(952,84,'河津市',3),(953,85,'忻府区',3),(954,85,'定襄县',3),(955,85,'五台县',3),(956,85,'代县',3),(957,85,'繁峙县',3),(958,85,'宁武县',3),(959,85,'静乐县',3),(960,85,'神池县',3),(961,85,'五寨县',3),(962,85,'岢岚县',3),(963,85,'河曲县',3),(964,85,'保德县',3),(965,85,'偏关县',3),(966,85,'原平市',3),(967,86,'尧都区',3),(968,86,'曲沃县',3),(969,86,'翼城县',3),(970,86,'襄汾县',3),(971,86,'洪洞县',3),(972,86,'古县',3),(973,86,'安泽县',3),(974,86,'浮山县',3),(975,86,'吉县',3),(976,86,'乡宁县',3),(977,86,'大宁县',3),(978,86,'隰县',3),(979,86,'永和县',3),(980,86,'蒲县',3),(981,86,'汾西县',3),(982,86,'侯马市',3),(983,86,'霍州市',3),(984,87,'离石区',3),(985,87,'文水县',3),(986,87,'交城县',3),(987,87,'兴县',3),(988,87,'临县',3),(989,87,'柳林县',3),(990,87,'石楼县',3),(991,87,'岚县',3),(992,87,'方山县',3),(993,87,'中阳县',3),(994,87,'交口县',3),(995,87,'孝义市',3),(996,87,'汾阳市',3),(997,88,'新城区',3),(998,88,'回民区',3),(999,88,'玉泉区',3),(1000,88,'赛罕区',3),(1001,88,'土默特左旗',3),(1002,88,'托克托县',3),(1003,88,'和林格尔县',3),(1004,88,'清水河县',3),(1005,88,'武川县',3),(1006,89,'东河区',3),(1007,89,'昆都仑区',3),(1008,89,'青山区',3),(1009,89,'石拐区',3),(1010,89,'白云矿区',3),(1011,89,'九原区',3),(1012,89,'土默特右旗',3),(1013,89,'固阳县',3),(1014,89,'达尔罕茂明安联合旗',3),(1015,90,'海勃湾区',3),(1016,90,'海南区',3),(1017,90,'乌达区',3),(1018,91,'红山区',3),(1019,91,'元宝山区',3),(1020,91,'松山区',3),(1021,91,'阿鲁科尔沁旗',3),(1022,91,'巴林左旗',3),(1023,91,'巴林右旗',3),(1024,91,'林西县',3),(1025,91,'克什克腾旗',3),(1026,91,'翁牛特旗',3),(1027,91,'喀喇沁旗',3),(1028,91,'宁城县',3),(1029,91,'敖汉旗',3),(1030,92,'科尔沁区',3),(1031,92,'科尔沁左翼中旗',3),(1032,92,'科尔沁左翼后旗',3),(1033,92,'开鲁县',3),(1034,92,'库伦旗',3),(1035,92,'奈曼旗',3),(1036,92,'扎鲁特旗',3),(1037,92,'霍林郭勒市',3),(1038,93,'东胜区',3),(1039,93,'达拉特旗',3),(1040,93,'准格尔旗',3),(1041,93,'鄂托克前旗',3),(1042,93,'鄂托克旗',3),(1043,93,'杭锦旗',3),(1044,93,'乌审旗',3),(1045,93,'伊金霍洛旗',3),(1046,94,'海拉尔区',3),(1047,94,'阿荣旗',3),(1048,94,'莫力达瓦达斡尔族自治旗',3),(1049,94,'鄂伦春自治旗',3),(1050,94,'鄂温克族自治旗',3),(1051,94,'陈巴尔虎旗',3),(1052,94,'新巴尔虎左旗',3),(1053,94,'新巴尔虎右旗',3),(1054,94,'满洲里市',3),(1055,94,'牙克石市',3),(1056,94,'扎兰屯市',3),(1057,94,'额尔古纳市',3),(1058,94,'根河市',3),(1059,95,'临河区',3),(1060,95,'五原县',3),(1061,95,'磴口县',3),(1062,95,'乌拉特前旗',3),(1063,95,'乌拉特中旗',3),(1064,95,'乌拉特后旗',3),(1065,95,'杭锦后旗',3),(1066,96,'集宁区',3),(1067,96,'卓资县',3),(1068,96,'化德县',3),(1069,96,'商都县',3),(1070,96,'兴和县',3),(1071,96,'凉城县',3),(1072,96,'察哈尔右翼前旗',3),(1073,96,'察哈尔右翼中旗',3),(1074,96,'察哈尔右翼后旗',3),(1075,96,'四子王旗',3),(1076,96,'丰镇市',3),(1077,97,'乌兰浩特市',3),(1078,97,'阿尔山市',3),(1079,97,'科尔沁右翼前旗',3),(1080,97,'科尔沁右翼中旗',3),(1081,97,'扎赉特旗',3),(1082,97,'突泉县',3),(1083,98,'二连浩特市',3),(1084,98,'锡林浩特市',3),(1085,98,'阿巴嘎旗',3),(1086,98,'苏尼特左旗',3),(1087,98,'苏尼特右旗',3),(1088,98,'东乌珠穆沁旗',3),(1089,98,'西乌珠穆沁旗',3),(1090,98,'太仆寺旗',3),(1091,98,'镶黄旗',3),(1092,98,'正镶白旗',3),(1093,98,'正蓝旗',3),(1094,98,'多伦县',3),(1095,99,'阿拉善左旗',3),(1096,99,'阿拉善右旗',3),(1097,99,'额济纳旗',3),(1098,100,'和平区',3),(1099,100,'沈河区',3),(1100,100,'大东区',3),(1101,100,'皇姑区',3),(1102,100,'铁西区',3),(1103,100,'苏家屯区',3),(1104,100,'东陵区',3),(1105,100,'新城子区',3),(1106,100,'于洪区',3),(1107,100,'辽中县',3),(1108,100,'康平县',3),(1109,100,'法库县',3),(1110,100,'新民市',3),(1111,101,'中山区',3),(1112,101,'西岗区',3),(1113,101,'沙河口区',3),(1114,101,'甘井子区',3),(1115,101,'旅顺口区',3),(1116,101,'金州区',3),(1117,101,'长海县',3),(1118,101,'瓦房店市',3),(1119,101,'普兰店市',3),(1120,101,'庄河市',3),(1121,102,'铁东区',3),(1122,102,'铁西区',3),(1123,102,'立山区',3),(1124,102,'千山区',3),(1125,102,'台安县',3),(1126,102,'岫岩满族自治县',3),(1127,102,'海城市',3),(1128,103,'新抚区',3),(1129,103,'东洲区',3),(1130,103,'望花区',3),(1131,103,'顺城区',3),(1132,103,'抚顺县',3),(1133,103,'新宾满族自治县',3),(1134,103,'清原满族自治县',3),(1135,104,'平山区',3),(1136,104,'溪湖区',3),(1137,104,'明山区',3),(1138,104,'南芬区',3),(1139,104,'本溪满族自治县',3),(1140,104,'桓仁满族自治县',3),(1141,105,'元宝区',3),(1142,105,'振兴区',3),(1143,105,'振安区',3),(1144,105,'宽甸满族自治县',3),(1145,105,'东港市',3),(1146,105,'凤城市',3),(1147,106,'古塔区',3),(1148,106,'凌河区',3),(1149,106,'太和区',3),(1150,106,'黑山县',3),(1151,106,'义县',3),(1152,106,'凌海市',3),(1153,106,'北宁市',3),(1154,107,'站前区',3),(1155,107,'西市区',3),(1156,107,'鲅鱼圈区',3),(1157,107,'老边区',3),(1158,107,'盖州市',3),(1159,107,'大石桥市',3),(1160,108,'海州区',3),(1161,108,'新邱区',3),(1162,108,'太平区',3),(1163,108,'清河门区',3),(1164,108,'细河区',3),(1165,108,'阜新蒙古族自治县',3),(1166,108,'彰武县',3),(1167,109,'白塔区',3),(1168,109,'文圣区',3),(1169,109,'宏伟区',3),(1170,109,'弓长岭区',3),(1171,109,'太子河区',3),(1172,109,'辽阳县',3),(1173,109,'灯塔市',3),(1174,110,'双台子区',3),(1175,110,'兴隆台区',3),(1176,110,'大洼县',3),(1177,110,'盘山县',3),(1178,111,'银州区',3),(1179,111,'清河区',3),(1180,111,'铁岭县',3),(1181,111,'西丰县',3),(1182,111,'昌图县',3),(1183,111,'调兵山市',3),(1184,111,'开原市',3),(1185,112,'双塔区',3),(1186,112,'龙城区',3),(1187,112,'朝阳县',3),(1188,112,'建平县',3),(1189,112,'喀喇沁左翼蒙古族自治县',3),(1190,112,'北票市',3),(1191,112,'凌源市',3),(1192,113,'连山区',3),(1193,113,'龙港区',3),(1194,113,'南票区',3),(1195,113,'绥中县',3),(1196,113,'建昌县',3),(1197,113,'兴城市',3),(1198,114,'南关区',3),(1199,114,'宽城区',3),(1200,114,'朝阳区',3),(1201,114,'二道区',3),(1202,114,'绿园区',3),(1203,114,'双阳区',3),(1204,114,'农安县',3),(1205,114,'九台市',3),(1206,114,'榆树市',3),(1207,114,'德惠市',3),(1208,115,'昌邑区',3),(1209,115,'龙潭区',3),(1210,115,'船营区',3),(1211,115,'丰满区',3),(1212,115,'永吉县',3),(1213,115,'蛟河市',3),(1214,115,'桦甸市',3),(1215,115,'舒兰市',3),(1216,115,'磐石市',3),(1217,116,'铁西区',3),(1218,116,'铁东区',3),(1219,116,'梨树县',3),(1220,116,'伊通满族自治县',3),(1221,116,'公主岭市',3),(1222,116,'双辽市',3),(1223,117,'龙山区',3),(1224,117,'西安区',3),(1225,117,'东丰县',3),(1226,117,'东辽县',3),(1227,118,'东昌区',3),(1228,118,'二道江区',3),(1229,118,'通化县',3),(1230,118,'辉南县',3),(1231,118,'柳河县',3),(1232,118,'梅河口市',3),(1233,118,'集安市',3),(1234,119,'八道江区',3),(1235,119,'抚松县',3),(1236,119,'靖宇县',3),(1237,119,'长白朝鲜族自治县',3),(1238,119,'江源县',3),(1239,119,'临江市',3),(1240,120,'宁江区',3),(1241,120,'前郭尔罗斯蒙古族自治县',3),(1242,120,'长岭县',3),(1243,120,'乾安县',3),(1244,120,'扶余县',3),(1245,121,'洮北区',3),(1246,121,'镇赉县',3),(1247,121,'通榆县',3),(1248,121,'洮南市',3),(1249,121,'大安市',3),(1250,122,'延吉市',3),(1251,122,'图们市',3),(1252,122,'敦化市',3),(1253,122,'珲春市',3),(1254,122,'龙井市',3),(1255,122,'和龙市',3),(1256,122,'汪清县',3),(1257,122,'安图县',3),(1258,123,'道里区',3),(1259,123,'南岗区',3),(1260,123,'道外区',3),(1261,123,'香坊区',3),(1262,123,'动力区',3),(1263,123,'平房区',3),(1264,123,'松北区',3),(1265,123,'呼兰区',3),(1266,123,'依兰县',3),(1267,123,'方正县',3),(1268,123,'宾县',3),(1269,123,'巴彦县',3),(1270,123,'木兰县',3),(1271,123,'通河县',3),(1272,123,'延寿县',3),(1273,123,'阿城市',3),(1274,123,'双城市',3),(1275,123,'尚志市',3),(1276,123,'五常市',3),(1277,124,'龙沙区',3),(1278,124,'建华区',3),(1279,124,'铁锋区',3),(1280,124,'昂昂溪区',3),(1281,124,'富拉尔基区',3),(1282,124,'碾子山区',3),(1283,124,'梅里斯达斡尔族区',3),(1284,124,'龙江县',3),(1285,124,'依安县',3),(1286,124,'泰来县',3),(1287,124,'甘南县',3),(1288,124,'富裕县',3),(1289,124,'克山县',3),(1290,124,'克东县',3),(1291,124,'拜泉县',3),(1292,124,'讷河市',3),(1293,125,'鸡冠区',3),(1294,125,'恒山区',3),(1295,125,'滴道区',3),(1296,125,'梨树区',3),(1297,125,'城子河区',3),(1298,125,'麻山区',3),(1299,125,'鸡东县',3),(1300,125,'虎林市',3),(1301,125,'密山市',3),(1302,126,'向阳区',3),(1303,126,'工农区',3),(1304,126,'南山区',3),(1305,126,'兴安区',3),(1306,126,'东山区',3),(1307,126,'兴山区',3),(1308,126,'萝北县',3),(1309,126,'绥滨县',3),(1310,127,'尖山区',3),(1311,127,'岭东区',3),(1312,127,'四方台区',3),(1313,127,'宝山区',3),(1314,127,'集贤县',3),(1315,127,'友谊县',3),(1316,127,'宝清县',3),(1317,127,'饶河县',3),(1318,128,'萨尔图区',3),(1319,128,'龙凤区',3),(1320,128,'让胡路区',3),(1321,128,'红岗区',3),(1322,128,'大同区',3),(1323,128,'肇州县',3),(1324,128,'肇源县',3),(1325,128,'林甸县',3),(1326,128,'杜尔伯特蒙古族自治县',3),(1327,129,'伊春区',3),(1328,129,'南岔区',3),(1329,129,'友好区',3),(1330,129,'西林区',3),(1331,129,'翠峦区',3),(1332,129,'新青区',3),(1333,129,'美溪区',3),(1334,129,'金山屯区',3),(1335,129,'五营区',3),(1336,129,'乌马河区',3),(1337,129,'汤旺河区',3),(1338,129,'带岭区',3),(1339,129,'乌伊岭区',3),(1340,129,'红星区',3),(1341,129,'上甘岭区',3),(1342,129,'嘉荫县',3),(1343,129,'铁力市',3),(1344,130,'永红区',3),(1345,130,'向阳区',3),(1346,130,'前进区',3),(1347,130,'东风区',3),(1348,130,'郊区',3),(1349,130,'桦南县',3),(1350,130,'桦川县',3),(1351,130,'汤原县',3),(1352,130,'抚远县',3),(1353,130,'同江市',3),(1354,130,'富锦市',3),(1355,131,'新兴区',3),(1356,131,'桃山区',3),(1357,131,'茄子河区',3),(1358,131,'勃利县',3),(1359,132,'东安区',3),(1360,132,'阳明区',3),(1361,132,'爱民区',3),(1362,132,'西安区',3),(1363,132,'东宁县',3),(1364,132,'林口县',3),(1365,132,'绥芬河市',3),(1366,132,'海林市',3),(1367,132,'宁安市',3),(1368,132,'穆棱市',3),(1369,133,'爱辉区',3),(1370,133,'嫩江县',3),(1371,133,'逊克县',3),(1372,133,'孙吴县',3),(1373,133,'北安市',3),(1374,133,'五大连池市',3),(1375,134,'北林区',3),(1376,134,'望奎县',3),(1377,134,'兰西县',3),(1378,134,'青冈县',3),(1379,134,'庆安县',3),(1380,134,'明水县',3),(1381,134,'绥棱县',3),(1382,134,'安达市',3),(1383,134,'肇东市',3),(1384,134,'海伦市',3),(1385,135,'呼玛县',3),(1386,135,'塔河县',3),(1387,135,'漠河县',3),(1388,136,'黄浦区',3),(1389,136,'卢湾区',3),(1390,136,'徐汇区',3),(1391,136,'长宁区',3),(1392,136,'静安区',3),(1393,136,'普陀区',3),(1394,136,'闸北区',3),(1395,136,'虹口区',3),(1396,136,'杨浦区',3),(1397,136,'闵行区',3),(1398,136,'宝山区',3),(1399,136,'嘉定区',3),(1400,136,'浦东新区',3),(1401,136,'金山区',3),(1402,136,'松江区',3),(1403,136,'青浦区',3),(1404,136,'南汇区',3),(1405,136,'奉贤区',3),(1406,136,'崇明县',3),(1407,137,'玄武区',3),(1408,137,'白下区',3),(1409,137,'秦淮区',3),(1410,137,'建邺区',3),(1411,137,'鼓楼区',3),(1412,137,'下关区',3),(1413,137,'浦口区',3),(1414,137,'栖霞区',3),(1415,137,'雨花台区',3),(1416,137,'江宁区',3),(1417,137,'六合区',3),(1418,137,'溧水县',3),(1419,137,'高淳县',3),(1420,138,'崇安区',3),(1421,138,'南长区',3),(1422,138,'北塘区',3),(1423,138,'锡山区',3),(1424,138,'惠山区',3),(1425,138,'滨湖区',3),(1426,138,'江阴市',3),(1427,138,'宜兴市',3),(1428,139,'鼓楼区',3),(1429,139,'云龙区',3),(1430,139,'九里区',3),(1431,139,'贾汪区',3),(1432,139,'泉山区',3),(1433,139,'丰县',3),(1434,139,'沛县',3),(1435,139,'铜山县',3),(1436,139,'睢宁县',3),(1437,139,'新沂市',3),(1438,139,'邳州市',3),(1439,140,'天宁区',3),(1440,140,'钟楼区',3),(1441,140,'戚墅堰区',3),(1442,140,'新北区',3),(1443,140,'武进区',3),(1444,140,'溧阳市',3),(1445,140,'金坛市',3),(1446,141,'沧浪区',3),(1447,141,'平江区',3),(1448,141,'金阊区',3),(1449,141,'虎丘区',3),(1450,141,'吴中区',3),(1451,141,'相城区',3),(1452,141,'常熟市',3),(1453,141,'张家港市',3),(1454,141,'昆山市',3),(1455,141,'吴江市',3),(1456,141,'太仓市',3),(1457,142,'崇川区',3),(1458,142,'港闸区',3),(1459,142,'海安县',3),(1460,142,'如东县',3),(1461,142,'启东市',3),(1462,142,'如皋市',3),(1463,142,'通州市',3),(1464,142,'海门市',3),(1465,143,'连云区',3),(1466,143,'新浦区',3),(1467,143,'海州区',3),(1468,143,'赣榆县',3),(1469,143,'东海县',3),(1470,143,'灌云县',3),(1471,143,'灌南县',3),(1472,144,'清河区',3),(1473,144,'楚州区',3),(1474,144,'淮阴区',3),(1475,144,'清浦区',3),(1476,144,'涟水县',3),(1477,144,'洪泽县',3),(1478,144,'盱眙县',3),(1479,144,'金湖县',3),(1480,145,'亭湖区',3),(1481,145,'盐都区',3),(1482,145,'响水县',3),(1483,145,'滨海县',3),(1484,145,'阜宁县',3),(1485,145,'射阳县',3),(1486,145,'建湖县',3),(1487,145,'东台市',3),(1488,145,'大丰市',3),(1489,146,'广陵区',3),(1490,146,'邗江区',3),(1491,146,'维扬区',3),(1492,146,'宝应县',3),(1493,146,'仪征市',3),(1494,146,'高邮市',3),(1495,146,'江都市',3),(1496,147,'京口区',3),(1497,147,'润州区',3),(1498,147,'丹徒区',3),(1499,147,'丹阳市',3),(1500,147,'扬中市',3),(1501,147,'句容市',3),(1502,148,'海陵区',3),(1503,148,'高港区',3),(1504,148,'兴化市',3),(1505,148,'靖江市',3),(1506,148,'泰兴市',3),(1507,148,'姜堰市',3),(1508,149,'宿城区',3),(1509,149,'宿豫区',3),(1510,149,'沭阳县',3),(1511,149,'泗阳县',3),(1512,149,'泗洪县',3),(1513,150,'上城区',3),(1514,150,'下城区',3),(1515,150,'江干区',3),(1516,150,'拱墅区',3),(1517,150,'西湖区',3),(1518,150,'滨江区',3),(1519,150,'萧山区',3),(1520,150,'余杭区',3),(1521,150,'桐庐县',3),(1522,150,'淳安县',3),(1523,150,'建德市',3),(1524,150,'富阳市',3),(1525,150,'临安市',3),(1526,151,'海曙区',3),(1527,151,'江东区',3),(1528,151,'江北区',3),(1529,151,'北仑区',3),(1530,151,'镇海区',3),(1531,151,'鄞州区',3),(1532,151,'象山县',3),(1533,151,'宁海县',3),(1534,151,'余姚市',3),(1535,151,'慈溪市',3),(1536,151,'奉化市',3),(1537,152,'鹿城区',3),(1538,152,'龙湾区',3),(1539,152,'瓯海区',3),(1540,152,'洞头县',3),(1541,152,'永嘉县',3),(1542,152,'平阳县',3),(1543,152,'苍南县',3),(1544,152,'文成县',3),(1545,152,'泰顺县',3),(1546,152,'瑞安市',3),(1547,152,'乐清市',3),(1548,153,'秀城区',3),(1549,153,'秀洲区',3),(1550,153,'嘉善县',3),(1551,153,'海盐县',3),(1552,153,'海宁市',3),(1553,153,'平湖市',3),(1554,153,'桐乡市',3),(1555,154,'吴兴区',3),(1556,154,'南浔区',3),(1557,154,'德清县',3),(1558,154,'长兴县',3),(1559,154,'安吉县',3),(1560,155,'越城区',3),(1561,155,'绍兴县',3),(1562,155,'新昌县',3),(1563,155,'诸暨市',3),(1564,155,'上虞市',3),(1565,155,'嵊州市',3),(1566,156,'婺城区',3),(1567,156,'金东区',3),(1568,156,'武义县',3),(1569,156,'浦江县',3),(1570,156,'磐安县',3),(1571,156,'兰溪市',3),(1572,156,'义乌市',3),(1573,156,'东阳市',3),(1574,156,'永康市',3),(1575,157,'柯城区',3),(1576,157,'衢江区',3),(1577,157,'常山县',3),(1578,157,'开化县',3),(1579,157,'龙游县',3),(1580,157,'江山市',3),(1581,158,'定海区',3),(1582,158,'普陀区',3),(1583,158,'岱山县',3),(1584,158,'嵊泗县',3),(1585,159,'椒江区',3),(1586,159,'黄岩区',3),(1587,159,'路桥区',3),(1588,159,'玉环县',3),(1589,159,'三门县',3),(1590,159,'天台县',3),(1591,159,'仙居县',3),(1592,159,'温岭市',3),(1593,159,'临海市',3),(1594,160,'莲都区',3),(1595,160,'青田县',3),(1596,160,'缙云县',3),(1597,160,'遂昌县',3),(1598,160,'松阳县',3),(1599,160,'云和县',3),(1600,160,'庆元县',3),(1601,160,'景宁畲族自治县',3),(1602,160,'龙泉市',3),(1603,161,'瑶海区',3),(1604,161,'庐阳区',3),(1605,161,'蜀山区',3),(1606,161,'包河区',3),(1607,161,'长丰县',3),(1608,161,'肥东县',3),(1609,161,'肥西县',3),(1610,162,'镜湖区',3),(1611,162,'马塘区',3),(1612,162,'新芜区',3),(1613,162,'鸠江区',3),(1614,162,'芜湖县',3),(1615,162,'繁昌县',3),(1616,162,'南陵县',3),(1617,163,'龙子湖区',3),(1618,163,'蚌山区',3),(1619,163,'禹会区',3),(1620,163,'淮上区',3),(1621,163,'怀远县',3),(1622,163,'五河县',3),(1623,163,'固镇县',3),(1624,164,'大通区',3),(1625,164,'田家庵区',3),(1626,164,'谢家集区',3),(1627,164,'八公山区',3),(1628,164,'潘集区',3),(1629,164,'凤台县',3),(1630,165,'金家庄区',3),(1631,165,'花山区',3),(1632,165,'雨山区',3),(1633,165,'当涂县',3),(1634,166,'杜集区',3),(1635,166,'相山区',3),(1636,166,'烈山区',3),(1637,166,'濉溪县',3),(1638,167,'铜官山区',3),(1639,167,'狮子山区',3),(1640,167,'郊区',3),(1641,167,'铜陵县',3),(1642,168,'迎江区',3),(1643,168,'大观区',3),(1644,168,'郊区',3),(1645,168,'怀宁县',3),(1646,168,'枞阳县',3),(1647,168,'潜山县',3),(1648,168,'太湖县',3),(1649,168,'宿松县',3),(1650,168,'望江县',3),(1651,168,'岳西县',3),(1652,168,'桐城市',3),(1653,169,'屯溪区',3),(1654,169,'黄山区',3),(1655,169,'徽州区',3),(1656,169,'歙县',3),(1657,169,'休宁县',3),(1658,169,'黟县',3),(1659,169,'祁门县',3),(1660,170,'琅琊区',3),(1661,170,'南谯区',3),(1662,170,'来安县',3),(1663,170,'全椒县',3),(1664,170,'定远县',3),(1665,170,'凤阳县',3),(1666,170,'天长市',3),(1667,170,'明光市',3),(1668,171,'颍州区',3),(1669,171,'颍东区',3),(1670,171,'颍泉区',3),(1671,171,'临泉县',3),(1672,171,'太和县',3),(1673,171,'阜南县',3),(1674,171,'颍上县',3),(1675,171,'界首市',3),(1676,172,'埇桥区',3),(1677,172,'砀山县',3),(1678,172,'萧县',3),(1679,172,'灵璧县',3),(1680,172,'泗县',3),(1681,173,'居巢区',3),(1682,173,'庐江县',3),(1683,173,'无为县',3),(1684,173,'含山县',3),(1685,173,'和县',3),(1686,174,'金安区',3),(1687,174,'裕安区',3),(1688,174,'寿县',3),(1689,174,'霍邱县',3),(1690,174,'舒城县',3),(1691,174,'金寨县',3),(1692,174,'霍山县',3),(1693,175,'谯城区',3),(1694,175,'涡阳县',3),(1695,175,'蒙城县',3),(1696,175,'利辛县',3),(1697,176,'贵池区',3),(1698,176,'东至县',3),(1699,176,'石台县',3),(1700,176,'青阳县',3),(1701,177,'宣州区',3),(1702,177,'郎溪县',3),(1703,177,'广德县',3),(1704,177,'泾县',3),(1705,177,'绩溪县',3),(1706,177,'旌德县',3),(1707,177,'宁国市',3),(1708,178,'鼓楼区',3),(1709,178,'台江区',3),(1710,178,'仓山区',3),(1711,178,'马尾区',3),(1712,178,'晋安区',3),(1713,178,'闽侯县',3),(1714,178,'连江县',3),(1715,178,'罗源县',3),(1716,178,'闽清县',3),(1717,178,'永泰县',3),(1718,178,'平潭县',3),(1719,178,'福清市',3),(1720,178,'长乐市',3),(1721,179,'思明区',3),(1722,179,'海沧区',3),(1723,179,'湖里区',3),(1724,179,'集美区',3),(1725,179,'同安区',3),(1726,179,'翔安区',3),(1727,180,'城厢区',3),(1728,180,'涵江区',3),(1729,180,'荔城区',3),(1730,180,'秀屿区',3),(1731,180,'仙游县',3),(1732,181,'梅列区',3),(1733,181,'三元区',3),(1734,181,'明溪县',3),(1735,181,'清流县',3),(1736,181,'宁化县',3),(1737,181,'大田县',3),(1738,181,'尤溪县',3),(1739,181,'沙县',3),(1740,181,'将乐县',3),(1741,181,'泰宁县',3),(1742,181,'建宁县',3),(1743,181,'永安市',3),(1744,182,'鲤城区',3),(1745,182,'丰泽区',3),(1746,182,'洛江区',3),(1747,182,'泉港区',3),(1748,182,'惠安县',3),(1749,182,'安溪县',3),(1750,182,'永春县',3),(1751,182,'德化县',3),(1752,182,'金门县',3),(1753,182,'石狮市',3),(1754,182,'晋江市',3),(1755,182,'南安市',3),(1756,183,'芗城区',3),(1757,183,'龙文区',3),(1758,183,'云霄县',3),(1759,183,'漳浦县',3),(1760,183,'诏安县',3),(1761,183,'长泰县',3),(1762,183,'东山县',3),(1763,183,'南靖县',3),(1764,183,'平和县',3),(1765,183,'华安县',3),(1766,183,'龙海市',3),(1767,184,'延平区',3),(1768,184,'顺昌县',3),(1769,184,'浦城县',3),(1770,184,'光泽县',3),(1771,184,'松溪县',3),(1772,184,'政和县',3),(1773,184,'邵武市',3),(1774,184,'武夷山市',3),(1775,184,'建瓯市',3),(1776,184,'建阳市',3),(1777,185,'新罗区',3),(1778,185,'长汀县',3),(1779,185,'永定县',3),(1780,185,'上杭县',3),(1781,185,'武平县',3),(1782,185,'连城县',3),(1783,185,'漳平市',3),(1784,186,'蕉城区',3),(1785,186,'霞浦县',3),(1786,186,'古田县',3),(1787,186,'屏南县',3),(1788,186,'寿宁县',3),(1789,186,'周宁县',3),(1790,186,'柘荣县',3),(1791,186,'福安市',3),(1792,186,'福鼎市',3),(1793,187,'东湖区',3),(1794,187,'西湖区',3),(1795,187,'青云谱区',3),(1796,187,'湾里区',3),(1797,187,'青山湖区',3),(1798,187,'南昌县',3),(1799,187,'新建县',3),(1800,187,'安义县',3),(1801,187,'进贤县',3),(1802,188,'昌江区',3),(1803,188,'珠山区',3),(1804,188,'浮梁县',3),(1805,188,'乐平市',3),(1806,189,'安源区',3),(1807,189,'湘东区',3),(1808,189,'莲花县',3),(1809,189,'上栗县',3),(1810,189,'芦溪县',3),(1811,190,'庐山区',3),(1812,190,'浔阳区',3),(1813,190,'九江县',3),(1814,190,'武宁县',3),(1815,190,'修水县',3),(1816,190,'永修县',3),(1817,190,'德安县',3),(1818,190,'星子县',3),(1819,190,'都昌县',3),(1820,190,'湖口县',3),(1821,190,'彭泽县',3),(1822,190,'瑞昌市',3),(1823,191,'渝水区',3),(1824,191,'分宜县',3),(1825,192,'月湖区',3),(1826,192,'余江县',3),(1827,192,'贵溪市',3),(1828,193,'章贡区',3),(1829,193,'赣县',3),(1830,193,'信丰县',3),(1831,193,'大余县',3),(1832,193,'上犹县',3),(1833,193,'崇义县',3),(1834,193,'安远县',3),(1835,193,'龙南县',3),(1836,193,'定南县',3),(1837,193,'全南县',3),(1838,193,'宁都县',3),(1839,193,'于都县',3),(1840,193,'兴国县',3),(1841,193,'会昌县',3),(1842,193,'寻乌县',3),(1843,193,'石城县',3),(1844,193,'瑞金市',3),(1845,193,'南康市',3),(1846,194,'吉州区',3),(1847,194,'青原区',3),(1848,194,'吉安县',3),(1849,194,'吉水县',3),(1850,194,'峡江县',3),(1851,194,'新干县',3),(1852,194,'永丰县',3),(1853,194,'泰和县',3),(1854,194,'遂川县',3),(1855,194,'万安县',3),(1856,194,'安福县',3),(1857,194,'永新县',3),(1858,194,'井冈山市',3),(1859,195,'袁州区',3),(1860,195,'奉新县',3),(1861,195,'万载县',3),(1862,195,'上高县',3),(1863,195,'宜丰县',3),(1864,195,'靖安县',3),(1865,195,'铜鼓县',3),(1866,195,'丰城市',3),(1867,195,'樟树市',3),(1868,195,'高安市',3),(1869,196,'临川区',3),(1870,196,'南城县',3),(1871,196,'黎川县',3),(1872,196,'南丰县',3),(1873,196,'崇仁县',3),(1874,196,'乐安县',3),(1875,196,'宜黄县',3),(1876,196,'金溪县',3),(1877,196,'资溪县',3),(1878,196,'东乡县',3),(1879,196,'广昌县',3),(1880,197,'信州区',3),(1881,197,'上饶县',3),(1882,197,'广丰县',3),(1883,197,'玉山县',3),(1884,197,'铅山县',3),(1885,197,'横峰县',3),(1886,197,'弋阳县',3),(1887,197,'余干县',3),(1888,197,'鄱阳县',3),(1889,197,'万年县',3),(1890,197,'婺源县',3),(1891,197,'德兴市',3),(1892,198,'历下区',3),(1893,198,'市中区',3),(1894,198,'槐荫区',3),(1895,198,'天桥区',3),(1896,198,'历城区',3),(1897,198,'长清区',3),(1898,198,'平阴县',3),(1899,198,'济阳县',3),(1900,198,'商河县',3),(1901,198,'章丘市',3),(1902,199,'市南区',3),(1903,199,'市北区',3),(1904,199,'四方区',3),(1905,199,'黄岛区',3),(1906,199,'崂山区',3),(1907,199,'李沧区',3),(1908,199,'城阳区',3),(1909,199,'胶州市',3),(1910,199,'即墨市',3),(1911,199,'平度市',3),(1912,199,'胶南市',3),(1913,199,'莱西市',3),(1914,200,'淄川区',3),(1915,200,'张店区',3),(1916,200,'博山区',3),(1917,200,'临淄区',3),(1918,200,'周村区',3),(1919,200,'桓台县',3),(1920,200,'高青县',3),(1921,200,'沂源县',3),(1922,201,'市中区',3),(1923,201,'薛城区',3),(1924,201,'峄城区',3),(1925,201,'台儿庄区',3),(1926,201,'山亭区',3),(1927,201,'滕州市',3),(1928,202,'东营区',3),(1929,202,'河口区',3),(1930,202,'垦利县',3),(1931,202,'利津县',3),(1932,202,'广饶县',3),(1933,203,'芝罘区',3),(1934,203,'福山区',3),(1935,203,'牟平区',3),(1936,203,'莱山区',3),(1937,203,'长岛县',3),(1938,203,'龙口市',3),(1939,203,'莱阳市',3),(1940,203,'莱州市',3),(1941,203,'蓬莱市',3),(1942,203,'招远市',3),(1943,203,'栖霞市',3),(1944,203,'海阳市',3),(1945,204,'潍城区',3),(1946,204,'寒亭区',3),(1947,204,'坊子区',3),(1948,204,'奎文区',3),(1949,204,'临朐县',3),(1950,204,'昌乐县',3),(1951,204,'青州市',3),(1952,204,'诸城市',3),(1953,204,'寿光市',3),(1954,204,'安丘市',3),(1955,204,'高密市',3),(1956,204,'昌邑市',3),(1957,205,'市中区',3),(1958,205,'任城区',3),(1959,205,'微山县',3),(1960,205,'鱼台县',3),(1961,205,'金乡县',3),(1962,205,'嘉祥县',3),(1963,205,'汶上县',3),(1964,205,'泗水县',3),(1965,205,'梁山县',3),(1966,205,'曲阜市',3),(1967,205,'兖州市',3),(1968,205,'邹城市',3),(1969,206,'泰山区',3),(1970,206,'岱岳区',3),(1971,206,'宁阳县',3),(1972,206,'东平县',3),(1973,206,'新泰市',3),(1974,206,'肥城市',3),(1975,207,'环翠区',3),(1976,207,'文登市',3),(1977,207,'荣成市',3),(1978,207,'乳山市',3),(1979,208,'东港区',3),(1980,208,'岚山区',3),(1981,208,'五莲县',3),(1982,208,'莒县',3),(1983,209,'莱城区',3),(1984,209,'钢城区',3),(1985,210,'兰山区',3),(1986,210,'罗庄区',3),(1987,210,'河东区',3),(1988,210,'沂南县',3),(1989,210,'郯城县',3),(1990,210,'沂水县',3),(1991,210,'苍山县',3),(1992,210,'费县',3),(1993,210,'平邑县',3),(1994,210,'莒南县',3),(1995,210,'蒙阴县',3),(1996,210,'临沭县',3),(1997,211,'德城区',3),(1998,211,'陵县',3),(1999,211,'宁津县',3),(2000,211,'庆云县',3),(2001,211,'临邑县',3),(2002,211,'齐河县',3),(2003,211,'平原县',3),(2004,211,'夏津县',3),(2005,211,'武城县',3),(2006,211,'乐陵市',3),(2007,211,'禹城市',3),(2008,212,'东昌府区',3),(2009,212,'阳谷县',3),(2010,212,'莘县',3),(2011,212,'茌平县',3),(2012,212,'东阿县',3),(2013,212,'冠县',3),(2014,212,'高唐县',3),(2015,212,'临清市',3),(2016,213,'滨城区',3),(2017,213,'惠民县',3),(2018,213,'阳信县',3),(2019,213,'无棣县',3),(2020,213,'沾化县',3),(2021,213,'博兴县',3),(2022,213,'邹平县',3),(2023,214,'牡丹区',3),(2024,214,'曹县',3),(2025,214,'单县',3),(2026,214,'成武县',3),(2027,214,'巨野县',3),(2028,214,'郓城县',3),(2029,214,'鄄城县',3),(2030,214,'定陶县',3),(2031,214,'东明县',3),(2032,215,'中原区',3),(2033,215,'二七区',3),(2034,215,'管城回族区',3),(2035,215,'金水区',3),(2036,215,'上街区',3),(2037,215,'惠济区',3),(2038,215,'中牟县',3),(2039,215,'巩义市',3),(2040,215,'荥阳市',3),(2041,215,'新密市',3),(2042,215,'新郑市',3),(2043,215,'登封市',3),(2044,216,'龙亭区',3),(2045,216,'顺河回族区',3),(2046,216,'鼓楼区',3),(2047,216,'南关区',3),(2048,216,'郊区',3),(2049,216,'杞县',3),(2050,216,'通许县',3),(2051,216,'尉氏县',3),(2052,216,'开封县',3),(2053,216,'兰考县',3),(2054,217,'老城区',3),(2055,217,'西工区',3),(2056,217,'廛河回族区',3),(2057,217,'涧西区',3),(2058,217,'吉利区',3),(2059,217,'洛龙区',3),(2060,217,'孟津县',3),(2061,217,'新安县',3),(2062,217,'栾川县',3),(2063,217,'嵩县',3),(2064,217,'汝阳县',3),(2065,217,'宜阳县',3),(2066,217,'洛宁县',3),(2067,217,'伊川县',3),(2068,217,'偃师市',3),(2069,218,'新华区',3),(2070,218,'卫东区',3),(2071,218,'石龙区',3),(2072,218,'湛河区',3),(2073,218,'宝丰县',3),(2074,218,'叶县',3),(2075,218,'鲁山县',3),(2076,218,'郏县',3),(2077,218,'舞钢市',3),(2078,218,'汝州市',3),(2079,219,'文峰区',3),(2080,219,'北关区',3),(2081,219,'殷都区',3),(2082,219,'龙安区',3),(2083,219,'安阳县',3),(2084,219,'汤阴县',3),(2085,219,'滑县',3),(2086,219,'内黄县',3),(2087,219,'林州市',3),(2088,220,'鹤山区',3),(2089,220,'山城区',3),(2090,220,'淇滨区',3),(2091,220,'浚县',3),(2092,220,'淇县',3),(2093,221,'红旗区',3),(2094,221,'卫滨区',3),(2095,221,'凤泉区',3),(2096,221,'牧野区',3),(2097,221,'新乡县',3),(2098,221,'获嘉县',3),(2099,221,'原阳县',3),(2100,221,'延津县',3),(2101,221,'封丘县',3),(2102,221,'长垣县',3),(2103,221,'卫辉市',3),(2104,221,'辉县市',3),(2105,222,'解放区',3),(2106,222,'中站区',3),(2107,222,'马村区',3),(2108,222,'山阳区',3),(2109,222,'修武县',3),(2110,222,'博爱县',3),(2111,222,'武陟县',3),(2112,222,'温县',3),(2113,222,'济源市',3),(2114,222,'沁阳市',3),(2115,222,'孟州市',3),(2116,223,'华龙区',3),(2117,223,'清丰县',3),(2118,223,'南乐县',3),(2119,223,'范县',3),(2120,223,'台前县',3),(2121,223,'濮阳县',3),(2122,224,'魏都区',3),(2123,224,'许昌县',3),(2124,224,'鄢陵县',3),(2125,224,'襄城县',3),(2126,224,'禹州市',3),(2127,224,'长葛市',3),(2128,225,'源汇区',3),(2129,225,'郾城区',3),(2130,225,'召陵区',3),(2131,225,'舞阳县',3),(2132,225,'临颍县',3),(2133,226,'市辖区',3),(2134,226,'湖滨区',3),(2135,226,'渑池县',3),(2136,226,'陕县',3),(2137,226,'卢氏县',3),(2138,226,'义马市',3),(2139,226,'灵宝市',3),(2140,227,'宛城区',3),(2141,227,'卧龙区',3),(2142,227,'南召县',3),(2143,227,'方城县',3),(2144,227,'西峡县',3),(2145,227,'镇平县',3),(2146,227,'内乡县',3),(2147,227,'淅川县',3),(2148,227,'社旗县',3),(2149,227,'唐河县',3),(2150,227,'新野县',3),(2151,227,'桐柏县',3),(2152,227,'邓州市',3),(2153,228,'梁园区',3),(2154,228,'睢阳区',3),(2155,228,'民权县',3),(2156,228,'睢县',3),(2157,228,'宁陵县',3),(2158,228,'柘城县',3),(2159,228,'虞城县',3),(2160,228,'夏邑县',3),(2161,228,'永城市',3),(2162,229,'浉河区',3),(2163,229,'平桥区',3),(2164,229,'罗山县',3),(2165,229,'光山县',3),(2166,229,'新县',3),(2167,229,'商城县',3),(2168,229,'固始县',3),(2169,229,'潢川县',3),(2170,229,'淮滨县',3),(2171,229,'息县',3),(2172,230,'川汇区',3),(2173,230,'扶沟县',3),(2174,230,'西华县',3),(2175,230,'商水县',3),(2176,230,'沈丘县',3),(2177,230,'郸城县',3),(2178,230,'淮阳县',3),(2179,230,'太康县',3),(2180,230,'鹿邑县',3),(2181,230,'项城市',3),(2182,231,'驿城区',3),(2183,231,'西平县',3),(2184,231,'上蔡县',3),(2185,231,'平舆县',3),(2186,231,'正阳县',3),(2187,231,'确山县',3),(2188,231,'泌阳县',3),(2189,231,'汝南县',3),(2190,231,'遂平县',3),(2191,231,'新蔡县',3),(2192,232,'江岸区',3),(2193,232,'江汉区',3),(2194,232,'硚口区',3),(2195,232,'汉阳区',3),(2196,232,'武昌区',3),(2197,232,'青山区',3),(2198,232,'洪山区',3),(2199,232,'东西湖区',3),(2200,232,'汉南区',3),(2201,232,'蔡甸区',3),(2202,232,'江夏区',3),(2203,232,'黄陂区',3),(2204,232,'新洲区',3),(2205,233,'黄石港区',3),(2206,233,'西塞山区',3),(2207,233,'下陆区',3),(2208,233,'铁山区',3),(2209,233,'阳新县',3),(2210,233,'大冶市',3),(2211,234,'茅箭区',3),(2212,234,'张湾区',3),(2213,234,'郧县',3),(2214,234,'郧西县',3),(2215,234,'竹山县',3),(2216,234,'竹溪县',3),(2217,234,'房县',3),(2218,234,'丹江口市',3),(2219,235,'西陵区',3),(2220,235,'伍家岗区',3),(2221,235,'点军区',3),(2222,235,'猇亭区',3),(2223,235,'夷陵区',3),(2224,235,'远安县',3),(2225,235,'兴山县',3),(2226,235,'秭归县',3),(2227,235,'长阳土家族自治县',3),(2228,235,'五峰土家族自治县',3),(2229,235,'宜都市',3),(2230,235,'当阳市',3),(2231,235,'枝江市',3),(2232,236,'襄城区',3),(2233,236,'樊城区',3),(2234,236,'襄阳区',3),(2235,236,'南漳县',3),(2236,236,'谷城县',3),(2237,236,'保康县',3),(2238,236,'老河口市',3),(2239,236,'枣阳市',3),(2240,236,'宜城市',3),(2241,237,'梁子湖区',3),(2242,237,'华容区',3),(2243,237,'鄂城区',3),(2244,238,'东宝区',3),(2245,238,'掇刀区',3),(2246,238,'京山县',3),(2247,238,'沙洋县',3),(2248,238,'钟祥市',3),(2249,239,'孝南区',3),(2250,239,'孝昌县',3),(2251,239,'大悟县',3),(2252,239,'云梦县',3),(2253,239,'应城市',3),(2254,239,'安陆市',3),(2255,239,'汉川市',3),(2256,240,'沙市区',3),(2257,240,'荆州区',3),(2258,240,'公安县',3),(2259,240,'监利县',3),(2260,240,'江陵县',3),(2261,240,'石首市',3),(2262,240,'洪湖市',3),(2263,240,'松滋市',3),(2264,241,'黄州区',3),(2265,241,'团风县',3),(2266,241,'红安县',3),(2267,241,'罗田县',3),(2268,241,'英山县',3),(2269,241,'浠水县',3),(2270,241,'蕲春县',3),(2271,241,'黄梅县',3),(2272,241,'麻城市',3),(2273,241,'武穴市',3),(2274,242,'咸安区',3),(2275,242,'嘉鱼县',3),(2276,242,'通城县',3),(2277,242,'崇阳县',3),(2278,242,'通山县',3),(2279,242,'赤壁市',3),(2280,243,'曾都区',3),(2281,243,'广水市',3),(2282,244,'恩施市',3),(2283,244,'利川市',3),(2284,244,'建始县',3),(2285,244,'巴东县',3),(2286,244,'宣恩县',3),(2287,244,'咸丰县',3),(2288,244,'来凤县',3),(2289,244,'鹤峰县',3),(2290,245,'仙桃市',3),(2291,245,'潜江市',3),(2292,245,'天门市',3),(2293,245,'神农架林区',3),(2294,246,'芙蓉区',3),(2295,246,'天心区',3),(2296,246,'岳麓区',3),(2297,246,'开福区',3),(2298,246,'雨花区',3),(2299,246,'长沙县',3),(2300,246,'望城县',3),(2301,246,'宁乡县',3),(2302,246,'浏阳市',3),(2303,247,'荷塘区',3),(2304,247,'芦淞区',3),(2305,247,'石峰区',3),(2306,247,'天元区',3),(2307,247,'株洲县',3),(2308,247,'攸县',3),(2309,247,'茶陵县',3),(2310,247,'炎陵县',3),(2311,247,'醴陵市',3),(2312,248,'雨湖区',3),(2313,248,'岳塘区',3),(2314,248,'湘潭县',3),(2315,248,'湘乡市',3),(2316,248,'韶山市',3),(2317,249,'珠晖区',3),(2318,249,'雁峰区',3),(2319,249,'石鼓区',3),(2320,249,'蒸湘区',3),(2321,249,'南岳区',3),(2322,249,'衡阳县',3),(2323,249,'衡南县',3),(2324,249,'衡山县',3),(2325,249,'衡东县',3),(2326,249,'祁东县',3),(2327,249,'耒阳市',3),(2328,249,'常宁市',3),(2329,250,'双清区',3),(2330,250,'大祥区',3),(2331,250,'北塔区',3),(2332,250,'邵东县',3),(2333,250,'新邵县',3),(2334,250,'邵阳县',3),(2335,250,'隆回县',3),(2336,250,'洞口县',3),(2337,250,'绥宁县',3),(2338,250,'新宁县',3),(2339,250,'城步苗族自治县',3),(2340,250,'武冈市',3),(2341,251,'岳阳楼区',3),(2342,251,'云溪区',3),(2343,251,'君山区',3),(2344,251,'岳阳县',3),(2345,251,'华容县',3),(2346,251,'湘阴县',3),(2347,251,'平江县',3),(2348,251,'汨罗市',3),(2349,251,'临湘市',3),(2350,252,'武陵区',3),(2351,252,'鼎城区',3),(2352,252,'安乡县',3),(2353,252,'汉寿县',3),(2354,252,'澧县',3),(2355,252,'临澧县',3),(2356,252,'桃源县',3),(2357,252,'石门县',3),(2358,252,'津市市',3),(2359,253,'永定区',3),(2360,253,'武陵源区',3),(2361,253,'慈利县',3),(2362,253,'桑植县',3),(2363,254,'资阳区',3),(2364,254,'赫山区',3),(2365,254,'南县',3),(2366,254,'桃江县',3),(2367,254,'安化县',3),(2368,254,'沅江市',3),(2369,255,'北湖区',3),(2370,255,'苏仙区',3),(2371,255,'桂阳县',3),(2372,255,'宜章县',3),(2373,255,'永兴县',3),(2374,255,'嘉禾县',3),(2375,255,'临武县',3),(2376,255,'汝城县',3),(2377,255,'桂东县',3),(2378,255,'安仁县',3),(2379,255,'资兴市',3),(2380,256,'芝山区',3),(2381,256,'冷水滩区',3),(2382,256,'祁阳县',3),(2383,256,'东安县',3),(2384,256,'双牌县',3),(2385,256,'道县',3),(2386,256,'江永县',3),(2387,256,'宁远县',3),(2388,256,'蓝山县',3),(2389,256,'新田县',3),(2390,256,'江华瑶族自治县',3),(2391,257,'鹤城区',3),(2392,257,'中方县',3),(2393,257,'沅陵县',3),(2394,257,'辰溪县',3),(2395,257,'溆浦县',3),(2396,257,'会同县',3),(2397,257,'麻阳苗族自治县',3),(2398,257,'新晃侗族自治县',3),(2399,257,'芷江侗族自治县',3),(2400,257,'靖州苗族侗族自治县',3),(2401,257,'通道侗族自治县',3),(2402,257,'洪江市',3),(2403,258,'娄星区',3),(2404,258,'双峰县',3),(2405,258,'新化县',3),(2406,258,'冷水江市',3),(2407,258,'涟源市',3),(2408,259,'吉首市',3),(2409,259,'泸溪县',3),(2410,259,'凤凰县',3),(2411,259,'花垣县',3),(2412,259,'保靖县',3),(2413,259,'古丈县',3),(2414,259,'永顺县',3),(2415,259,'龙山县',3),(2416,260,'东山区',3),(2417,260,'荔湾区',3),(2418,260,'越秀区',3),(2419,260,'海珠区',3),(2420,260,'天河区',3),(2421,260,'芳村区',3),(2422,260,'白云区',3),(2423,260,'黄埔区',3),(2424,260,'番禺区',3),(2425,260,'花都区',3),(2426,260,'增城市',3),(2427,260,'从化市',3),(2428,261,'武江区',3),(2429,261,'浈江区',3),(2430,261,'曲江区',3),(2431,261,'始兴县',3),(2432,261,'仁化县',3),(2433,261,'翁源县',3),(2434,261,'乳源瑶族自治县',3),(2435,261,'新丰县',3),(2436,261,'乐昌市',3),(2437,261,'南雄市',3),(2438,262,'罗湖区',3),(2439,262,'福田区',3),(2440,262,'南山区',3),(2441,262,'宝安区',3),(2442,262,'龙岗区',3),(2443,262,'盐田区',3),(2444,263,'香洲区',3),(2445,263,'斗门区',3),(2446,263,'金湾区',3),(2447,264,'龙湖区',3),(2448,264,'金平区',3),(2449,264,'濠江区',3),(2450,264,'潮阳区',3),(2451,264,'潮南区',3),(2452,264,'澄海区',3),(2453,264,'南澳县',3),(2454,265,'禅城区',3),(2455,265,'南海区',3),(2456,265,'顺德区',3),(2457,265,'三水区',3),(2458,265,'高明区',3),(2459,266,'蓬江区',3),(2460,266,'江海区',3),(2461,266,'新会区',3),(2462,266,'台山市',3),(2463,266,'开平市',3),(2464,266,'鹤山市',3),(2465,266,'恩平市',3),(2466,267,'赤坎区',3),(2467,267,'霞山区',3),(2468,267,'坡头区',3),(2469,267,'麻章区',3),(2470,267,'遂溪县',3),(2471,267,'徐闻县',3),(2472,267,'廉江市',3),(2473,267,'雷州市',3),(2474,267,'吴川市',3),(2475,268,'茂南区',3),(2476,268,'茂港区',3),(2477,268,'电白县',3),(2478,268,'高州市',3),(2479,268,'化州市',3),(2480,268,'信宜市',3),(2481,269,'端州区',3),(2482,269,'鼎湖区',3),(2483,269,'广宁县',3),(2484,269,'怀集县',3),(2485,269,'封开县',3),(2486,269,'德庆县',3),(2487,269,'高要市',3),(2488,269,'四会市',3),(2489,270,'惠城区',3),(2490,270,'惠阳区',3),(2491,270,'博罗县',3),(2492,270,'惠东县',3),(2493,270,'龙门县',3),(2494,271,'梅江区',3),(2495,271,'梅县',3),(2496,271,'大埔县',3),(2497,271,'丰顺县',3),(2498,271,'五华县',3),(2499,271,'平远县',3),(2500,271,'蕉岭县',3),(2501,271,'兴宁市',3),(2502,272,'城区',3),(2503,272,'海丰县',3),(2504,272,'陆河县',3),(2505,272,'陆丰市',3),(2506,273,'源城区',3),(2507,273,'紫金县',3),(2508,273,'龙川县',3),(2509,273,'连平县',3),(2510,273,'和平县',3),(2511,273,'东源县',3),(2512,274,'江城区',3),(2513,274,'阳西县',3),(2514,274,'阳东县',3),(2515,274,'阳春市',3),(2516,275,'清城区',3),(2517,275,'佛冈县',3),(2518,275,'阳山县',3),(2519,275,'连山壮族瑶族自治县',3),(2520,275,'连南瑶族自治县',3),(2521,275,'清新县',3),(2522,275,'英德市',3),(2523,275,'连州市',3),(2524,278,'湘桥区',3),(2525,278,'潮安县',3),(2526,278,'饶平县',3),(2527,279,'榕城区',3),(2528,279,'揭东县',3),(2529,279,'揭西县',3),(2530,279,'惠来县',3),(2531,279,'普宁市',3),(2532,280,'云城区',3),(2533,280,'新兴县',3),(2534,280,'郁南县',3),(2535,280,'云安县',3),(2536,280,'罗定市',3),(2537,281,'兴宁区',3),(2538,281,'青秀区',3),(2539,281,'江南区',3),(2540,281,'西乡塘区',3),(2541,281,'良庆区',3),(2542,281,'邕宁区',3),(2543,281,'武鸣县',3),(2544,281,'隆安县',3),(2545,281,'马山县',3),(2546,281,'上林县',3),(2547,281,'宾阳县',3),(2548,281,'横县',3),(2549,282,'城中区',3),(2550,282,'鱼峰区',3),(2551,282,'柳南区',3),(2552,282,'柳北区',3),(2553,282,'柳江县',3),(2554,282,'柳城县',3),(2555,282,'鹿寨县',3),(2556,282,'融安县',3),(2557,282,'融水苗族自治县',3),(2558,282,'三江侗族自治县',3),(2559,283,'秀峰区',3),(2560,283,'叠彩区',3),(2561,283,'象山区',3),(2562,283,'七星区',3),(2563,283,'雁山区',3),(2564,283,'阳朔县',3),(2565,283,'临桂县',3),(2566,283,'灵川县',3),(2567,283,'全州县',3),(2568,283,'兴安县',3),(2569,283,'永福县',3),(2570,283,'灌阳县',3),(2571,283,'龙胜各族自治县',3),(2572,283,'资源县',3),(2573,283,'平乐县',3),(2574,283,'荔蒲县',3),(2575,283,'恭城瑶族自治县',3),(2576,284,'万秀区',3),(2577,284,'蝶山区',3),(2578,284,'长洲区',3),(2579,284,'苍梧县',3),(2580,284,'藤县',3),(2581,284,'蒙山县',3),(2582,284,'岑溪市',3),(2583,285,'海城区',3),(2584,285,'银海区',3),(2585,285,'铁山港区',3),(2586,285,'合浦县',3),(2587,286,'港口区',3),(2588,286,'防城区',3),(2589,286,'上思县',3),(2590,286,'东兴市',3),(2591,287,'钦南区',3),(2592,287,'钦北区',3),(2593,287,'灵山县',3),(2594,287,'浦北县',3),(2595,288,'港北区',3),(2596,288,'港南区',3),(2597,288,'覃塘区',3),(2598,288,'平南县',3),(2599,288,'桂平市',3),(2600,289,'玉州区',3),(2601,289,'容县',3),(2602,289,'陆川县',3),(2603,289,'博白县',3),(2604,289,'兴业县',3),(2605,289,'北流市',3),(2606,290,'右江区',3),(2607,290,'田阳县',3),(2608,290,'田东县',3),(2609,290,'平果县',3),(2610,290,'德保县',3),(2611,290,'靖西县',3),(2612,290,'那坡县',3),(2613,290,'凌云县',3),(2614,290,'乐业县',3),(2615,290,'田林县',3),(2616,290,'西林县',3),(2617,290,'隆林各族自治县',3),(2618,291,'八步区',3),(2619,291,'昭平县',3),(2620,291,'钟山县',3),(2621,291,'富川瑶族自治县',3),(2622,292,'金城江区',3),(2623,292,'南丹县',3),(2624,292,'天峨县',3),(2625,292,'凤山县',3),(2626,292,'东兰县',3),(2627,292,'罗城仫佬族自治县',3),(2628,292,'环江毛南族自治县',3),(2629,292,'巴马瑶族自治县',3),(2630,292,'都安瑶族自治县',3),(2631,292,'大化瑶族自治县',3),(2632,292,'宜州市',3),(2633,293,'兴宾区',3),(2634,293,'忻城县',3),(2635,293,'象州县',3),(2636,293,'武宣县',3),(2637,293,'金秀瑶族自治县',3),(2638,293,'合山市',3),(2639,294,'江洲区',3),(2640,294,'扶绥县',3),(2641,294,'宁明县',3),(2642,294,'龙州县',3),(2643,294,'大新县',3),(2644,294,'天等县',3),(2645,294,'凭祥市',3),(2646,295,'秀英区',3),(2647,295,'龙华区',3),(2648,295,'琼山区',3),(2649,295,'美兰区',3),(2650,296,'五指山市',3),(2651,296,'琼海市',3),(2652,296,'儋州市',3),(2653,296,'文昌市',3),(2654,296,'万宁市',3),(2655,296,'东方市',3),(2656,296,'定安县',3),(2657,296,'屯昌县',3),(2658,296,'澄迈县',3),(2659,296,'临高县',3),(2660,296,'白沙黎族自治县',3),(2661,296,'昌江黎族自治县',3),(2662,296,'乐东黎族自治县',3),(2663,296,'陵水黎族自治县',3),(2664,296,'保亭黎族苗族自治县',3),(2665,296,'琼中黎族苗族自治县',3),(2666,296,'西沙群岛',3),(2667,296,'南沙群岛',3),(2668,296,'中沙群岛的岛礁及其海域',3),(2669,297,'万州区',3),(2670,297,'涪陵区',3),(2671,297,'渝中区',3),(2672,297,'大渡口区',3),(2673,297,'江北区',3),(2674,297,'沙坪坝区',3),(2675,297,'九龙坡区',3),(2676,297,'南岸区',3),(2677,297,'北碚区',3),(2678,297,'万盛区',3),(2679,297,'双桥区',3),(2680,297,'渝北区',3),(2681,297,'巴南区',3),(2682,297,'黔江区',3),(2683,297,'长寿区',3),(2684,297,'綦江县',3),(2685,297,'潼南县',3),(2686,297,'铜梁县',3),(2687,297,'大足县',3),(2688,297,'荣昌县',3),(2689,297,'璧山县',3),(2690,297,'梁平县',3),(2691,297,'城口县',3),(2692,297,'丰都县',3),(2693,297,'垫江县',3),(2694,297,'武隆县',3),(2695,297,'忠县',3),(2696,297,'开县',3),(2697,297,'云阳县',3),(2698,297,'奉节县',3),(2699,297,'巫山县',3),(2700,297,'巫溪县',3),(2701,297,'石柱土家族自治县',3),(2702,297,'秀山土家族苗族自治县',3),(2703,297,'酉阳土家族苗族自治县',3),(2704,297,'彭水苗族土家族自治县',3),(2705,297,'江津市',3),(2706,297,'合川市',3),(2707,297,'永川市',3),(2708,297,'南川市',3),(2709,298,'锦江区',3),(2710,298,'青羊区',3),(2711,298,'金牛区',3),(2712,298,'武侯区',3),(2713,298,'成华区',3),(2714,298,'龙泉驿区',3),(2715,298,'青白江区',3),(2716,298,'新都区',3),(2717,298,'温江区',3),(2718,298,'金堂县',3),(2719,298,'双流县',3),(2720,298,'郫县',3),(2721,298,'大邑县',3),(2722,298,'蒲江县',3),(2723,298,'新津县',3),(2724,298,'都江堰市',3),(2725,298,'彭州市',3),(2726,298,'邛崃市',3),(2727,298,'崇州市',3),(2728,299,'自流井区',3),(2729,299,'贡井区',3),(2730,299,'大安区',3),(2731,299,'沿滩区',3),(2732,299,'荣县',3),(2733,299,'富顺县',3),(2734,300,'东区',3),(2735,300,'西区',3),(2736,300,'仁和区',3),(2737,300,'米易县',3),(2738,300,'盐边县',3),(2739,301,'江阳区',3),(2740,301,'纳溪区',3),(2741,301,'龙马潭区',3),(2742,301,'泸县',3),(2743,301,'合江县',3),(2744,301,'叙永县',3),(2745,301,'古蔺县',3),(2746,302,'旌阳区',3),(2747,302,'中江县',3),(2748,302,'罗江县',3),(2749,302,'广汉市',3),(2750,302,'什邡市',3),(2751,302,'绵竹市',3),(2752,303,'涪城区',3),(2753,303,'游仙区',3),(2754,303,'三台县',3),(2755,303,'盐亭县',3),(2756,303,'安县',3),(2757,303,'梓潼县',3),(2758,303,'北川羌族自治县',3),(2759,303,'平武县',3),(2760,303,'江油市',3),(2761,304,'市中区',3),(2762,304,'元坝区',3),(2763,304,'朝天区',3),(2764,304,'旺苍县',3),(2765,304,'青川县',3),(2766,304,'剑阁县',3),(2767,304,'苍溪县',3),(2768,305,'船山区',3),(2769,305,'安居区',3),(2770,305,'蓬溪县',3),(2771,305,'射洪县',3),(2772,305,'大英县',3),(2773,306,'市中区',3),(2774,306,'东兴区',3),(2775,306,'威远县',3),(2776,306,'资中县',3),(2777,306,'隆昌县',3),(2778,307,'市中区',3),(2779,307,'沙湾区',3),(2780,307,'五通桥区',3),(2781,307,'金口河区',3),(2782,307,'犍为县',3),(2783,307,'井研县',3),(2784,307,'夹江县',3),(2785,307,'沐川县',3),(2786,307,'峨边彝族自治县',3),(2787,307,'马边彝族自治县',3),(2788,307,'峨眉山市',3),(2789,308,'顺庆区',3),(2790,308,'高坪区',3),(2791,308,'嘉陵区',3),(2792,308,'南部县',3),(2793,308,'营山县',3),(2794,308,'蓬安县',3),(2795,308,'仪陇县',3),(2796,308,'西充县',3),(2797,308,'阆中市',3),(2798,309,'东坡区',3),(2799,309,'仁寿县',3),(2800,309,'彭山县',3),(2801,309,'洪雅县',3),(2802,309,'丹棱县',3),(2803,309,'青神县',3),(2804,310,'翠屏区',3),(2805,310,'宜宾县',3),(2806,310,'南溪县',3),(2807,310,'江安县',3),(2808,310,'长宁县',3),(2809,310,'高县',3),(2810,310,'珙县',3),(2811,310,'筠连县',3),(2812,310,'兴文县',3),(2813,310,'屏山县',3),(2814,311,'广安区',3),(2815,311,'岳池县',3),(2816,311,'武胜县',3),(2817,311,'邻水县',3),(2818,311,'华蓥市',3),(2819,312,'通川区',3),(2820,312,'达县',3),(2821,312,'宣汉县',3),(2822,312,'开江县',3),(2823,312,'大竹县',3),(2824,312,'渠县',3),(2825,312,'万源市',3),(2826,313,'雨城区',3),(2827,313,'名山县',3),(2828,313,'荥经县',3),(2829,313,'汉源县',3),(2830,313,'石棉县',3),(2831,313,'天全县',3),(2832,313,'芦山县',3),(2833,313,'宝兴县',3),(2834,314,'巴州区',3),(2835,314,'通江县',3),(2836,314,'南江县',3),(2837,314,'平昌县',3),(2838,315,'雁江区',3),(2839,315,'安岳县',3),(2840,315,'乐至县',3),(2841,315,'简阳市',3),(2842,316,'汶川县',3),(2843,316,'理县',3),(2844,316,'茂县',3),(2845,316,'松潘县',3),(2846,316,'九寨沟县',3),(2847,316,'金川县',3),(2848,316,'小金县',3),(2849,316,'黑水县',3),(2850,316,'马尔康县',3),(2851,316,'壤塘县',3),(2852,316,'阿坝县',3),(2853,316,'若尔盖县',3),(2854,316,'红原县',3),(2855,317,'康定县',3),(2856,317,'泸定县',3),(2857,317,'丹巴县',3),(2858,317,'九龙县',3),(2859,317,'雅江县',3),(2860,317,'道孚县',3),(2861,317,'炉霍县',3),(2862,317,'甘孜县',3),(2863,317,'新龙县',3),(2864,317,'德格县',3),(2865,317,'白玉县',3),(2866,317,'石渠县',3),(2867,317,'色达县',3),(2868,317,'理塘县',3),(2869,317,'巴塘县',3),(2870,317,'乡城县',3),(2871,317,'稻城县',3),(2872,317,'得荣县',3),(2873,318,'西昌市',3),(2874,318,'木里藏族自治县',3),(2875,318,'盐源县',3),(2876,318,'德昌县',3),(2877,318,'会理县',3),(2878,318,'会东县',3),(2879,318,'宁南县',3),(2880,318,'普格县',3),(2881,318,'布拖县',3),(2882,318,'金阳县',3),(2883,318,'昭觉县',3),(2884,318,'喜德县',3),(2885,318,'冕宁县',3),(2886,318,'越西县',3),(2887,318,'甘洛县',3),(2888,318,'美姑县',3),(2889,318,'雷波县',3),(2890,319,'南明区',3),(2891,319,'云岩区',3),(2892,319,'花溪区',3),(2893,319,'乌当区',3),(2894,319,'白云区',3),(2895,319,'小河区',3),(2896,319,'开阳县',3),(2897,319,'息烽县',3),(2898,319,'修文县',3),(2899,319,'清镇市',3),(2900,320,'钟山区',3),(2901,320,'六枝特区',3),(2902,320,'水城县',3),(2903,320,'盘县',3),(2904,321,'红花岗区',3),(2905,321,'汇川区',3),(2906,321,'遵义县',3),(2907,321,'桐梓县',3),(2908,321,'绥阳县',3),(2909,321,'正安县',3),(2910,321,'道真仡佬族苗族自治县',3),(2911,321,'务川仡佬族苗族自治县',3),(2912,321,'凤冈县',3),(2913,321,'湄潭县',3),(2914,321,'余庆县',3),(2915,321,'习水县',3),(2916,321,'赤水市',3),(2917,321,'仁怀市',3),(2918,322,'西秀区',3),(2919,322,'平坝县',3),(2920,322,'普定县',3),(2921,322,'镇宁布依族苗族自治县',3),(2922,322,'关岭布依族苗族自治县',3),(2923,322,'紫云苗族布依族自治县',3),(2924,323,'铜仁市',3),(2925,323,'江口县',3),(2926,323,'玉屏侗族自治县',3),(2927,323,'石阡县',3),(2928,323,'思南县',3),(2929,323,'印江土家族苗族自治县',3),(2930,323,'德江县',3),(2931,323,'沿河土家族自治县',3),(2932,323,'松桃苗族自治县',3),(2933,323,'万山特区',3),(2934,324,'兴义市',3),(2935,324,'兴仁县',3),(2936,324,'普安县',3),(2937,324,'晴隆县',3),(2938,324,'贞丰县',3),(2939,324,'望谟县',3),(2940,324,'册亨县',3),(2941,324,'安龙县',3),(2942,325,'毕节市',3),(2943,325,'大方县',3),(2944,325,'黔西县',3),(2945,325,'金沙县',3),(2946,325,'织金县',3),(2947,325,'纳雍县',3),(2948,325,'威宁彝族回族苗族自治县',3),(2949,325,'赫章县',3),(2950,326,'凯里市',3),(2951,326,'黄平县',3),(2952,326,'施秉县',3),(2953,326,'三穗县',3),(2954,326,'镇远县',3),(2955,326,'岑巩县',3),(2956,326,'天柱县',3),(2957,326,'锦屏县',3),(2958,326,'剑河县',3),(2959,326,'台江县',3),(2960,326,'黎平县',3),(2961,326,'榕江县',3),(2962,326,'从江县',3),(2963,326,'雷山县',3),(2964,326,'麻江县',3),(2965,326,'丹寨县',3),(2966,327,'都匀市',3),(2967,327,'福泉市',3),(2968,327,'荔波县',3),(2969,327,'贵定县',3),(2970,327,'瓮安县',3),(2971,327,'独山县',3),(2972,327,'平塘县',3),(2973,327,'罗甸县',3),(2974,327,'长顺县',3),(2975,327,'龙里县',3),(2976,327,'惠水县',3),(2977,327,'三都水族自治县',3),(2978,328,'五华区',3),(2979,328,'盘龙区',3),(2980,328,'官渡区',3),(2981,328,'西山区',3),(2982,328,'东川区',3),(2983,328,'呈贡县',3),(2984,328,'晋宁县',3),(2985,328,'富民县',3),(2986,328,'宜良县',3),(2987,328,'石林彝族自治县',3),(2988,328,'嵩明县',3),(2989,328,'禄劝彝族苗族自治县',3),(2990,328,'寻甸回族彝族自治县',3),(2991,328,'安宁市',3),(2992,329,'麒麟区',3),(2993,329,'马龙县',3),(2994,329,'陆良县',3),(2995,329,'师宗县',3),(2996,329,'罗平县',3),(2997,329,'富源县',3),(2998,329,'会泽县',3),(2999,329,'沾益县',3),(3000,329,'宣威市',3),(3001,330,'红塔区',3),(3002,330,'江川县',3),(3003,330,'澄江县',3),(3004,330,'通海县',3),(3005,330,'华宁县',3),(3006,330,'易门县',3),(3007,330,'峨山彝族自治县',3),(3008,330,'新平彝族傣族自治县',3),(3009,330,'元江哈尼族彝族傣族自治县',3),(3010,331,'隆阳区',3),(3011,331,'施甸县',3),(3012,331,'腾冲县',3),(3013,331,'龙陵县',3),(3014,331,'昌宁县',3),(3015,332,'昭阳区',3),(3016,332,'鲁甸县',3),(3017,332,'巧家县',3),(3018,332,'盐津县',3),(3019,332,'大关县',3),(3020,332,'永善县',3),(3021,332,'绥江县',3),(3022,332,'镇雄县',3),(3023,332,'彝良县',3),(3024,332,'威信县',3),(3025,332,'水富县',3),(3026,333,'古城区',3),(3027,333,'玉龙纳西族自治县',3),(3028,333,'永胜县',3),(3029,333,'华坪县',3),(3030,333,'宁蒗彝族自治县',3),(3031,334,'翠云区',3),(3032,334,'普洱哈尼族彝族自治县',3),(3033,334,'墨江哈尼族自治县',3),(3034,334,'景东彝族自治县',3),(3035,334,'景谷傣族彝族自治县',3),(3036,334,'镇沅彝族哈尼族拉祜族自治县',3),(3037,334,'江城哈尼族彝族自治县',3),(3038,334,'孟连傣族拉祜族佤族自治县',3),(3039,334,'澜沧拉祜族自治县',3),(3040,334,'西盟佤族自治县',3),(3041,335,'临翔区',3),(3042,335,'凤庆县',3),(3043,335,'云县',3),(3044,335,'永德县',3),(3045,335,'镇康县',3),(3046,335,'双江拉祜族佤族布朗族傣族自治县',3),(3047,335,'耿马傣族佤族自治县',3),(3048,335,'沧源佤族自治县',3),(3049,336,'楚雄市',3),(3050,336,'双柏县',3),(3051,336,'牟定县',3),(3052,336,'南华县',3),(3053,336,'姚安县',3),(3054,336,'大姚县',3),(3055,336,'永仁县',3),(3056,336,'元谋县',3),(3057,336,'武定县',3),(3058,336,'禄丰县',3),(3059,337,'个旧市',3),(3060,337,'开远市',3),(3061,337,'蒙自县',3),(3062,337,'屏边苗族自治县',3),(3063,337,'建水县',3),(3064,337,'石屏县',3),(3065,337,'弥勒县',3),(3066,337,'泸西县',3),(3067,337,'元阳县',3),(3068,337,'红河县',3),(3069,337,'金平苗族瑶族傣族自治县',3),(3070,337,'绿春县',3),(3071,337,'河口瑶族自治县',3),(3072,338,'文山县',3),(3073,338,'砚山县',3),(3074,338,'西畴县',3),(3075,338,'麻栗坡县',3),(3076,338,'马关县',3),(3077,338,'丘北县',3),(3078,338,'广南县',3),(3079,338,'富宁县',3),(3080,339,'景洪市',3),(3081,339,'勐海县',3),(3082,339,'勐腊县',3),(3083,340,'大理市',3),(3084,340,'漾濞彝族自治县',3),(3085,340,'祥云县',3),(3086,340,'宾川县',3),(3087,340,'弥渡县',3),(3088,340,'南涧彝族自治县',3),(3089,340,'巍山彝族回族自治县',3),(3090,340,'永平县',3),(3091,340,'云龙县',3),(3092,340,'洱源县',3),(3093,340,'剑川县',3),(3094,340,'鹤庆县',3),(3095,341,'瑞丽市',3),(3096,341,'潞西市',3),(3097,341,'梁河县',3),(3098,341,'盈江县',3),(3099,341,'陇川县',3),(3100,342,'泸水县',3),(3101,342,'福贡县',3),(3102,342,'贡山独龙族怒族自治县',3),(3103,342,'兰坪白族普米族自治县',3),(3104,343,'香格里拉县',3),(3105,343,'德钦县',3),(3106,343,'维西傈僳族自治县',3),(3107,344,'城关区',3),(3108,344,'林周县',3),(3109,344,'当雄县',3),(3110,344,'尼木县',3),(3111,344,'曲水县',3),(3112,344,'堆龙德庆县',3),(3113,344,'达孜县',3),(3114,344,'墨竹工卡县',3),(3115,345,'昌都县',3),(3116,345,'江达县',3),(3117,345,'贡觉县',3),(3118,345,'类乌齐县',3),(3119,345,'丁青县',3),(3120,345,'察雅县',3),(3121,345,'八宿县',3),(3122,345,'左贡县',3),(3123,345,'芒康县',3),(3124,345,'洛隆县',3),(3125,345,'边坝县',3),(3126,346,'乃东县',3),(3127,346,'扎囊县',3),(3128,346,'贡嘎县',3),(3129,346,'桑日县',3),(3130,346,'琼结县',3),(3131,346,'曲松县',3),(3132,346,'措美县',3),(3133,346,'洛扎县',3),(3134,346,'加查县',3),(3135,346,'隆子县',3),(3136,346,'错那县',3),(3137,346,'浪卡子县',3),(3138,347,'日喀则市',3),(3139,347,'南木林县',3),(3140,347,'江孜县',3),(3141,347,'定日县',3),(3142,347,'萨迦县',3),(3143,347,'拉孜县',3),(3144,347,'昂仁县',3),(3145,347,'谢通门县',3),(3146,347,'白朗县',3),(3147,347,'仁布县',3),(3148,347,'康马县',3),(3149,347,'定结县',3),(3150,347,'仲巴县',3),(3151,347,'亚东县',3),(3152,347,'吉隆县',3),(3153,347,'聂拉木县',3),(3154,347,'萨嘎县',3),(3155,347,'岗巴县',3),(3156,348,'那曲县',3),(3157,348,'嘉黎县',3),(3158,348,'比如县',3),(3159,348,'聂荣县',3),(3160,348,'安多县',3),(3161,348,'申扎县',3),(3162,348,'索县',3),(3163,348,'班戈县',3),(3164,348,'巴青县',3),(3165,348,'尼玛县',3),(3166,349,'普兰县',3),(3167,349,'札达县',3),(3168,349,'噶尔县',3),(3169,349,'日土县',3),(3170,349,'革吉县',3),(3171,349,'改则县',3),(3172,349,'措勤县',3),(3173,350,'林芝县',3),(3174,350,'工布江达县',3),(3175,350,'米林县',3),(3176,350,'墨脱县',3),(3177,350,'波密县',3),(3178,350,'察隅县',3),(3179,350,'朗县',3),(3180,351,'新城区',3),(3181,351,'碑林区',3),(3182,351,'莲湖区',3),(3183,351,'灞桥区',3),(3184,351,'未央区',3),(3185,351,'雁塔区',3),(3186,351,'阎良区',3),(3187,351,'临潼区',3),(3188,351,'长安区',3),(3189,351,'蓝田县',3),(3190,351,'周至县',3),(3191,351,'户县',3),(3192,351,'高陵县',3),(3193,352,'王益区',3),(3194,352,'印台区',3),(3195,352,'耀州区',3),(3196,352,'宜君县',3),(3197,353,'渭滨区',3),(3198,353,'金台区',3),(3199,353,'陈仓区',3),(3200,353,'凤翔县',3),(3201,353,'岐山县',3),(3202,353,'扶风县',3),(3203,353,'眉县',3),(3204,353,'陇县',3),(3205,353,'千阳县',3),(3206,353,'麟游县',3),(3207,353,'凤县',3),(3208,353,'太白县',3),(3209,354,'秦都区',3),(3210,354,'杨凌区',3),(3211,354,'渭城区',3),(3212,354,'三原县',3),(3213,354,'泾阳县',3),(3214,354,'乾县',3),(3215,354,'礼泉县',3),(3216,354,'永寿县',3),(3217,354,'彬县',3),(3218,354,'长武县',3),(3219,354,'旬邑县',3),(3220,354,'淳化县',3),(3221,354,'武功县',3),(3222,354,'兴平市',3),(3223,355,'临渭区',3),(3224,355,'华县',3),(3225,355,'潼关县',3),(3226,355,'大荔县',3),(3227,355,'合阳县',3),(3228,355,'澄城县',3),(3229,355,'蒲城县',3),(3230,355,'白水县',3),(3231,355,'富平县',3),(3232,355,'韩城市',3),(3233,355,'华阴市',3),(3234,356,'宝塔区',3),(3235,356,'延长县',3),(3236,356,'延川县',3),(3237,356,'子长县',3),(3238,356,'安塞县',3),(3239,356,'志丹县',3),(3240,356,'吴旗县',3),(3241,356,'甘泉县',3),(3242,356,'富县',3),(3243,356,'洛川县',3),(3244,356,'宜川县',3),(3245,356,'黄龙县',3),(3246,356,'黄陵县',3),(3247,357,'汉台区',3),(3248,357,'南郑县',3),(3249,357,'城固县',3),(3250,357,'洋县',3),(3251,357,'西乡县',3),(3252,357,'勉县',3),(3253,357,'宁强县',3),(3254,357,'略阳县',3),(3255,357,'镇巴县',3),(3256,357,'留坝县',3),(3257,357,'佛坪县',3),(3258,358,'榆阳区',3),(3259,358,'神木县',3),(3260,358,'府谷县',3),(3261,358,'横山县',3),(3262,358,'靖边县',3),(3263,358,'定边县',3),(3264,358,'绥德县',3),(3265,358,'米脂县',3),(3266,358,'佳县',3),(3267,358,'吴堡县',3),(3268,358,'清涧县',3),(3269,358,'子洲县',3),(3270,359,'汉滨区',3),(3271,359,'汉阴县',3),(3272,359,'石泉县',3),(3273,359,'宁陕县',3),(3274,359,'紫阳县',3),(3275,359,'岚皋县',3),(3276,359,'平利县',3),(3277,359,'镇坪县',3),(3278,359,'旬阳县',3),(3279,359,'白河县',3),(3280,360,'商州区',3),(3281,360,'洛南县',3),(3282,360,'丹凤县',3),(3283,360,'商南县',3),(3284,360,'山阳县',3),(3285,360,'镇安县',3),(3286,360,'柞水县',3),(3287,361,'城关区',3),(3288,361,'七里河区',3),(3289,361,'西固区',3),(3290,361,'安宁区',3),(3291,361,'红古区',3),(3292,361,'永登县',3),(3293,361,'皋兰县',3),(3294,361,'榆中县',3),(3295,363,'金川区',3),(3296,363,'永昌县',3),(3297,364,'白银区',3),(3298,364,'平川区',3),(3299,364,'靖远县',3),(3300,364,'会宁县',3),(3301,364,'景泰县',3),(3302,365,'秦城区',3),(3303,365,'北道区',3),(3304,365,'清水县',3),(3305,365,'秦安县',3),(3306,365,'甘谷县',3),(3307,365,'武山县',3),(3308,365,'张家川回族自治县',3),(3309,366,'凉州区',3),(3310,366,'民勤县',3),(3311,366,'古浪县',3),(3312,366,'天祝藏族自治县',3),(3313,367,'甘州区',3),(3314,367,'肃南裕固族自治县',3),(3315,367,'民乐县',3),(3316,367,'临泽县',3),(3317,367,'高台县',3),(3318,367,'山丹县',3),(3319,368,'崆峒区',3),(3320,368,'泾川县',3),(3321,368,'灵台县',3),(3322,368,'崇信县',3),(3323,368,'华亭县',3),(3324,368,'庄浪县',3),(3325,368,'静宁县',3),(3326,369,'肃州区',3),(3327,369,'金塔县',3),(3328,369,'安西县',3),(3329,369,'肃北蒙古族自治县',3),(3330,369,'阿克塞哈萨克族自治县',3),(3331,369,'玉门市',3),(3332,369,'敦煌市',3),(3333,370,'西峰区',3),(3334,370,'庆城县',3),(3335,370,'环县',3),(3336,370,'华池县',3),(3337,370,'合水县',3),(3338,370,'正宁县',3),(3339,370,'宁县',3),(3340,370,'镇原县',3),(3341,371,'安定区',3),(3342,371,'通渭县',3),(3343,371,'陇西县',3),(3344,371,'渭源县',3),(3345,371,'临洮县',3),(3346,371,'漳县',3),(3347,371,'岷县',3),(3348,372,'武都区',3),(3349,372,'成县',3),(3350,372,'文县',3),(3351,372,'宕昌县',3),(3352,372,'康县',3),(3353,372,'西和县',3),(3354,372,'礼县',3),(3355,372,'徽县',3),(3356,372,'两当县',3),(3357,373,'临夏市',3),(3358,373,'临夏县',3),(3359,373,'康乐县',3),(3360,373,'永靖县',3),(3361,373,'广河县',3),(3362,373,'和政县',3),(3363,373,'东乡族自治县',3),(3364,373,'积石山保安族东乡族撒拉族自治县',3),(3365,374,'合作市',3),(3366,374,'临潭县',3),(3367,374,'卓尼县',3),(3368,374,'舟曲县',3),(3369,374,'迭部县',3),(3370,374,'玛曲县',3),(3371,374,'碌曲县',3),(3372,374,'夏河县',3),(3373,375,'城东区',3),(3374,375,'城中区',3),(3375,375,'城西区',3),(3376,375,'城北区',3),(3377,375,'大通回族土族自治县',3),(3378,375,'湟中县',3),(3379,375,'湟源县',3),(3380,376,'平安县',3),(3381,376,'民和回族土族自治县',3),(3382,376,'乐都县',3),(3383,376,'互助土族自治县',3),(3384,376,'化隆回族自治县',3),(3385,376,'循化撒拉族自治县',3),(3386,377,'门源回族自治县',3),(3387,377,'祁连县',3),(3388,377,'海晏县',3),(3389,377,'刚察县',3),(3390,378,'同仁县',3),(3391,378,'尖扎县',3),(3392,378,'泽库县',3),(3393,378,'河南蒙古族自治县',3),(3394,379,'共和县',3),(3395,379,'同德县',3),(3396,379,'贵德县',3),(3397,379,'兴海县',3),(3398,379,'贵南县',3),(3399,380,'玛沁县',3),(3400,380,'班玛县',3),(3401,380,'甘德县',3),(3402,380,'达日县',3),(3403,380,'久治县',3),(3404,380,'玛多县',3),(3405,381,'玉树县',3),(3406,381,'杂多县',3),(3407,381,'称多县',3),(3408,381,'治多县',3),(3409,381,'囊谦县',3),(3410,381,'曲麻莱县',3),(3411,382,'格尔木市',3),(3412,382,'德令哈市',3),(3413,382,'乌兰县',3),(3414,382,'都兰县',3),(3415,382,'天峻县',3),(3416,383,'兴庆区',3),(3417,383,'西夏区',3),(3418,383,'金凤区',3),(3419,383,'永宁县',3),(3420,383,'贺兰县',3),(3421,383,'灵武市',3),(3422,384,'大武口区',3),(3423,384,'惠农区',3),(3424,384,'平罗县',3),(3425,385,'利通区',3),(3426,385,'盐池县',3),(3427,385,'同心县',3),(3428,385,'青铜峡市',3),(3429,386,'原州区',3),(3430,386,'西吉县',3),(3431,386,'隆德县',3),(3432,386,'泾源县',3),(3433,386,'彭阳县',3),(3434,387,'沙坡头区',3),(3435,387,'中宁县',3),(3436,387,'海原县',3),(3437,388,'天山区',3),(3438,388,'沙依巴克区',3),(3439,388,'新市区',3),(3440,388,'水磨沟区',3),(3441,388,'头屯河区',3),(3442,388,'达坂城区',3),(3443,388,'东山区',3),(3444,388,'乌鲁木齐县',3),(3445,389,'独山子区',3),(3446,389,'克拉玛依区',3),(3447,389,'白碱滩区',3),(3448,389,'乌尔禾区',3),(3449,390,'吐鲁番市',3),(3450,390,'鄯善县',3),(3451,390,'托克逊县',3),(3452,391,'哈密市',3),(3453,391,'巴里坤哈萨克自治县',3),(3454,391,'伊吾县',3),(3455,392,'昌吉市',3),(3456,392,'阜康市',3),(3457,392,'米泉市',3),(3458,392,'呼图壁县',3),(3459,392,'玛纳斯县',3),(3460,392,'奇台县',3),(3461,392,'吉木萨尔县',3),(3462,392,'木垒哈萨克自治县',3),(3463,393,'博乐市',3),(3464,393,'精河县',3),(3465,393,'温泉县',3),(3466,394,'库尔勒市',3),(3467,394,'轮台县',3),(3468,394,'尉犁县',3),(3469,394,'若羌县',3),(3470,394,'且末县',3),(3471,394,'焉耆回族自治县',3),(3472,394,'和静县',3),(3473,394,'和硕县',3),(3474,394,'博湖县',3),(3475,395,'阿克苏市',3),(3476,395,'温宿县',3),(3477,395,'库车县',3),(3478,395,'沙雅县',3),(3479,395,'新和县',3),(3480,395,'拜城县',3),(3481,395,'乌什县',3),(3482,395,'阿瓦提县',3),(3483,395,'柯坪县',3),(3484,396,'阿图什市',3),(3485,396,'阿克陶县',3),(3486,396,'阿合奇县',3),(3487,396,'乌恰县',3),(3488,397,'喀什市',3),(3489,397,'疏附县',3),(3490,397,'疏勒县',3),(3491,397,'英吉沙县',3),(3492,397,'泽普县',3),(3493,397,'莎车县',3),(3494,397,'叶城县',3),(3495,397,'麦盖提县',3),(3496,397,'岳普湖县',3),(3497,397,'伽师县',3),(3498,397,'巴楚县',3),(3499,397,'塔什库尔干塔吉克自治县',3),(3500,398,'和田市',3),(3501,398,'和田县',3),(3502,398,'墨玉县',3),(3503,398,'皮山县',3),(3504,398,'洛浦县',3),(3505,398,'策勒县',3),(3506,398,'于田县',3),(3507,398,'民丰县',3),(3508,399,'伊宁市',3),(3509,399,'奎屯市',3),(3510,399,'伊宁县',3),(3511,399,'察布查尔锡伯自治县',3),(3512,399,'霍城县',3),(3513,399,'巩留县',3),(3514,399,'新源县',3),(3515,399,'昭苏县',3),(3516,399,'特克斯县',3),(3517,399,'尼勒克县',3),(3518,400,'塔城市',3),(3519,400,'乌苏市',3),(3520,400,'额敏县',3),(3521,400,'沙湾县',3),(3522,400,'托里县',3),(3523,400,'裕民县',3),(3524,400,'和布克赛尔蒙古自治县',3),(3525,401,'阿勒泰市',3),(3526,401,'布尔津县',3),(3527,401,'富蕴县',3),(3528,401,'福海县',3),(3529,401,'哈巴河县',3),(3530,401,'青河县',3),(3531,401,'吉木乃县',3),(3532,187,'红谷滩新区',3),(3533,215,'郑东新区',3),(3534,319,'观山湖区',3),(3535,298,'城南新区',3);

/*Table structure for table `zq_group` */

DROP TABLE IF EXISTS `zq_group`;

CREATE TABLE `zq_group` (
  `id` int(10) unsigned NOT NULL AUTO_INCREMENT,
  `title` varchar(256) NOT NULL DEFAULT '' COMMENT '名称',
  `sort_order` tinyint(3) unsigned NOT NULL DEFAULT '0' COMMENT '显示顺序',
  PRIMARY KEY (`id`)
) ENGINE=InnoDB DEFAULT CHARSET=utf8 ROW_FORMAT=COMPACT;

/*Data for the table `zq_group` */

/*Table structure for table `zq_inbox` */

DROP TABLE IF EXISTS `zq_inbox`;

CREATE TABLE `zq_inbox` (
  `id` int(10) unsigned NOT NULL AUTO_INCREMENT,
  `sender_id` int(10) unsigned NOT NULL DEFAULT '0' COMMENT '发送者ID',
  `recver_id` int(10) unsigned NOT NULL DEFAULT '0' COMMENT '接收者ID',
  `msg` text COLLATE utf8_unicode_ci COMMENT '内容',
  `status` tinyint(3) unsigned NOT NULL DEFAULT '0' COMMENT '状态',
  `create_time` timestamp NOT NULL DEFAULT CURRENT_TIMESTAMP,
  PRIMARY KEY (`id`),
  KEY `zq_inbox_ibfk_1` (`sender_id`) USING BTREE,
  KEY `zq_inbox_ibfk_2` (`recver_id`) USING BTREE,
  CONSTRAINT `zq_inbox_ibfk_1` FOREIGN KEY (`sender_id`) REFERENCES `zq_member` (`id`) ON DELETE CASCADE ON UPDATE CASCADE,
  CONSTRAINT `zq_inbox_ibfk_2` FOREIGN KEY (`recver_id`) REFERENCES `zq_member` (`id`) ON DELETE CASCADE ON UPDATE CASCADE
) ENGINE=InnoDB DEFAULT CHARSET=utf8 COLLATE=utf8_unicode_ci ROW_FORMAT=COMPACT;

/*Data for the table `zq_inbox` */

/*Table structure for table `zq_industry` */

DROP TABLE IF EXISTS `zq_industry`;

CREATE TABLE `zq_industry` (
  `id` int(10) unsigned NOT NULL AUTO_INCREMENT,
  `title` varchar(256) NOT NULL DEFAULT '' COMMENT '名称',
  `sort_order` tinyint(3) unsigned NOT NULL DEFAULT '0' COMMENT '显示顺序',
  PRIMARY KEY (`id`)
) ENGINE=InnoDB AUTO_INCREMENT=7 DEFAULT CHARSET=utf8;

/*Data for the table `zq_industry` */

insert  into `zq_industry`(`id`,`title`,`sort_order`) values (1,'汽车展',0),(2,'家装展',0),(3,'自行车展',0),(4,'宠物展',0),(5,'政府展',0),(6,'专业展',0);

/*Table structure for table `zq_intention` */

DROP TABLE IF EXISTS `zq_intention`;

CREATE TABLE `zq_intention` (
  `id` int(11) NOT NULL AUTO_INCREMENT COMMENT '关注意向id',
  `brand_tag` varchar(10) COLLATE utf8_unicode_ci DEFAULT NULL,
  `brand` varchar(50) COLLATE utf8_unicode_ci DEFAULT NULL COMMENT '意向品牌',
  `stand` varchar(10) COLLATE utf8_unicode_ci DEFAULT NULL COMMENT '展位',
  `contacts` varchar(10) COLLATE utf8_unicode_ci DEFAULT NULL COMMENT '联系人',
  `mobile` varchar(20) COLLATE utf8_unicode_ci DEFAULT NULL COMMENT '手机号码',
  PRIMARY KEY (`id`)
) ENGINE=InnoDB DEFAULT CHARSET=utf8 COLLATE=utf8_unicode_ci ROW_FORMAT=COMPACT;

/*Data for the table `zq_intention` */

/*Table structure for table `zq_joiner` */

DROP TABLE IF EXISTS `zq_joiner`;

CREATE TABLE `zq_joiner` (
  `id` int(11) unsigned NOT NULL AUTO_INCREMENT,
  `name` varchar(200) COLLATE utf8_unicode_ci DEFAULT NULL,
  `enabled` tinyint(1) DEFAULT '0' COMMENT '0不启用1启用',
  `car_brand_id` int(11) NOT NULL DEFAULT '1' COMMENT '关联品牌',
  PRIMARY KEY (`id`)
) ENGINE=InnoDB AUTO_INCREMENT=25 DEFAULT CHARSET=utf8 COLLATE=utf8_unicode_ci ROW_FORMAT=COMPACT;

/*Data for the table `zq_joiner` */

insert  into `zq_joiner`(`id`,`name`,`enabled`,`car_brand_id`) values (1,'高政平',0,0),(2,'15807150000',0,0),(3,'15807150053',0,0),(4,'15807150058',0,0),(5,'惹我',0,0),(6,'13800138000',0,0),(7,'单位名称',0,0),(8,'13800100101',0,0),(9,'单位名称',0,0),(10,'单位名称',0,0),(11,'尚格会展',0,0),(12,'辅导费',0,0),(13,'数字营销',0,0),(14,'13712345678',0,0),(15,'管委会',0,0),(16,'爱上对方',0,0),(17,'爱上对方',0,0),(18,'撒旦法',0,0),(19,'测试',0,0),(20,'dsadsa',0,0),(21,'单位名称',0,0),(22,'单位名称',0,0),(23,'临时测试',0,0),(24,'123123',0,0);

/*Table structure for table `zq_lottery_level` */

DROP TABLE IF EXISTS `zq_lottery_level`;

CREATE TABLE `zq_lottery_level` (
  `id` int(11) unsigned NOT NULL AUTO_INCREMENT,
  `lottery_project_id` int(11) unsigned NOT NULL,
  `name` varchar(45) COLLATE utf8_unicode_ci DEFAULT NULL COMMENT '说明一等奖',
  `prize` varchar(45) COLLATE utf8_unicode_ci DEFAULT NULL COMMENT '奖品名称',
  `prize_num` varchar(45) COLLATE utf8_unicode_ci DEFAULT NULL COMMENT '奖品数量',
  `level` tinyint(1) DEFAULT NULL COMMENT '奖品级别排序',
  `probability` decimal(4,2) DEFAULT NULL COMMENT '抽奖机率',
  `lottery_time` datetime DEFAULT NULL COMMENT '抽奖时间',
  `info` char(200) COLLATE utf8_unicode_ci DEFAULT NULL COMMENT '说明',
  `created_at` datetime DEFAULT NULL COMMENT '奖品创建时间',
  `engaged` int(11) NOT NULL DEFAULT '0' COMMENT '已经抽走的数量',
  `updated_at` datetime DEFAULT NULL COMMENT '抽奖时间',
  PRIMARY KEY (`id`),
  KEY `lottery_project_id` (`lottery_project_id`) USING BTREE,
  CONSTRAINT `zq_lottery_level_ibfk_1` FOREIGN KEY (`lottery_project_id`) REFERENCES `zq_lottery_project` (`id`) ON DELETE CASCADE ON UPDATE CASCADE
) ENGINE=InnoDB DEFAULT CHARSET=utf8 COLLATE=utf8_unicode_ci ROW_FORMAT=COMPACT;

/*Data for the table `zq_lottery_level` */

/*Table structure for table `zq_lottery_project` */

DROP TABLE IF EXISTS `zq_lottery_project`;

CREATE TABLE `zq_lottery_project` (
  `id` int(11) unsigned NOT NULL AUTO_INCREMENT,
  `exhibition_id` int(11) unsigned NOT NULL,
  `start` datetime DEFAULT NULL COMMENT '抽奖开始时间',
  `end` datetime DEFAULT NULL COMMENT '抽奖结束时间',
  `lottery_num` tinyint(1) DEFAULT '3' COMMENT '抽奖次数',
  `content` longtext COLLATE utf8_unicode_ci COMMENT '活动说明',
  `ticket_type` varchar(45) COLLATE utf8_unicode_ci DEFAULT NULL COMMENT '抽奖人数范围选择',
  `created_at` datetime DEFAULT NULL,
  `updated_at` datetime DEFAULT NULL,
  `type` tinyint(1) DEFAULT '1' COMMENT '活动类型 1大转盘 2摇一摇 3抢红包',
  `link_url` char(200) COLLATE utf8_unicode_ci DEFAULT NULL,
  `created_by` int(11) unsigned DEFAULT NULL,
  `updated_by` int(11) unsigned DEFAULT NULL,
  `status` tinyint(1) NOT NULL DEFAULT '0' COMMENT '活动发布0,未发布、1，已发布',
  PRIMARY KEY (`id`),
  KEY `exhibition_id` (`exhibition_id`) USING BTREE,
  KEY `created_by` (`created_by`) USING BTREE,
  KEY `updated_by` (`updated_by`) USING BTREE,
  CONSTRAINT `zq_lottery_project_ibfk_1` FOREIGN KEY (`exhibition_id`) REFERENCES `zq_exhibition` (`id`) ON DELETE CASCADE ON UPDATE CASCADE,
  CONSTRAINT `zq_lottery_project_ibfk_2` FOREIGN KEY (`created_by`) REFERENCES `zq_member` (`id`) ON DELETE CASCADE ON UPDATE CASCADE,
  CONSTRAINT `zq_lottery_project_ibfk_3` FOREIGN KEY (`updated_by`) REFERENCES `zq_member` (`id`) ON DELETE CASCADE ON UPDATE CASCADE
) ENGINE=InnoDB DEFAULT CHARSET=utf8 COLLATE=utf8_unicode_ci ROW_FORMAT=COMPACT;

/*Data for the table `zq_lottery_project` */

/*Table structure for table `zq_lottery_record` */

DROP TABLE IF EXISTS `zq_lottery_record`;

CREATE TABLE `zq_lottery_record` (
  `id` int(11) unsigned NOT NULL AUTO_INCREMENT,
  `lottery_level_id` int(11) unsigned NOT NULL,
  `lottery_project_id` int(11) unsigned NOT NULL,
  `lottery_code` varchar(45) COLLATE utf8_unicode_ci DEFAULT NULL COMMENT '兑奖码随机生成',
  `username` varchar(45) COLLATE utf8_unicode_ci DEFAULT NULL COMMENT '中奖人',
  `mobile` varchar(32) COLLATE utf8_unicode_ci DEFAULT NULL COMMENT '中奖人手机号码',
  `status` tinyint(1) DEFAULT '0' COMMENT '兑奖状态',
  `created_at` datetime DEFAULT NULL,
  `updated_at` datetime DEFAULT NULL COMMENT '兑奖时间',
  `updated_by` int(11) unsigned DEFAULT NULL COMMENT '操作人',
  PRIMARY KEY (`id`),
  KEY `lottery_code` (`lottery_code`,`mobile`) USING BTREE,
  KEY `lottery_project_id` (`lottery_project_id`) USING BTREE,
  KEY `lottery_level_id` (`lottery_level_id`) USING BTREE
) ENGINE=InnoDB DEFAULT CHARSET=utf8 COLLATE=utf8_unicode_ci ROW_FORMAT=COMPACT;

/*Data for the table `zq_lottery_record` */

/*Table structure for table `zq_main_channel` */

DROP TABLE IF EXISTS `zq_main_channel`;

CREATE TABLE `zq_main_channel` (
  `id` int(11) NOT NULL AUTO_INCREMENT,
  `parent_id` int(11) NOT NULL,
  `name` varchar(120) NOT NULL,
  `redirect_url` varchar(120) DEFAULT NULL,
  `sort_num` int(11) NOT NULL DEFAULT '0',
  `note` varchar(80) DEFAULT NULL,
  PRIMARY KEY (`id`)
) ENGINE=InnoDB DEFAULT CHARSET=utf8 ROW_FORMAT=COMPACT;

/*Data for the table `zq_main_channel` */

/*Table structure for table `zq_main_news` */

DROP TABLE IF EXISTS `zq_main_news`;

CREATE TABLE `zq_main_news` (
  `id` int(11) NOT NULL AUTO_INCREMENT,
  `channel_id` int(11) NOT NULL,
  `user_id` int(11) NOT NULL,
  `user_name` varchar(80) NOT NULL,
  `publish_time` datetime DEFAULT NULL,
  `modify_time` datetime DEFAULT NULL,
  `flag` varchar(128) DEFAULT NULL,
  `views` int(11) DEFAULT '0',
  `commonts` int(11) DEFAULT '0',
  `status` tinyint(1) DEFAULT '1',
  `title` varchar(128) NOT NULL,
  `title_format` varchar(128) DEFAULT NULL,
  `keywords` varchar(128) DEFAULT NULL,
  `summary` varchar(512) DEFAULT NULL,
  `content` text NOT NULL,
  `source` varchar(255) DEFAULT NULL,
  `author` varchar(255) DEFAULT NULL,
  PRIMARY KEY (`id`)
) ENGINE=InnoDB DEFAULT CHARSET=utf8 ROW_FORMAT=COMPACT;

/*Data for the table `zq_main_news` */

/*Table structure for table `zq_matchinfo` */

DROP TABLE IF EXISTS `zq_matchinfo`;

CREATE TABLE `zq_matchinfo` (
  `id` int(11) NOT NULL AUTO_INCREMENT COMMENT '主键ID',
  `exhibition_id` int(11) NOT NULL COMMENT '展会ID',
  `car_brand_id` int(11) NOT NULL COMMENT '汽车品牌',
  `stand_number` varchar(50) NOT NULL COMMENT '展位号',
  `sms_title` varchar(250) DEFAULT NULL COMMENT '短信前缀标题',
  `sms_content` text NOT NULL COMMENT '短信内容',
  `create_time` datetime NOT NULL COMMENT '创建时间',
  `modifi_time` timestamp NOT NULL DEFAULT CURRENT_TIMESTAMP ON UPDATE CURRENT_TIMESTAMP COMMENT '修改时间',
  `audit_status` int(1) unsigned zerofill NOT NULL DEFAULT '0' COMMENT '审核状态 0 未审核 1 通过  2 驳回',
  `reason_text` text COMMENT '原因',
  `is_push` tinyint(1) DEFAULT '0' COMMENT '是否推送短信',
  `member_id` int(11) NOT NULL DEFAULT '0' COMMENT '用户ID',
  `joiner_id` int(11) NOT NULL DEFAULT '0' COMMENT '展商ID',
  `createby_id` int(11) NOT NULL DEFAULT '0' COMMENT '创建者ID',
  `modifiby_id` int(11) NOT NULL DEFAULT '0' COMMENT '修改ID',
  PRIMARY KEY (`id`),
  KEY `exhibition_id` (`exhibition_id`) USING BTREE,
  KEY `joiner_id` (`joiner_id`) USING BTREE,
  KEY `car_brand_id` (`car_brand_id`) USING BTREE
) ENGINE=InnoDB DEFAULT CHARSET=utf8 ROW_FORMAT=COMPACT;

/*Data for the table `zq_matchinfo` */

/*Table structure for table `zq_member` */

DROP TABLE IF EXISTS `zq_member`;

CREATE TABLE `zq_member` (
  `id` int(11) unsigned NOT NULL AUTO_INCREMENT,
  `username` varchar(32) COLLATE utf8_unicode_ci DEFAULT '' COMMENT '用户名',
  `mobile` varchar(32) COLLATE utf8_unicode_ci NOT NULL DEFAULT '' COMMENT '手机号',
  `email` varchar(64) COLLATE utf8_unicode_ci DEFAULT '' COMMENT '邮箱',
  `password` varchar(64) COLLATE utf8_unicode_ci NOT NULL DEFAULT '' COMMENT '明文密码，测试完后删除此字段',
  `auth_key` varchar(64) COLLATE utf8_unicode_ci NOT NULL DEFAULT '',
  `access_token` varchar(64) COLLATE utf8_unicode_ci NOT NULL DEFAULT '',
  `enabled` tinyint(1) unsigned NOT NULL DEFAULT '1',
  `flag` char(100) COLLATE utf8_unicode_ci DEFAULT NULL COMMENT '身份标识(付费用户/普通用户)',
  `alias` char(100) CHARACTER SET utf8 DEFAULT NULL COMMENT '呢称',
  `avatar` varchar(255) COLLATE utf8_unicode_ci DEFAULT NULL,
  `pwd` char(50) COLLATE utf8_unicode_ci DEFAULT NULL COMMENT '明文',
  `created_at` timestamp NULL DEFAULT NULL,
  `updated_at` timestamp NULL DEFAULT NULL,
  `office` char(25) CHARACTER SET utf8 DEFAULT NULL COMMENT '职位',
  `openid` char(32) COLLATE utf8_unicode_ci DEFAULT NULL COMMENT '微信openid',
  `last_login_time` datetime DEFAULT NULL,
  `last_login_ip` char(32) COLLATE utf8_unicode_ci DEFAULT NULL,
  `uuid` char(36) COLLATE utf8_unicode_ci DEFAULT NULL COMMENT '通用唯一识别码',
  `user_identity` tinyint(1) DEFAULT '0' COMMENT '用户来源0sungoal,1,为baba',
  PRIMARY KEY (`id`),
  UNIQUE KEY `username` (`username`) USING BTREE,
  KEY `idx_mobile` (`mobile`) USING BTREE,
  KEY `uuid` (`uuid`) USING BTREE,
  KEY `user_identity` (`user_identity`) USING BTREE
) ENGINE=InnoDB AUTO_INCREMENT=27442 DEFAULT CHARSET=utf8 COLLATE=utf8_unicode_ci;

/*Data for the table `zq_member` */

insert  into `zq_member`(`id`,`username`,`mobile`,`email`,`password`,`auth_key`,`access_token`,`enabled`,`flag`,`alias`,`avatar`,`pwd`,`created_at`,`updated_at`,`office`,`openid`,`last_login_time`,`last_login_ip`,`uuid`,`user_identity`) values (1,'admin','18930416199','sdfsdf','$2y$13$J0lXtYNHmwUs1X8kUE62dOte45Cmdm68qM9RvVQx/0scKsM4mFTAS','uyd1EhlCtakkk4zP5ERN_PRjA7etK8CK','',1,'','系统管理员','','',NULL,'2015-11-03 18:52:46',NULL,NULL,NULL,NULL,NULL,0),(27392,'xbh','','','$2y$13$oHUH9.BLqT4pVXDkdy2VMOdFMlmuf73bYB0ctdl/T6fNoqGm0rAAK','npv5mEcuZzSEZfK6Crl_vG7L9qJRByuH','',1,NULL,'西部博览会',NULL,'xbh888','2016-09-21 18:09:09','2016-09-21 18:09:09',NULL,NULL,NULL,NULL,NULL,0),(27393,'18611698240','18611698240','','$2y$13$fxRXbExy9w9oaSKVZjaP7uYFVgfiBCR22.IheaLvz03IFXSat9Grm','vVbERDRBy9DPT3T9ViimDuXgsvohFqLm','',1,NULL,'科技看',NULL,'xatvab','2016-09-22 20:08:09','2016-09-22 20:08:09',NULL,NULL,NULL,NULL,NULL,0),(27394,'13707174435','13707174435','','$2y$13$0Kz9f5i5dCLsbB2rppc3Ge.Lvdwx/Rz6mQssk6cwmVRAnNHmrtkwS','Fd6yx5Bkt7BsXHkyAca7WmtIF981ZI75','',1,NULL,'高政平',NULL,'sbhujg','2016-09-23 10:38:09','2016-09-23 10:38:09',NULL,NULL,NULL,NULL,NULL,0),(27395,'15172329209','15172329209','','$2y$13$BfMm/qbxgTcj8VStA52vMOUlDBFr4XfrXoijsTrB6Ps1Nhk2yTB6C','fuuZ1pCddRcTaDeDJQgePaQ6nElRb1Za','',1,NULL,'test1',NULL,'usoggg','2016-09-23 18:08:09','2016-09-23 18:08:09',NULL,NULL,NULL,NULL,NULL,0),(27396,'15100000000','15100000000','','$2y$13$GJ0FTRjONRi.CO4.qO6deu2ijTcdZhm0Ru3scj.oaxUHz6xn6Q0Wi','mazl4yaE0sLZPmCXeSTu1JvNoNyDc5LH','',1,NULL,'test1',NULL,'ipxcog','2016-09-23 18:27:09','2016-09-23 18:27:09',NULL,NULL,NULL,NULL,'3e93f30f-8178-11e6-a0f4-1051721cd16d',0),(27397,'18566663333','18566663333','','$2y$13$1oMF78ru9lRI40nANJhIyOaa2KTjOraB0dmfT6v0FV2MdJG/z1Q7G','NGfaOdtZIt3dGxg7iY_4MQtVDy3XsaAk','',1,NULL,'高枕苹果',NULL,'210652','2016-09-23 18:28:09','2016-09-23 18:28:09','董事',NULL,NULL,NULL,NULL,0),(27398,'15807150000','15807150000','','$2y$13$PzEMpdJNDMt0GzjpoASdEOqo7qiwQ.SPqW29zZhnTVwYo41BVxu3C','X6BED3gw_LUH9QGgis2RAGtQoS8tOGUC','',1,NULL,'15807150000',NULL,'471252','2016-09-23 18:49:09','2016-09-23 18:49:09','15807150000',NULL,NULL,NULL,NULL,0),(27399,'15807150053','15807150053','','$2y$13$Pye06h0fVHwiWkkGqwFJ6O5O.XZ1pbMt4rjPcIRSesCcjpNfzw6gC','jpG8nfQSS44ZGV8mwjgoqGBwHGeEfts7','',1,NULL,'15807150053',NULL,'083223','2016-09-23 18:56:09','2016-09-23 18:56:09','15807150053',NULL,NULL,NULL,NULL,0),(27400,'15807150058','15807150058','','$2y$13$Fj6c/77I7ONBc/fXjzpDM.m2vKUU7YpBBMysYvURoq76VI0uLoxeK','evK9vp3nQGm_0PGqkwEdqfXaXAnAsWfy','',1,NULL,'15807150058',NULL,'407379','2016-09-23 19:13:09','2016-09-23 19:13:09','15807150058',NULL,NULL,NULL,NULL,0),(27401,'151723292091','151723292091','','$2y$13$0yAgm/9axrhwACkhox/eb.YO9GuQdbAykz3D9sibUkEwn0UMsJxou','_bw9FcjVzvrEFdOV573aLwlpoz8fT0Yq','',1,NULL,'test1',NULL,'hiomru','2016-09-23 19:23:09','2016-09-23 19:23:09',NULL,NULL,NULL,NULL,NULL,0),(27402,'15807150001','15807150001','','$2y$13$NthtJwVm6cVJy22gLgbJ1.L14TSETjcK7njnChaqdifNQL6l6vJU.','unUN0zcxiQreUSveco3IANEc2TnSpqrF','',1,NULL,'15807150001',NULL,'326469','2016-09-24 11:14:09','2016-09-24 11:14:09','15807150001',NULL,NULL,NULL,NULL,0),(27403,'15807150002','15807150002','','$2y$13$tj5W51SNIy3ukMbuLHr3s.BU4vSqkAPkZAAYFs.EAxeI3dSYGhejy','5zT38eXPEdjyEPkEyzcn5jQlCMXdDIXg','',1,NULL,'15807150002',NULL,'504057','2016-09-24 11:20:09','2016-09-24 11:20:09','15807150002',NULL,NULL,NULL,NULL,0),(27405,'15807150003','15807150003','','$2y$13$7borrIq8w03ZaC3LpSwJzOub9GQ2MnIY05xbS61KTABsFQvJpA7.i','yxEsU7h0CT7-nv22E4oxcj15vEk01muT','',1,NULL,'15807150003',NULL,'089627','2016-09-24 11:52:09','2016-09-24 11:52:09','15807150003',NULL,NULL,NULL,NULL,0),(27406,'18500000003','18500000003','','$2y$13$JK5sWBaDD1xDnc9hXfIfJOC/XzWCP7nw/CAqIpspDeDM0pmFVy0wW','setGRy8uDMlI6gjaBMtnUOAJnrIXeFe3','',1,NULL,'二恶',NULL,'946108','2016-09-24 13:10:09','2016-09-24 13:10:09','热舞认为',NULL,NULL,NULL,NULL,0),(27407,'13800138000','13800138000','','$2y$13$cj2LnBZLlZKe9r07/T/N9OTkWIsv0Bhu8qzBeWlsTNsepgWXrtYkG','LdbVwzASFD51NZ0Kp5C3U5S01-L1uJrt','',1,NULL,'13800138000',NULL,'077967','2016-09-24 13:14:09','2016-09-24 13:14:09','13800138000',NULL,NULL,NULL,NULL,0),(27408,'15807150057','15807150057','','$2y$13$UylUJcn4hcXS3E4LrNhwpecwMIByctq32x8kqK1w3O/6Ne71YJePS','pnp5RbvkYBH1l4JhqlRU-9iGfXDvY9RK','',1,NULL,'姓名1',NULL,'105354','2016-09-24 13:34:09','2016-09-24 13:34:09','职务',NULL,NULL,NULL,NULL,0),(27409,'13800100101','13800100101','','$2y$13$iUz6yhQKG6O0ip03l7xtcOJVlAFczaTtGT6K2eJ9oLuNWNl/yt9xO','R9SBYS0RHYxBceqtxnh_DHn0GsqzNOMY','',1,NULL,'13800100101',NULL,'501526','2016-09-24 13:36:09','2016-09-24 13:36:09','13800100101',NULL,NULL,NULL,NULL,0),(27410,'15807150051','15807150051','','$2y$13$qT982EXk3y4XhQ2rEYlEeesVKuvH9paP8bjlS2VF/nKCEnpb1xl/i','c9cP3pCC47wc5RFPES2d4SC0CRmumXIg','',1,NULL,'姓名1',NULL,'702228','2016-09-24 13:38:09','2016-09-24 13:38:09','职务',NULL,NULL,NULL,NULL,0),(27411,'15807150050','15807150050','','$2y$13$.DqoakTEj29lpLhYMv5sb.At6ibtbRW45gov5IoZZ3ng/mEG95u7y','eZVq44a2tU1k03_sebmGM5Jg1Mvnp0Cz','',1,NULL,'姓名1',NULL,'532279','2016-09-24 13:38:09','2016-09-24 13:38:09','职务',NULL,NULL,NULL,NULL,0),(27412,'18502756288','18502756288','','$2y$13$sDM0AoLyskvmrBp4oNp4buB1hhDOJSOVgFj2vDicaySZO3OX74ktW','_ztvxCuNmWHO3C-pTvIB6ZGDfh5HrK-B','',1,NULL,'张默默',NULL,'997187','2016-09-24 13:38:09','2016-09-24 13:38:09','job',NULL,NULL,NULL,NULL,0),(27413,'18500000002','18500000002','','$2y$13$KzcnAV8mt8wWL75fBbQoEuhJdukuzHn3BnjrkD9wB3Tv9Glh9w..q','vVuQM-_Gb4dJjV1JdacNmHza6sDiTQex','',1,NULL,'防守对方',NULL,'164741','2016-09-24 13:38:09','2016-09-24 13:38:09','发达省份但是',NULL,NULL,NULL,NULL,0),(27414,'13707174431','13707174431','','$2y$13$L816sGqLiXIRr1GxEIjSDO0rdiSDDrm/kcSutEvxUJtCcbD7jf.uW','OYzfBKbGMMzeNQMegjlV-6ARgHB4eOOC','',1,NULL,'高政平',NULL,'413253','2016-09-24 13:52:09','2016-09-24 13:52:09','牛膝',NULL,NULL,NULL,NULL,0),(27415,'15111111111','15111111111','','$2y$13$/nj4GwSWsVTxUcprDtsmyeonScYAF9t4MJ4TQKRvRohANoZOnyW3G','euK9JIBUGlHrFJWxLxGXz-5Ztyf47SOa','',1,NULL,'test1',NULL,'dttdve','2016-09-24 13:58:09','2016-09-24 13:58:09',NULL,NULL,NULL,NULL,NULL,0),(27416,'15122222222','15122222222','','$2y$13$6VgWwliU63Ly2fQ10LXhPeeegwbn1BKNDkXKTjjSrZKkYCpre4kWG','prf6nHudOhBKd5XxG_92t0yyCxbO67Ko','',1,NULL,'test2',NULL,'iocrua','2016-09-24 13:58:09','2016-09-24 13:58:09',NULL,NULL,NULL,NULL,NULL,0),(27417,'15133333333','15133333333','','$2y$13$VECP0XBZMLLdlDn4reNRS.GmxUW94ZU/YslAYEk9EmK2l5NCdspku','k8uJDsYqdcsl3fhoQWoOxP5H1y6Vbfqz','',1,NULL,'test3',NULL,'mcbskg','2016-09-24 13:58:09','2016-09-24 13:58:09',NULL,NULL,NULL,NULL,'ee118a3f-821b-11e6-a0f4-1051721cd16d',0),(27418,'13712345678','13712345678','','$2y$13$HNrgE6I01SNP2GR253jvgePAvLD/O8MAOGtOpErWq0ZLCrRsJbNx2','9aS8Bd-EDWmIHyqFoislX0ftZNC_VbsT','',1,NULL,'13712345678',NULL,'359420','2016-09-24 14:15:09','2016-09-24 14:15:09','13712345678',NULL,NULL,NULL,NULL,0),(27419,'15899996666','15899996666','','$2y$13$5w9z68rGerPZCkIGlkOXTOOtoJLdJnQD0EbPcwT6HJPJkOf.E.7Ze','2VAu-J6f8U6EziapSyoqUapsKXW8HH-Y','',1,NULL,'农家家',NULL,'196481','2016-09-24 14:43:09','2016-09-24 14:43:09','董事长',NULL,NULL,NULL,NULL,0),(27420,'15899996665','15899996665','','$2y$13$OnqZpk0dBsdFviSO6GxVFe2LDmOlmbKfZ0olMOFXvnS6nsblISaE.','sU4-V-3-XE6CPLwHEnXbf-0Dw6Ef8Q0e','',0,NULL,'农家家',NULL,'526690','2016-09-24 14:48:09','2016-09-24 14:48:09','董事长',NULL,NULL,NULL,NULL,0),(27421,'15899996667','15899996667','','$2y$13$7rtHcOkrxmXgIFK4jzLmGeesZnkm3he4I3hosI7YG9PQE4VNI65i2','1yVBCnG-NUrIW2H7rEX5guCLufIps4_O','',0,NULL,'农家家',NULL,'596059','2016-09-24 14:58:09','2016-09-24 14:58:09','董事长',NULL,NULL,NULL,NULL,0),(27422,'13622223333','13622223333','','$2y$13$MXzb7DboT0PlcMYMja65..YJuztJqyIJJaPoZ.LIgDTGts2S1XpV.','CFpyZTDkQzSWpbWC-N6xzQGZSJ-lJfi1','',0,NULL,'爱上对方',NULL,'560367','2016-09-24 15:10:09','2016-09-24 15:10:09','阿斯顿噶的说法',NULL,NULL,NULL,NULL,0),(27423,'13566662220','13566662220','','$2y$13$eqwWBq9D4dPXXBNQDif91OEOmx2vED9RCgnSfN3rAiTbKxFFX0y4S','krVN0BDtDclEmFPiPZYLlz7sqWUxdNCs','',1,NULL,'高镇平',NULL,'210690','2016-09-24 15:12:09','2016-09-24 15:12:09','好的',NULL,NULL,NULL,NULL,0),(27424,'15866663333','15866663333','','$2y$13$PMfoQxUECM54MFGHfXygpupsSEqFkL3hMuzuBUjkpHbXsq.j45gKe','c8xTl3unNWhrvzT4eP22ldNKypaw3pTZ','',1,NULL,'测试',NULL,'346733','2016-09-24 15:39:09','2016-09-24 15:39:09','测试职位',NULL,NULL,NULL,NULL,0),(27425,'18500000001','18500000001','','$2y$13$Q0m4.0iwQAobl5Y6NbwWSeUC9D4frKlH5xAoWIjuyE8PVMwEyfa0G','DbAZYqJZFJ23QQRha9ur627NqsRTEkMs','',1,NULL,'dsd',NULL,'906893','2016-09-24 15:44:09','2016-09-24 15:44:09','dasdsa',NULL,NULL,NULL,NULL,0),(27426,'15807150012','15807150012','','$2y$13$LkQbn/cxP600aRXnbH1XquOhsQvDSPuQA5KuMXYhXtOXumohqTTB.','wg6QVCBVKLysncRCuAqTVTUK9JC0ZJAs','',1,NULL,'姓名1',NULL,'680362','2016-09-24 16:12:09','2016-09-24 16:12:09','职务',NULL,NULL,NULL,NULL,0),(27427,'15807150013','15807150013','','$2y$13$1OGBPS/vHKG.xjtCQ0bCnODKH5wZ0bCy9bzTEbP66EvblKxpbGSEG','puFCie28t4fZNM3kq2mVtAMJTU8MjiFT','',1,NULL,'姓名1',NULL,'473694','2016-09-24 16:14:09','2016-09-24 16:14:09','职务',NULL,NULL,NULL,NULL,0),(27428,'15699996666','15699996666','','$2y$13$zQ29bU3CAbgnDr3FyJ0oGO9vqOBY7anMDz9pM7.yBNSYYjUqcbG1G','ts-2QC6ndUJ6UQe2IZquDi-TZ0XQIdq4','',1,NULL,'高数',NULL,'807488','2016-09-24 16:17:09','2016-09-24 16:17:09','董事长',NULL,NULL,NULL,NULL,0),(27429,'13812341234','13812341234','','$2y$13$sO4i8NOJSg/19UF6T.x.kOCZOrPPzN3YrlkMkNKbCD9k8q2X3OWrK','tDIw0ML5MQGZwllq8rrwLazL6rGr2vkN','',1,NULL,'123123',NULL,'172013','2016-09-24 18:13:09','2016-09-24 18:13:09','123123',NULL,NULL,NULL,NULL,0),(27430,'13707174430','13707174430','','$2y$13$aY5ioNOHw2gw2gQoj1.ba.a9EVhGErjKLg3twCYp7Kz1YYDtQoKIW','GuC47iqDJIE3wrpwJWwdTuyFmYftJG0E','',1,NULL,'asdf',NULL,'rlhfzx','2016-09-24 22:09:09','2016-09-24 22:09:09',NULL,NULL,NULL,NULL,NULL,0),(27431,'18966665555','18966665555','','$2y$13$Fb311DHvQyNV3FchOcQrT.Wtec5uKmU46PzlOQN9rU2QIDsIlEa9G','DMIsC0gIRWap1-D4RjlbcZ-1CR0zAgTv','',1,NULL,'答复',NULL,'pldbta','2016-09-24 22:12:09','2016-09-24 22:12:09',NULL,NULL,NULL,NULL,'36b542f8-8261-11e6-a0f4-1051721cd16d',0),(27432,'18966663335','18966663335','','$2y$13$tQ.CgpyKPT6iTBv7rYcExORT7fasOo64qcLbODVSnUuAOkGt.9M/G','YFcqmbnkaePLg2C6Vge1XZSUOepIJSXt','',1,NULL,'啊发生',NULL,'nqdruq','2016-09-24 22:14:09','2016-09-24 22:14:09',NULL,NULL,NULL,NULL,NULL,0),(27433,'15966663333','15966663333','','$2y$13$H4U6MPOPOlsIlrhdJOLn1.n0mPxzsCKyqCXZ/oO/DvbUGRvoM3eTm','-dKhHtXJN7oZx8JkWEh3CtxtX6lK7Zwi','',1,NULL,'类型的',NULL,'zurous','2016-09-24 22:16:09','2016-09-24 22:16:09',NULL,NULL,NULL,NULL,'b6dc3a3f-8261-11e6-a0f4-1051721cd16d',0),(27434,'15899963254','15899963254','','$2y$13$QPpNHfCbQq1JKDKC3Y46rOuhtp4x2Rb.fFjPeSTDLjD0lL1C2kU.i','EDiJLbyQml19_hunH-4nZLmd7XlUp7z7','',1,NULL,'爱上对方',NULL,'iddctw','2016-09-24 22:25:09','2016-09-24 22:25:09',NULL,NULL,NULL,NULL,'0abd0375-8263-11e6-a0f4-1051721cd16d',0),(27435,'15966660002','15966660002','','$2y$13$M5mqXvmz5vP/vMoUeYWDHulTjFQYqO1RUOpxFyxwXn.BNbTPhr8/C','d1rIJqYB4-apjebm9m2sLOr-RZyPeese','',1,NULL,'爱上对方',NULL,'ufmeyy','2016-09-24 22:36:09','2016-09-24 22:36:09',NULL,NULL,NULL,NULL,'8ae5f6ac-8264-11e6-a0f4-1051721cd16d',0),(27436,'15866665489','15866665489','','$2y$13$ebF2QQsUFtH.VeZ.e1eXEeKTDZSRCKfHOhkJqXmEgrB7TC4nGH.f.','EB9IHnawB6l7sTeP4NB2yZvwZ_7fXCsU','',1,NULL,'爱上对方',NULL,'muoxfr','2016-09-24 22:38:09','2016-09-24 22:38:09',NULL,NULL,NULL,NULL,'bd70e79a-8264-11e6-a0f4-1051721cd16d',0),(27437,'15869666333','15869666333','','$2y$13$2lpbxNfM2.Gc5qCiQS2Y0.37x0kVr9YfkRxhtnTHYvD..7e9V5Vsy','iBL0zfldTJsOMZ97a0skz44rvbSJ70n2','',1,NULL,'爱上对方',NULL,'ovwktm','2016-09-24 22:39:09','2016-09-24 22:39:09',NULL,NULL,NULL,NULL,'e1acc602-8264-11e6-a0f4-1051721cd16d',0),(27438,'18566663332','18566663332','','$2y$13$Ra70HdIkbGEI5FeRLis3Y.qmPmWk/4RriKUMrbGkArBZgeF/2lhGK','LnqxsfHVwu-E8FTCINNtp7FsT2eqYe-D','',1,NULL,'爱上对方',NULL,'bmhink','2016-09-24 22:40:09','2016-09-24 22:40:09',NULL,NULL,NULL,NULL,'0ac9b9be-8265-11e6-a0f4-1051721cd16d',0),(27439,'15860002252','15860002252','','$2y$13$jjxIA6tIhPCC/Z.pC5dvhOO.gRE04n5WZVgvKJH5x2.l1Ig6TsjaO','Iy1Fgth_y_xpMtHXWsGonG894VqHZ93x','',1,NULL,'爱上对方',NULL,'toajpf','2016-09-24 22:40:09','2016-09-24 22:40:09',NULL,NULL,NULL,NULL,'242858f8-8265-11e6-a0f4-1051721cd16d',0),(27440,'15833336666','15833336666','','$2y$13$/4Kq7TS4Pw6MX.5lBAzkt.opPVVdJYpaNiYwD/E9kWAMRqEcRpo8i','uLuu0AeCPzQgZLfVhCF4OnFViVSc8LQj','',1,NULL,'搞',NULL,'jwadye','2016-09-24 22:41:09','2016-09-24 22:41:09',NULL,NULL,NULL,NULL,'429741e4-8265-11e6-a0f4-1051721cd16d',0),(27441,'15833336667','15833336667','','$2y$13$l3.W6okrnJKMLrwmp0sl5.ZqSMO4sldcFp7vkp3xsBTDuBCxZ97S6','9VgF4HJto_hzuJY7E2TRcb8E_Pf7bA8X','',1,NULL,'搞',NULL,'pqcywd','2016-09-24 22:43:09','2016-09-24 22:43:09',NULL,NULL,NULL,NULL,'87df3b0e-8265-11e6-a0f4-1051721cd16d',0);

/*Table structure for table `zq_member_data` */

DROP TABLE IF EXISTS `zq_member_data`;

CREATE TABLE `zq_member_data` (
  `member_id` int(11) NOT NULL AUTO_INCREMENT,
  `post_count` int(11) NOT NULL,
  `feed_count` int(11) NOT NULL,
  `following_count` int(11) NOT NULL,
  `follower_count` int(11) NOT NULL,
  `unread_notice_count` int(11) NOT NULL,
  `unread_message_count` int(11) NOT NULL,
  PRIMARY KEY (`member_id`)
) ENGINE=InnoDB DEFAULT CHARSET=utf8 ROW_FORMAT=COMPACT;

/*Data for the table `zq_member_data` */

/*Table structure for table `zq_member_ext` */

DROP TABLE IF EXISTS `zq_member_ext`;

CREATE TABLE `zq_member_ext` (
  `member_id` int(10) unsigned NOT NULL,
  `detail_json` text COLLATE utf8_unicode_ci COMMENT '包含所有非公共属性',
  PRIMARY KEY (`member_id`),
  CONSTRAINT `zq_member_ext_ibfk_1` FOREIGN KEY (`member_id`) REFERENCES `zq_member` (`id`) ON DELETE CASCADE ON UPDATE CASCADE
) ENGINE=InnoDB DEFAULT CHARSET=utf8 COLLATE=utf8_unicode_ci ROW_FORMAT=COMPACT;

/*Data for the table `zq_member_ext` */

/*Table structure for table `zq_member_follow` */

DROP TABLE IF EXISTS `zq_member_follow`;

CREATE TABLE `zq_member_follow` (
  `id` int(11) NOT NULL AUTO_INCREMENT,
  `member_id` int(11) NOT NULL,
  `people_id` int(11) NOT NULL,
  PRIMARY KEY (`id`),
  KEY `member_id` (`member_id`) USING BTREE,
  KEY `people_id` (`people_id`) USING BTREE
) ENGINE=InnoDB DEFAULT CHARSET=utf8 ROW_FORMAT=COMPACT;

/*Data for the table `zq_member_follow` */

/*Table structure for table `zq_member_gz` */

DROP TABLE IF EXISTS `zq_member_gz`;

CREATE TABLE `zq_member_gz` (
  `id` int(11) NOT NULL AUTO_INCREMENT,
  `member_id` int(11) NOT NULL,
  `created_at` datetime NOT NULL,
  PRIMARY KEY (`id`),
  KEY `member_id` (`member_id`) USING BTREE
) ENGINE=InnoDB AUTO_INCREMENT=21 DEFAULT CHARSET=utf8 COLLATE=utf8_unicode_ci ROW_FORMAT=COMPACT;

/*Data for the table `zq_member_gz` */

insert  into `zq_member_gz`(`id`,`member_id`,`created_at`) values (1,27393,'2016-09-22 20:08:30'),(2,27394,'2016-09-23 10:38:41'),(3,27395,'2016-09-23 18:08:51'),(4,27396,'2016-09-23 18:27:00'),(5,27401,'2016-09-23 19:23:27'),(6,27415,'2016-09-24 13:58:32'),(7,27416,'2016-09-24 13:58:33'),(8,27417,'2016-09-24 13:58:34'),(9,27430,'2016-09-24 22:09:17'),(10,27431,'2016-09-24 22:12:47'),(11,27432,'2016-09-24 22:14:10'),(12,27433,'2016-09-24 22:16:22'),(13,27434,'2016-09-24 22:25:52'),(14,27435,'2016-09-24 22:36:38'),(15,27436,'2016-09-24 22:38:02'),(16,27437,'2016-09-24 22:39:03'),(17,27438,'2016-09-24 22:40:12'),(18,27439,'2016-09-24 22:40:54'),(19,27440,'2016-09-24 22:41:45'),(20,27441,'2016-09-24 22:43:41');

/*Table structure for table `zq_member_message` */

DROP TABLE IF EXISTS `zq_member_message`;

CREATE TABLE `zq_member_message` (
  `id` int(11) NOT NULL AUTO_INCREMENT COMMENT 'ID',
  `sendfrom` int(11) NOT NULL COMMENT '发送者',
  `sendto` int(11) NOT NULL COMMENT '收件者',
  `subject` varchar(255) CHARACTER SET utf8 COLLATE utf8_unicode_ci NOT NULL DEFAULT '' COMMENT '主题',
  `content` text CHARACTER SET utf8 COLLATE utf8_unicode_ci NOT NULL COMMENT '发送内容',
  `created_at` datetime NOT NULL COMMENT '发送时间',
  `read_indicator` tinyint(1) NOT NULL DEFAULT '0' COMMENT '读取标志（1为读取）',
  `inbox` tinyint(1) NOT NULL DEFAULT '1',
  PRIMARY KEY (`id`)
) ENGINE=InnoDB DEFAULT CHARSET=utf8 ROW_FORMAT=COMPACT;

/*Data for the table `zq_member_message` */

/*Table structure for table `zq_messages` */

DROP TABLE IF EXISTS `zq_messages`;

CREATE TABLE `zq_messages` (
  `id` int(11) NOT NULL AUTO_INCREMENT,
  `from_member_id` int(11) NOT NULL DEFAULT '0' COMMENT '消息发送人',
  `to_member_id` int(11) NOT NULL DEFAULT '0' COMMENT '消息接收人',
  `msg` text COLLATE utf8_unicode_ci NOT NULL COMMENT '消息内容',
  `exhibition_id` int(11) NOT NULL DEFAULT '0' COMMENT '展会id',
  `msg_type` int(3) NOT NULL DEFAULT '0' COMMENT '消息类型',
  `is_read` tinyint(1) NOT NULL DEFAULT '0' COMMENT '是否阅读',
  `created_at` datetime NOT NULL,
  `update_at` datetime NOT NULL,
  PRIMARY KEY (`id`),
  KEY `to_member_id` (`to_member_id`) USING BTREE,
  KEY `exhibition_id` (`exhibition_id`) USING BTREE
) ENGINE=InnoDB DEFAULT CHARSET=utf8 COLLATE=utf8_unicode_ci ROW_FORMAT=COMPACT;

/*Data for the table `zq_messages` */

/*Table structure for table `zq_msg_logs` */

DROP TABLE IF EXISTS `zq_msg_logs`;

CREATE TABLE `zq_msg_logs` (
  `id` bigint(11) NOT NULL AUTO_INCREMENT,
  `title` varchar(255) COLLATE utf8_unicode_ci NOT NULL COMMENT '标题',
  `memberId` bigint(11) NOT NULL,
  `msg` text CHARACTER SET utf8 NOT NULL,
  `stem_from` tinyint(2) NOT NULL,
  `url` varchar(255) CHARACTER SET utf8 DEFAULT NULL COMMENT '跳转url',
  `create_time` datetime NOT NULL,
  `is_read` tinyint(1) NOT NULL DEFAULT '0' COMMENT '是否已读',
  PRIMARY KEY (`id`),
  KEY `memberId` (`memberId`) USING BTREE,
  KEY `is_read` (`is_read`) USING BTREE
) ENGINE=InnoDB AUTO_INCREMENT=34 DEFAULT CHARSET=utf8 COLLATE=utf8_unicode_ci ROW_FORMAT=COMPACT;

/*Data for the table `zq_msg_logs` */

insert  into `zq_msg_logs`(`id`,`title`,`memberId`,`msg`,`stem_from`,`url`,`create_time`,`is_read`) values (1,'您已成功购买电子票',27393,'系统消息：您购买的电子票已发票成功！查看详情',1,'http://frontend.zhanqu.com/ticket/get-ticket?seqnum=mf75bbe3be&exhibitionId=1','2016-09-22 20:08:30',0),(2,'您已成功购买电子票',27394,'系统消息：您购买的电子票已发票成功！查看详情',1,'http://frontendgzp.zhanqu.im/ticket/get-ticket?seqnum=mf3205396a&exhibitionId=1','2016-09-23 10:41:48',0),(3,'您已成功购买电子票',27393,'系统消息：您购买的电子票已发票成功！查看详情',1,'http://frontend.zhanqu.com/ticket/get-ticket?seqnum=mf9f97e1f3&exhibitionId=1','2016-09-23 17:40:39',0),(4,'您已成功购买电子票',27393,'系统消息：您购买的电子票已发票成功！查看详情',1,'http://frontend.zhanqu.com/ticket/get-ticket?seqnum=mfc52b4c09&exhibitionId=1','2016-09-23 18:07:04',0),(5,'您已成功购买电子票',27393,'系统消息：您购买的电子票已发票成功！查看详情',1,'http://frontend.zhanqu.com/ticket/get-ticket?seqnum=mf42c84b89&exhibitionId=1','2016-09-23 18:08:03',0),(6,'您已成功购买电子票',27393,'系统消息：您购买的电子票已发票成功！查看详情',1,'http://frontend.zhanqu.com/ticket/get-ticket?seqnum=mff4e15761&exhibitionId=1','2016-09-23 18:11:08',0),(7,'您已成功购买电子票',27395,'系统消息：您购买的电子票已发票成功！查看详情',1,'http://liao.zhanqu.im:7778/ticket/get-ticket?seqnum=mf7cfbe5df&exhibitionId=1','2016-09-23 18:23:16',0),(8,'您已成功购买电子票',27396,'系统消息：您购买的电子票已发票成功！查看详情',1,'http://liao.zhanqu.im:7778/ticket/get-ticket?seqnum=mf2aed254d&exhibitionId=1','2016-09-23 18:27:00',0),(9,'您已成功购买电子票',27393,'系统消息：您购买的电子票已发票成功！查看详情',1,'http://frontend.zhanqu.com/ticket/get-ticket?seqnum=mf8f3ae8e1&exhibitionId=1','2016-09-23 18:35:48',0),(10,'您已成功购买电子票',27393,'系统消息：您购买的电子票已发票成功！查看详情',1,'http://frontend.zhanqu.com/ticket/get-ticket?seqnum=mf5b54311c&exhibitionId=1','2016-09-23 18:45:23',0),(11,'您已成功购买电子票',27393,'系统消息：您购买的电子票已发票成功！查看详情',1,'http://frontend.zhanqu.com/ticket/get-ticket?seqnum=mf8d43a510&exhibitionId=1','2016-09-23 18:49:12',0),(12,'您已成功购买电子票',27393,'系统消息：您购买的电子票已发票成功！查看详情',1,'http://frontend.zhanqu.com/ticket/get-ticket?seqnum=mf3bb576aa&exhibitionId=1','2016-09-23 18:54:45',0),(13,'您已成功购买电子票',27393,'系统消息：您购买的电子票已发票成功！查看详情',1,'http://frontend.zhanqu.com/ticket/get-ticket?seqnum=mfd672870d&exhibitionId=1','2016-09-23 18:57:45',0),(14,'您已成功购买电子票',27393,'系统消息：您购买的电子票已发票成功！查看详情',1,'http://frontend.zhanqu.com/ticket/get-ticket?seqnum=mffe7d6b9c&exhibitionId=1','2016-09-23 19:03:28',0),(15,'您已成功购买电子票',27393,'系统消息：您购买的电子票已发票成功！查看详情',1,'http://frontend.zhanqu.com/ticket/get-ticket?seqnum=mf20dcd9de&exhibitionId=1','2016-09-23 19:05:57',0),(16,'您已成功购买电子票',27401,'系统消息：您购买的电子票已发票成功！查看详情',1,'http://liao.zhanqu.im:7778/ticket/get-ticket?seqnum=mffe0926ed&exhibitionId=1','2016-09-23 19:23:29',0),(17,'您已成功购买电子票',27393,'系统消息：您购买的电子票已发票成功！查看详情',1,'http://frontend.zhanqu.com/ticket/get-ticket?seqnum=mf37d0cf48&exhibitionId=1','2016-09-24 10:04:58',0),(18,'您已成功购买电子票',27415,'系统消息：您购买的电子票已发票成功！查看详情',1,'http://liao.zhanqu.im:7778/ticket/get-ticket?seqnum=mf3644f915&exhibitionId=1','2016-09-24 13:58:32',0),(19,'您已成功购买电子票',27416,'系统消息：您购买的电子票已发票成功！查看详情',1,'http://liao.zhanqu.im:7778/ticket/get-ticket?seqnum=mf8ce47809&exhibitionId=1','2016-09-24 13:58:33',0),(20,'您已成功购买电子票',27417,'系统消息：您购买的电子票已发票成功！查看详情',1,'http://liao.zhanqu.im:7778/ticket/get-ticket?seqnum=mf4d784cda&exhibitionId=1','2016-09-24 13:58:34',0),(21,'您已成功购买电子票',27430,'系统消息：您购买的电子票已发票成功！查看详情',1,'http://frontendgzp.zhanqu.im/ticket/get-ticket?seqnum=mf401255f2&exhibitionId=1','2016-09-24 22:09:17',0),(22,'您已成功购买电子票',27414,'系统消息：您购买的电子票已发票成功！查看详情',1,'http://frontendgzp.zhanqu.im/ticket/get-ticket?seqnum=mfd93cdba5&exhibitionId=1','2016-09-24 22:10:55',0),(23,'您已成功购买电子票',27432,'系统消息：您购买的电子票已发票成功！查看详情',1,'http://frontendgzp.zhanqu.im/ticket/get-ticket?seqnum=mf74304566&exhibitionId=1','2016-09-24 22:14:10',0),(24,'您已成功购买电子票',27424,'系统消息：您购买的电子票已发票成功！查看详情',1,'http://frontendgzp.zhanqu.im/ticket/get-ticket?seqnum=mf8c622c26&exhibitionId=1','2016-09-24 22:14:45',0),(25,'您已成功购买电子票',27433,'系统消息：您购买的电子票已发票成功！查看详情',1,'http://frontendgzp.zhanqu.im/ticket/get-ticket?seqnum=mfabc7619d&exhibitionId=1','2016-09-24 22:16:22',0),(26,'您已成功购买电子票',27434,'系统消息：您购买的电子票已发票成功！查看详情',1,'http://frontendgzp.zhanqu.im/ticket/get-ticket?seqnum=mf3e91c9c1&exhibitionId=1','2016-09-24 22:25:56',0),(27,'您已成功购买电子票',27435,'系统消息：您购买的电子票已发票成功！查看详情',1,'http://frontendgzp.zhanqu.im/ticket/get-ticket?seqnum=mfd79dcd9f&exhibitionId=1','2016-09-24 22:36:40',0),(28,'您已成功购买电子票',27436,'系统消息：您购买的电子票已发票成功！查看详情',1,'http://frontendgzp.zhanqu.im/ticket/get-ticket?seqnum=mf19ca3aa2&exhibitionId=1','2016-09-24 22:38:02',0),(29,'您已成功购买电子票',27437,'系统消息：您购买的电子票已发票成功！查看详情',1,'http://frontendgzp.zhanqu.im/ticket/get-ticket?seqnum=mf92726913&exhibitionId=1','2016-09-24 22:39:03',0),(30,'您已成功购买电子票',27438,'系统消息：您购买的电子票已发票成功！查看详情',1,'http://frontendgzp.zhanqu.im/ticket/get-ticket?seqnum=mf123c5c8f&exhibitionId=1','2016-09-24 22:40:12',0),(31,'您已成功购买电子票',27439,'系统消息：您购买的电子票已发票成功！查看详情',1,'http://frontendgzp.zhanqu.im/ticket/get-ticket?seqnum=mfc79c79e9&exhibitionId=1','2016-09-24 22:40:54',0),(32,'您已成功购买电子票',27440,'系统消息：您购买的电子票已发票成功！查看详情',1,'http://frontendgzp.zhanqu.im/ticket/get-ticket?seqnum=mfc6628cda&exhibitionId=1','2016-09-24 22:41:45',0),(33,'您已成功购买电子票',27441,'系统消息：您购买的电子票已发票成功！查看详情',1,'http://frontendgzp.zhanqu.im/ticket/get-ticket?seqnum=mf7171f314&exhibitionId=1','2016-09-24 22:43:41',0);

/*Table structure for table `zq_order` */

DROP TABLE IF EXISTS `zq_order`;

CREATE TABLE `zq_order` (
  `id` int(11) unsigned NOT NULL AUTO_INCREMENT,
  `order_id` varchar(36) DEFAULT NULL COMMENT '订单号',
  `trade_no` varchar(256) DEFAULT NULL COMMENT '交易号',
  `payment` tinyint(1) DEFAULT NULL COMMENT '支付方式(0、mf/1、wx2、al)',
  `amount` int(11) DEFAULT NULL COMMENT '支付金额;以分为单位',
  `payment_status` int(11) DEFAULT NULL COMMENT '//支付状态：1已支付',
  `extra` text COMMENT '订单扩展信息、json结构',
  `status` int(11) DEFAULT NULL COMMENT '订单状态：0正常',
  `valid_status` tinyint(1) NOT NULL DEFAULT '0' COMMENT '0:正常1，已删除',
  `created_at` datetime DEFAULT NULL COMMENT '创建时间',
  `updated_at` datetime DEFAULT NULL COMMENT '更新时间',
  PRIMARY KEY (`id`),
  KEY `order_id` (`order_id`) USING BTREE,
  KEY `amount` (`amount`) USING BTREE
) ENGINE=InnoDB AUTO_INCREMENT=41 DEFAULT CHARSET=utf8 ROW_FORMAT=COMPACT;

/*Data for the table `zq_order` */

insert  into `zq_order`(`id`,`order_id`,`trade_no`,`payment`,`amount`,`payment_status`,`extra`,`status`,`valid_status`,`created_at`,`updated_at`) values (2,'1474598318376852N1','mf',3,0,1,'{\"user_name\":\"\\u9ad8\\u653f\\u5e73\",\"user_mobile\":\"13707174435\",\"wechat_id\":null,\"alipay_id\":null,\"exhibition_id\":\"1\",\"ticket_price\":\"0.00\",\"open_id\":\"39da6705-9c6e-6a34-276c-0c90805ecaa9\",\"amount\":\"0.00\",\"share_user_id\":\"0\"}',0,0,'2016-09-23 10:38:09',NULL),(3,'1474598438064592N1','mf',3,0,1,'{\"user_name\":\"\\u9ad8\\u653f\\u5e73\",\"user_mobile\":\"13707174435\",\"wechat_id\":null,\"alipay_id\":null,\"exhibition_id\":\"1\",\"ticket_price\":\"0.00\",\"open_id\":\"39da6705-9c6e-6a34-276c-0c90805ecaa9\",\"amount\":\"0.00\",\"share_user_id\":\"0\"}',0,0,'2016-09-23 10:40:09',NULL),(4,'1474598529102964N1','mf',3,0,1,'{\"user_name\":\"\\u6d4b\\u8bd5\",\"user_mobile\":\"18611698240\",\"wechat_id\":null,\"alipay_id\":null,\"exhibition_id\":\"1\",\"ticket_price\":\"0.00\",\"open_id\":\"39da6716-f9df-31d6-4e3f-664a9017dfe4\",\"amount\":\"0.00\",\"share_user_id\":null}',0,0,'2016-09-23 10:42:09',NULL),(5,'1474598577431569N1','mf',3,0,1,'{\"user_name\":\"\\u6d4b\\u8bd5\",\"user_mobile\":\"18611698240\",\"wechat_id\":null,\"alipay_id\":null,\"exhibition_id\":\"1\",\"ticket_price\":\"0.00\",\"open_id\":\"39da6716-f9df-31d6-4e3f-664a9017dfe4\",\"amount\":\"0.00\",\"share_user_id\":null}',0,0,'2016-09-23 10:42:09',NULL),(6,'1474598507398516N1','mf',3,0,1,'{\"user_name\":\"\\u9ad8\\u653f\\u5e73\",\"user_mobile\":\"13707174435\",\"wechat_id\":null,\"alipay_id\":null,\"exhibition_id\":\"1\",\"ticket_price\":\"0.00\",\"open_id\":\"39da6705-9c6e-6a34-276c-0c90805ecaa9\",\"amount\":\"0.00\",\"share_user_id\":\"0\"}',0,0,'2016-09-23 10:41:09',NULL),(7,'1474623636937168N1','mf',3,0,1,'{\"user_name\":\"\\u67f3\\u6811\",\"user_mobile\":\"18611698240\",\"wechat_id\":null,\"alipay_id\":null,\"exhibition_id\":\"1\",\"ticket_price\":\"0.00\",\"open_id\":\"39da6896-8dec-2bef-3d7d-4b3be163da14\",\"amount\":\"0.00\",\"share_user_id\":\"0\"}',0,0,'2016-09-23 17:40:09',NULL),(8,'1474625223350247N1','mf',3,0,1,'{\"user_name\":\"\\u59d3\\u540d\",\"user_mobile\":\"18611698240\",\"wechat_id\":null,\"alipay_id\":null,\"exhibition_id\":\"1\",\"ticket_price\":\"0.00\",\"open_id\":\"39da68ac-5dd9-26da-55f2-789bfb325c41\",\"amount\":\"0.00\",\"share_user_id\":\"0\"}',0,0,'2016-09-23 18:07:09',NULL),(9,'1474625282638714N1','mf',3,0,1,'{\"user_name\":\"\\u59d3\\u540d\",\"user_mobile\":\"18611698240\",\"wechat_id\":null,\"alipay_id\":null,\"exhibition_id\":\"1\",\"ticket_price\":\"0.00\",\"open_id\":\"39da68ac-5dd9-26da-55f2-789bfb325c41\",\"amount\":\"0.00\",\"share_user_id\":\"0\"}',0,0,'2016-09-23 18:08:09',NULL),(10,'1474624849843520N1','mf',3,0,1,'{\"user_name\":\"test1\",\"user_mobile\":\"15172329209\",\"wechat_id\":\"0\",\"alipay_id\":\"0\",\"exhibition_id\":\"1\",\"ticket_price\":\"0.00\",\"open_id\":\"39da68aa-5e52-ac42-98c7-8c42a05651af\",\"amount\":\"0.00\",\"share_user_id\":\"666666\"}',0,0,'2016-09-23 18:08:09',NULL),(11,'1474625468468701N1','mf',3,0,1,'{\"user_name\":\"\\u59d3\\u540d\",\"user_mobile\":\"18611698240\",\"wechat_id\":null,\"alipay_id\":null,\"exhibition_id\":\"1\",\"ticket_price\":\"0.00\",\"open_id\":\"0\",\"amount\":\"0.00\",\"share_user_id\":\"0\"}',0,0,'2016-09-23 18:11:09',NULL),(12,'1474626103243785N1','mf',3,0,1,'{\"user_name\":\"test1\",\"user_mobile\":\"15172329209\",\"wechat_id\":null,\"alipay_id\":null,\"exhibition_id\":\"1\",\"ticket_price\":\"0.00\",\"open_id\":\"39da68bd-8195-11aa-878b-aa8112c8467b\",\"amount\":\"0.00\",\"share_user_id\":\"666666\"}',0,0,'2016-09-23 18:21:09',NULL),(13,'1474626196426790N1','mf',3,0,1,'{\"user_name\":\"test1\",\"user_mobile\":\"15172329209\",\"wechat_id\":null,\"alipay_id\":null,\"exhibition_id\":\"1\",\"ticket_price\":\"0.00\",\"open_id\":\"39da68be-ea36-fcd8-40b1-288b62f4f8b0\",\"amount\":\"0.00\",\"share_user_id\":\"8\"}',0,0,'2016-09-23 18:23:09',NULL),(14,'1474626417164935N1','mf',3,0,1,'{\"user_name\":\"test1\",\"user_mobile\":\"15100000000\",\"wechat_id\":null,\"alipay_id\":null,\"exhibition_id\":\"1\",\"ticket_price\":\"0.00\",\"open_id\":\"39da68c2-4b48-a193-3ea5-959f57dbe3dd\",\"amount\":\"0.00\",\"share_user_id\":\"85\"}',0,0,'2016-09-23 18:26:09',NULL),(15,'1474626947370915N1','mf',3,0,1,'{\"user_name\":\"\\u59d3\\u540d\",\"user_mobile\":\"18611698240\",\"wechat_id\":null,\"alipay_id\":null,\"exhibition_id\":\"1\",\"ticket_price\":\"0.00\",\"open_id\":\"0\",\"amount\":\"0.00\",\"share_user_id\":\"0\"}',0,0,'2016-09-23 18:35:09',NULL),(16,'1474627523649120N1','mf',3,0,1,'{\"user_name\":\"\\u59d3\\u540d\",\"user_mobile\":\"18611698240\",\"wechat_id\":null,\"alipay_id\":null,\"exhibition_id\":\"1\",\"ticket_price\":\"0.00\",\"open_id\":\"0\",\"amount\":\"0.00\",\"share_user_id\":\"0\"}',0,0,'2016-09-23 18:45:09',NULL),(17,'1474627752024819N1','mf',3,0,1,'{\"user_name\":\"\\u59d3\\u540d\",\"user_mobile\":\"18611698240\",\"wechat_id\":null,\"alipay_id\":null,\"exhibition_id\":\"1\",\"ticket_price\":\"0.00\",\"open_id\":\"0\",\"amount\":\"0.00\",\"share_user_id\":\"0\"}',0,0,'2016-09-23 18:49:09',NULL),(18,'1474628085746029N1','mf',3,0,1,'{\"user_name\":\"\\u59d3\\u540d\",\"user_mobile\":\"18611698240\",\"wechat_id\":null,\"alipay_id\":null,\"exhibition_id\":\"1\",\"ticket_price\":\"0.00\",\"open_id\":\"0\",\"amount\":\"0.00\",\"share_user_id\":\"0\"}',0,0,'2016-09-23 18:54:09',NULL),(19,'1474628263529861N1','mf',3,0,1,'{\"user_name\":\"\\u59d3\\u540d\",\"user_mobile\":\"18611698240\",\"wechat_id\":null,\"alipay_id\":null,\"exhibition_id\":\"1\",\"ticket_price\":\"0.00\",\"open_id\":\"0\",\"amount\":\"0.00\",\"share_user_id\":\"0\"}',0,0,'2016-09-23 18:57:09',NULL),(20,'1474628606452739N1','mf',3,0,1,'{\"user_name\":\"\\u661f\\u661f\",\"user_mobile\":\"18611698240\",\"wechat_id\":null,\"alipay_id\":null,\"exhibition_id\":\"1\",\"ticket_price\":\"0.00\",\"open_id\":\"39da68e2-2daa-6a37-09b7-fbb4f22c8c3d\",\"amount\":\"0.00\",\"share_user_id\":\"0\"}',0,0,'2016-09-23 19:03:09',NULL),(21,'1474628756631059N1','mf',3,0,1,'{\"user_name\":\"\\u661f\\u661f\",\"user_mobile\":\"18611698240\",\"wechat_id\":null,\"alipay_id\":null,\"exhibition_id\":\"1\",\"ticket_price\":\"0.00\",\"open_id\":\"39da68e4-193a-828a-1aab-0f47a0f654c0\",\"amount\":\"0.00\",\"share_user_id\":\"0\"}',0,0,'2016-09-23 19:05:09',NULL),(22,'1474629805108635N1','mf',3,0,1,'{\"user_name\":\"test1\",\"user_mobile\":\"151723292091\",\"wechat_id\":null,\"alipay_id\":null,\"exhibition_id\":\"1\",\"ticket_price\":\"0.00\",\"open_id\":\"39da68f5-ff6d-51e7-5b2c-f24403acc05e\",\"amount\":\"0.00\",\"share_user_id\":\"82\"}',0,0,'2016-09-23 19:23:09',NULL),(23,'1474682692937604N1','mf',3,0,1,'{\"user_name\":\"\\u59d3\\u540d\",\"user_mobile\":\"18611698240\",\"wechat_id\":null,\"alipay_id\":null,\"exhibition_id\":\"1\",\"ticket_price\":\"0.00\",\"open_id\":\"39da6c1a-5d19-24a7-f1ff-f8e8f89b9df4\",\"amount\":\"0.00\",\"share_user_id\":\"0\"}',0,0,'2016-09-24 10:04:09',NULL),(24,'1474696701304719N1','mf',3,0,1,'{\"user_name\":\"test1\",\"user_mobile\":\"15111111111\",\"wechat_id\":null,\"alipay_id\":null,\"exhibition_id\":\"1\",\"ticket_price\":\"0.00\",\"open_id\":\"39da6cf2-be33-76cf-90e5-a182a98c9c04\",\"amount\":\"0.00\",\"share_user_id\":\"8\"}',0,0,'2016-09-24 13:58:09',NULL),(25,'1474696711618532N1','mf',3,0,1,'{\"user_name\":\"test2\",\"user_mobile\":\"15122222222\",\"wechat_id\":null,\"alipay_id\":null,\"exhibition_id\":\"1\",\"ticket_price\":\"0.00\",\"open_id\":\"39da6cf2-be33-f3b3-b2c8-0f3850b64637\",\"amount\":\"0.00\",\"share_user_id\":\"8\"}',0,0,'2016-09-24 13:58:09',NULL),(26,'1474696713386572N1','mf',3,0,1,'{\"user_name\":\"test3\",\"user_mobile\":\"15133333333\",\"wechat_id\":null,\"alipay_id\":null,\"exhibition_id\":\"1\",\"ticket_price\":\"0.00\",\"open_id\":\"39da6cf2-be33-6663-3dd4-23a8ee411a76\",\"amount\":\"0.00\",\"share_user_id\":\"8\"}',0,0,'2016-09-24 13:58:09',NULL),(27,'1474726152972581N1','mf',3,0,1,'{\"user_name\":\"asdf\",\"user_mobile\":\"13707174430\",\"wechat_id\":null,\"alipay_id\":null,\"exhibition_id\":\"1\",\"ticket_price\":\"0.00\",\"open_id\":\"39da6e90-15d9-f553-edc8-f786295dbda5\",\"amount\":\"0.00\",\"share_user_id\":\"0\"}',0,0,'2016-09-24 22:09:09',NULL),(28,'1474726255157283N1','mf',3,0,1,'{\"user_name\":\"asdf\",\"user_mobile\":\"13707174431\",\"wechat_id\":null,\"alipay_id\":null,\"exhibition_id\":\"1\",\"ticket_price\":\"0.00\",\"open_id\":\"39da6e90-15d9-f553-edc8-f786295dbda5\",\"amount\":\"0.00\",\"share_user_id\":\"0\"}',0,0,'2016-09-24 22:10:09',NULL),(29,'1474726366012859N1','mf',3,0,1,'{\"user_name\":\"\\u7b54\\u590d\",\"user_mobile\":\"18966665555\",\"wechat_id\":null,\"alipay_id\":null,\"exhibition_id\":\"1\",\"ticket_price\":\"0.00\",\"open_id\":\"39da6e90-15d9-f553-edc8-f786295dbda5\",\"amount\":\"0.00\",\"share_user_id\":\"0\"}',0,0,'2016-09-24 22:12:09',NULL),(30,'1474726448983645N1','mf',3,0,1,'{\"user_name\":\"\\u554a\\u53d1\\u751f\",\"user_mobile\":\"18966663335\",\"wechat_id\":null,\"alipay_id\":null,\"exhibition_id\":\"1\",\"ticket_price\":\"0.00\",\"open_id\":\"39da6e90-15d9-f553-edc8-f786295dbda5\",\"amount\":\"0.00\",\"share_user_id\":\"0\"}',0,0,'2016-09-24 22:14:09',NULL),(31,'1474726484301472N1','mf',3,0,1,'{\"user_name\":\"\\u8001\\u674e\",\"user_mobile\":\"15866663333\",\"wechat_id\":null,\"alipay_id\":null,\"exhibition_id\":\"1\",\"ticket_price\":\"0.00\",\"open_id\":\"39da6e90-15d9-f553-edc8-f786295dbda5\",\"amount\":\"0.00\",\"share_user_id\":\"0\"}',0,0,'2016-09-24 22:14:09',NULL),(32,'1474726581789462N1','mf',3,0,1,'{\"user_name\":\"\\u7c7b\\u578b\\u7684\",\"user_mobile\":\"15966663333\",\"wechat_id\":null,\"alipay_id\":null,\"exhibition_id\":\"1\",\"ticket_price\":\"0.00\",\"open_id\":\"39da6e90-15d9-f553-edc8-f786295dbda5\",\"amount\":\"0.00\",\"share_user_id\":\"0\"}',0,0,'2016-09-24 22:16:09',NULL),(33,'1474727151475612N1','mf',3,0,1,'{\"user_name\":\"\\u7231\\u4e0a\\u5bf9\\u65b9\",\"user_mobile\":\"15899963254\",\"wechat_id\":null,\"alipay_id\":null,\"exhibition_id\":\"1\",\"ticket_price\":\"0.00\",\"open_id\":\"39da6ec3-5e44-7b52-b1c9-be0c1068c4b9\",\"amount\":\"0.00\",\"share_user_id\":\"0\"}',0,0,'2016-09-24 22:25:09',NULL),(34,'1474727788931726N1','mf',3,0,1,'{\"user_name\":\"\\u7231\\u4e0a\\u5bf9\\u65b9\",\"user_mobile\":\"15966660002\",\"wechat_id\":null,\"alipay_id\":null,\"exhibition_id\":\"1\",\"ticket_price\":\"0.00\",\"open_id\":\"39da6ecd-169a-ff48-ff96-5a1cbce06cb3\",\"amount\":\"0.00\",\"share_user_id\":\"0\"}',0,0,'2016-09-24 22:36:09',NULL),(35,'1474727880830714N1','mf',3,0,1,'{\"user_name\":\"\\u7231\\u4e0a\\u5bf9\\u65b9\",\"user_mobile\":\"15866665489\",\"wechat_id\":null,\"alipay_id\":null,\"exhibition_id\":\"1\",\"ticket_price\":\"0.00\",\"open_id\":\"39da6ece-8047-30f5-94ab-51d138b5f14a\",\"amount\":\"0.00\",\"share_user_id\":\"0\"}',0,0,'2016-09-24 22:38:09',NULL),(36,'1474727939156432N1','mf',3,0,1,'{\"user_name\":\"\\u7231\\u4e0a\\u5bf9\\u65b9\",\"user_mobile\":\"15869666333\",\"wechat_id\":null,\"alipay_id\":null,\"exhibition_id\":\"1\",\"ticket_price\":\"0.00\",\"open_id\":\"39da6ecf-670a-8995-3d00-dac8b16effcd\",\"amount\":\"0.00\",\"share_user_id\":\"0\"}',0,0,'2016-09-24 22:39:09',NULL),(37,'1474728010824951N1','mf',3,0,1,'{\"user_name\":\"\\u7231\\u4e0a\\u5bf9\\u65b9\",\"user_mobile\":\"18566663332\",\"wechat_id\":null,\"alipay_id\":null,\"exhibition_id\":\"1\",\"ticket_price\":\"0.00\",\"open_id\":\"39da6ed0-7b38-2f34-b6c7-05762c6c647c\",\"amount\":\"0.00\",\"share_user_id\":\"0\"}',0,0,'2016-09-24 22:40:09',NULL),(38,'1474728053820734N1','mf',3,0,1,'{\"user_name\":\"\\u7231\\u4e0a\\u5bf9\\u65b9\",\"user_mobile\":\"15860002252\",\"wechat_id\":null,\"alipay_id\":null,\"exhibition_id\":\"1\",\"ticket_price\":\"0.00\",\"open_id\":\"39da6ed1-20ea-9567-41e3-d9790fcb75d2\",\"amount\":\"0.00\",\"share_user_id\":\"0\"}',0,0,'2016-09-24 22:40:09',NULL),(39,'1474728104547038N1','mf',3,0,1,'{\"user_name\":\"\\u641e\",\"user_mobile\":\"15833336666\",\"wechat_id\":null,\"alipay_id\":null,\"exhibition_id\":\"1\",\"ticket_price\":\"0.00\",\"open_id\":\"39da6ed1-e87f-ec32-6368-5794931b115f\",\"amount\":\"0.00\",\"share_user_id\":\"0\"}',0,0,'2016-09-24 22:41:09',NULL),(40,'1474728220689753N1','mf',3,0,1,'{\"user_name\":\"\\u641e\",\"user_mobile\":\"15833336667\",\"wechat_id\":null,\"alipay_id\":null,\"exhibition_id\":\"1\",\"ticket_price\":\"0.00\",\"open_id\":\"39da6ed3-aef7-6dac-7818-43a76830e84c\",\"amount\":\"0.00\",\"share_user_id\":\"0\"}',0,0,'2016-09-24 22:43:09',NULL);

/*Table structure for table `zq_order_pay` */

DROP TABLE IF EXISTS `zq_order_pay`;

CREATE TABLE `zq_order_pay` (
  `id` int(11) unsigned NOT NULL AUTO_INCREMENT,
  `exhibition_id` int(11) unsigned NOT NULL COMMENT '展会ID',
  `ticket_id` int(11) unsigned NOT NULL COMMENT '票ID',
  `amount` int(11) DEFAULT NULL COMMENT '支付金额;以分为单位',
  `payment` tinyint(1) DEFAULT NULL COMMENT '支付方式(0、mf/1、wx2、al)',
  `payment_status` int(11) DEFAULT NULL COMMENT '//支付状态：1已支付',
  `extra` text COMMENT '订单扩展信息、json结构',
  `status` int(11) DEFAULT NULL COMMENT '订单状态：0正常',
  `trade_no` varchar(256) DEFAULT NULL COMMENT '交易号',
  `order_id` varchar(36) DEFAULT NULL COMMENT '订单号',
  `created_at` datetime DEFAULT NULL COMMENT '创建时间',
  `updated_at` datetime DEFAULT NULL COMMENT '更新时间',
  `member_id` int(11) DEFAULT NULL COMMENT '关联用户ID',
  `user_name` char(32) DEFAULT NULL COMMENT '买票人',
  `user_mobile` char(24) DEFAULT NULL COMMENT '手机号',
  `valid_status` tinyint(1) NOT NULL DEFAULT '0' COMMENT '0:正常1，删除',
  `openid` varchar(256) DEFAULT NULL COMMENT 'OpenId',
  PRIMARY KEY (`id`),
  KEY `exhibition_id` (`exhibition_id`) USING BTREE,
  KEY `ticket_id` (`ticket_id`) USING BTREE,
  KEY `openid` (`openid`(255)) USING BTREE,
  KEY `user_mobile` (`user_mobile`) USING BTREE,
  KEY `order_id` (`order_id`) USING BTREE,
  KEY `amount` (`amount`) USING BTREE
) ENGINE=InnoDB AUTO_INCREMENT=34 DEFAULT CHARSET=utf8 ROW_FORMAT=COMPACT;

/*Data for the table `zq_order_pay` */

insert  into `zq_order_pay`(`id`,`exhibition_id`,`ticket_id`,`amount`,`payment`,`payment_status`,`extra`,`status`,`trade_no`,`order_id`,`created_at`,`updated_at`,`member_id`,`user_name`,`user_mobile`,`valid_status`,`openid`) values (2,1,2,0,3,1,'{\"trade_no\":\"mf\",\"order_id\":\"1474598507398516N1\",\"payment\":3,\"data\":0,\"user_name\":\"\\u9ad8\\u653f\\u5e73\",\"user_mobile\":\"13707174435\",\"wechat_id\":null,\"alipay_id\":null,\"exhibition_id\":\"1\",\"ticket_price\":\"0.00\",\"open_id\":\"39da6705-9c6e-6a34-276c-0c90805ecaa9\",\"amount\":\"0.00\",\"share_user_id\":\"0\",\"exhibition_title\":\"\\u897f\\u90e8\\u535a\\u89c8\\u4f1a\",\"member_id\":\"27394\",\"ygbrand\":\"G-\\u56fd\\u9645\\u65f6\\u5c1a\\u751f\\u6d3b\\u9986\",\"ygtype\":\"\\u56fd\\u9645\\u65f6\\u5c1a\\u751f\\u6d3b\\u9986\",\"pcid\":\"420104198101022010\",\"id\":\"2\",\"seqnum\":\"mf3205396a\",\"_payment\":\"FREE\",\"_amount\":0,\"url\":\"http:\\/\\/frontendgzp.zhanqu.im\\/ticket\\/get-ticket?seqnum=mf3205396a&exhibitionId=1\",\"message\":\"\\u5c0a\\u656c\\u7684\\u5ba2\\u6237\\uff0c\\u8bf7\\u70b9\\u51fb\\u94fe\\u63a5\\u83b7\\u53d6\\u60a8\\u7684\\u201c\\u897f\\u90e8\\u535a\\u89c8\\u4f1a\\u201d\\u7535\\u5b50\\u7968\\uff1ahttp:\\/\\/dwz.sungoal.org\\/8oyEOv \\uff0c\\u8bf7\\u63d0\\u524d\\u9886\\u53d6\\u4fdd\\u5b58\\u4e3a\\u56fe\\u7247\\uff0c\\u81f3\\u5c55\\u9986\\u5165\\u53e3\\u5904\\u626b\\u7801\\u8fdb\\u573a\\uff0c\\u8bf7\\u59a5\\u5584\\u4fdd\\u5b58\\u3002\\u3010\\u5c1a\\u683c\\u4f1a\\u5c55\\u3011\"}',0,'mf','1474598507398516N1','2016-09-23 10:41:09',NULL,27394,'高政平','13707174435',0,'39da6705-9c6e-6a34-276c-0c90805ecaa9'),(3,1,3,0,3,1,'{\"trade_no\":\"mf\",\"order_id\":\"1474623636937168N1\",\"payment\":3,\"data\":0,\"user_name\":\"\\u67f3\\u6811\",\"user_mobile\":\"18611698240\",\"wechat_id\":null,\"alipay_id\":null,\"exhibition_id\":\"1\",\"ticket_price\":\"0.00\",\"open_id\":\"39da6896-8dec-2bef-3d7d-4b3be163da14\",\"amount\":\"0.00\",\"share_user_id\":\"0\",\"exhibition_title\":\"\\u897f\\u90e8\\u535a\\u89c8\\u4f1a\",\"member_id\":\"27393\",\"ygbrand\":\"G-\\u56fd\\u9645\\u65f6\\u5c1a\\u751f\\u6d3b\\u9986\",\"ygtype\":\"\\u56fd\\u9645\\u65f6\\u5c1a\\u751f\\u6d3b\\u9986\",\"pcid\":\"420684198209090057\",\"id\":\"3\",\"seqnum\":\"mf9f97e1f3\",\"_payment\":\"FREE\",\"_amount\":0,\"url\":\"http:\\/\\/frontend.zhanqu.com\\/ticket\\/get-ticket?seqnum=mf9f97e1f3&exhibitionId=1\",\"message\":\"\\u5c0a\\u656c\\u7684\\u5ba2\\u6237\\uff0c\\u8bf7\\u70b9\\u51fb\\u94fe\\u63a5\\u83b7\\u53d6\\u60a8\\u7684\\u201c\\u897f\\u90e8\\u535a\\u89c8\\u4f1a\\u201d\\u7535\\u5b50\\u7968\\uff1ahttp:\\/\\/dwz.sungoal.org\\/XygExe \\uff0c\\u8bf7\\u63d0\\u524d\\u9886\\u53d6\\u4fdd\\u5b58\\u4e3a\\u56fe\\u7247\\uff0c\\u81f3\\u5c55\\u9986\\u5165\\u53e3\\u5904\\u626b\\u7801\\u8fdb\\u573a\\uff0c\\u8bf7\\u59a5\\u5584\\u4fdd\\u5b58\\u3002\\u3010\\u5c1a\\u683c\\u4f1a\\u5c55\\u3011\"}',0,'mf','1474623636937168N1','2016-09-23 17:40:09',NULL,27393,'柳树','18611698240',0,'39da6896-8dec-2bef-3d7d-4b3be163da14'),(4,1,4,0,3,1,'{\"trade_no\":\"mf\",\"order_id\":\"1474625223350247N1\",\"payment\":3,\"data\":0,\"user_name\":\"\\u59d3\\u540d\",\"user_mobile\":\"18611698240\",\"wechat_id\":null,\"alipay_id\":null,\"exhibition_id\":\"1\",\"ticket_price\":\"0.00\",\"open_id\":\"39da68ac-5dd9-26da-55f2-789bfb325c41\",\"amount\":\"0.00\",\"share_user_id\":\"0\",\"exhibition_title\":\"\\u897f\\u90e8\\u535a\\u89c8\\u4f1a\",\"member_id\":\"27393\",\"ygbrand\":\"X-\\u865a\\u62df\\u73b0\\u5b9eVR\\u9986\",\"ygtype\":\"\\u865a\\u62df\\u73b0\\u5b9eVR\\u9986\",\"pcid\":\"420684198209090057\",\"id\":\"4\",\"seqnum\":\"mfc52b4c09\",\"_payment\":\"FREE\",\"_amount\":0,\"url\":\"http:\\/\\/frontend.zhanqu.com\\/ticket\\/get-ticket?seqnum=mfc52b4c09&exhibitionId=1\",\"message\":\"\\u5c0a\\u656c\\u7684\\u5ba2\\u6237\\uff0c\\u8bf7\\u70b9\\u51fb\\u94fe\\u63a5\\u83b7\\u53d6\\u60a8\\u7684\\u201c\\u897f\\u90e8\\u535a\\u89c8\\u4f1a\\u201d\\u7535\\u5b50\\u7968\\uff1ahttp:\\/\\/dwz.sungoal.org\\/5nVY6k \\uff0c\\u8bf7\\u63d0\\u524d\\u9886\\u53d6\\u4fdd\\u5b58\\u4e3a\\u56fe\\u7247\\uff0c\\u81f3\\u5c55\\u9986\\u5165\\u53e3\\u5904\\u626b\\u7801\\u8fdb\\u573a\\uff0c\\u8bf7\\u59a5\\u5584\\u4fdd\\u5b58\\u3002\\u3010\\u5c1a\\u683c\\u4f1a\\u5c55\\u3011\"}',0,'mf','1474625223350247N1','2016-09-23 18:07:09',NULL,27393,'姓名','18611698240',0,'39da68ac-5dd9-26da-55f2-789bfb325c41'),(5,1,5,0,3,1,'{\"trade_no\":\"mf\",\"order_id\":\"1474625282638714N1\",\"payment\":3,\"data\":0,\"user_name\":\"\\u59d3\\u540d\",\"user_mobile\":\"18611698240\",\"wechat_id\":null,\"alipay_id\":null,\"exhibition_id\":\"1\",\"ticket_price\":\"0.00\",\"open_id\":\"39da68ac-5dd9-26da-55f2-789bfb325c41\",\"amount\":\"0.00\",\"share_user_id\":\"0\",\"exhibition_title\":\"\\u897f\\u90e8\\u535a\\u89c8\\u4f1a\",\"member_id\":\"27393\",\"ygbrand\":\"X-\\u865a\\u62df\\u73b0\\u5b9eVR\\u9986\",\"ygtype\":\"\\u865a\\u62df\\u73b0\\u5b9eVR\\u9986\",\"pcid\":\"420684198209090057\",\"id\":\"5\",\"seqnum\":\"mf42c84b89\",\"_payment\":\"FREE\",\"_amount\":0,\"url\":\"http:\\/\\/frontend.zhanqu.com\\/ticket\\/get-ticket?seqnum=mf42c84b89&exhibitionId=1\",\"message\":\"\\u5c0a\\u656c\\u7684\\u5ba2\\u6237\\uff0c\\u8bf7\\u70b9\\u51fb\\u94fe\\u63a5\\u83b7\\u53d6\\u60a8\\u7684\\u201c\\u897f\\u90e8\\u535a\\u89c8\\u4f1a\\u201d\\u7535\\u5b50\\u7968\\uff1ahttp:\\/\\/dwz.sungoal.org\\/z3pxUB \\uff0c\\u8bf7\\u63d0\\u524d\\u9886\\u53d6\\u4fdd\\u5b58\\u4e3a\\u56fe\\u7247\\uff0c\\u81f3\\u5c55\\u9986\\u5165\\u53e3\\u5904\\u626b\\u7801\\u8fdb\\u573a\\uff0c\\u8bf7\\u59a5\\u5584\\u4fdd\\u5b58\\u3002\\u3010\\u5c1a\\u683c\\u4f1a\\u5c55\\u3011\"}',0,'mf','1474625282638714N1','2016-09-23 18:08:09',NULL,27393,'姓名','18611698240',0,'39da68ac-5dd9-26da-55f2-789bfb325c41'),(6,1,6,0,3,1,'{\"trade_no\":\"mf\",\"order_id\":\"1474625468468701N1\",\"payment\":3,\"data\":0,\"user_name\":\"\\u59d3\\u540d\",\"user_mobile\":\"18611698240\",\"wechat_id\":null,\"alipay_id\":null,\"exhibition_id\":\"1\",\"ticket_price\":\"0.00\",\"open_id\":\"0\",\"amount\":\"0.00\",\"share_user_id\":\"0\",\"exhibition_title\":\"\\u897f\\u90e8\\u535a\\u89c8\\u4f1a\",\"member_id\":\"27393\",\"ygbrand\":\"X-\\u865a\\u62df\\u73b0\\u5b9eVR\\u9986\",\"ygtype\":\"\\u865a\\u62df\\u73b0\\u5b9eVR\\u9986\",\"pcid\":\"420684198209090057\",\"id\":\"6\",\"seqnum\":\"mff4e15761\",\"_payment\":\"FREE\",\"_amount\":0,\"url\":\"http:\\/\\/frontend.zhanqu.com\\/ticket\\/get-ticket?seqnum=mff4e15761&exhibitionId=1\",\"message\":\"\\u5c0a\\u656c\\u7684\\u5ba2\\u6237\\uff0c\\u8bf7\\u70b9\\u51fb\\u94fe\\u63a5\\u83b7\\u53d6\\u60a8\\u7684\\u201c\\u897f\\u90e8\\u535a\\u89c8\\u4f1a\\u201d\\u7535\\u5b50\\u7968\\uff1ahttp:\\/\\/dwz.sungoal.org\\/uVzyxd \\uff0c\\u8bf7\\u63d0\\u524d\\u9886\\u53d6\\u4fdd\\u5b58\\u4e3a\\u56fe\\u7247\\uff0c\\u81f3\\u5c55\\u9986\\u5165\\u53e3\\u5904\\u626b\\u7801\\u8fdb\\u573a\\uff0c\\u8bf7\\u59a5\\u5584\\u4fdd\\u5b58\\u3002\\u3010\\u5c1a\\u683c\\u4f1a\\u5c55\\u3011\"}',0,'mf','1474625468468701N1','2016-09-23 18:11:09',NULL,27393,'姓名','18611698240',0,'0'),(7,1,7,0,3,1,'{\"trade_no\":\"mf\",\"order_id\":\"1474626196426790N1\",\"payment\":3,\"data\":0,\"user_name\":\"test1\",\"user_mobile\":\"15172329209\",\"wechat_id\":null,\"alipay_id\":null,\"exhibition_id\":\"1\",\"ticket_price\":\"0.00\",\"open_id\":\"39da68be-ea36-fcd8-40b1-288b62f4f8b0\",\"amount\":\"0.00\",\"share_user_id\":\"8\",\"exhibition_title\":\"\\u897f\\u90e8\\u535a\\u89c8\\u4f1a\",\"member_id\":\"27395\",\"ygbrand\":null,\"ygtype\":\"0\",\"pcid\":\"0\",\"id\":\"7\",\"seqnum\":\"mf7cfbe5df\",\"_payment\":\"FREE\",\"_amount\":0,\"url\":\"http:\\/\\/liao.zhanqu.im:7778\\/ticket\\/get-ticket?seqnum=mf7cfbe5df&exhibitionId=1\",\"message\":\"\\u5c0a\\u656c\\u7684\\u5ba2\\u6237\\uff0c\\u8bf7\\u70b9\\u51fb\\u94fe\\u63a5\\u83b7\\u53d6\\u60a8\\u7684\\u201c\\u897f\\u90e8\\u535a\\u89c8\\u4f1a\\u201d\\u7535\\u5b50\\u7968\\uff1ahttp:\\/\\/dwz.sungoal.org\\/SiFq5n \\uff0c\\u8bf7\\u63d0\\u524d\\u9886\\u53d6\\u4fdd\\u5b58\\u4e3a\\u56fe\\u7247\\uff0c\\u81f3\\u5c55\\u9986\\u5165\\u53e3\\u5904\\u626b\\u7801\\u8fdb\\u573a\\uff0c\\u8bf7\\u59a5\\u5584\\u4fdd\\u5b58\\u3002\\u3010\\u5c1a\\u683c\\u4f1a\\u5c55\\u3011\"}',0,'mf','1474626196426790N1','2016-09-23 18:23:09',NULL,27395,'test1','15172329209',0,'39da68be-ea36-fcd8-40b1-288b62f4f8b0'),(8,1,8,0,3,1,'{\"trade_no\":\"mf\",\"order_id\":\"1474626417164935N1\",\"payment\":3,\"data\":0,\"user_name\":\"test1\",\"user_mobile\":\"15100000000\",\"wechat_id\":null,\"alipay_id\":null,\"exhibition_id\":\"1\",\"ticket_price\":\"0.00\",\"open_id\":\"39da68c2-4b48-a193-3ea5-959f57dbe3dd\",\"amount\":\"0.00\",\"share_user_id\":\"85\",\"exhibition_title\":\"\\u897f\\u90e8\\u535a\\u89c8\\u4f1a\",\"member_id\":\"27396\",\"ygbrand\":null,\"ygtype\":\"0\",\"pcid\":\"0\",\"id\":\"8\",\"seqnum\":\"mf2aed254d\",\"_payment\":\"FREE\",\"_amount\":0,\"url\":\"http:\\/\\/liao.zhanqu.im:7778\\/ticket\\/get-ticket?seqnum=mf2aed254d&exhibitionId=1\",\"message\":\"\\u5c0a\\u656c\\u7684\\u5ba2\\u6237\\uff0c\\u8bf7\\u70b9\\u51fb\\u94fe\\u63a5\\u83b7\\u53d6\\u60a8\\u7684\\u201c\\u897f\\u90e8\\u535a\\u89c8\\u4f1a\\u201d\\u7535\\u5b50\\u7968\\uff1ahttp:\\/\\/dwz.sungoal.org\\/eFbDQ5 \\uff0c\\u8bf7\\u63d0\\u524d\\u9886\\u53d6\\u4fdd\\u5b58\\u4e3a\\u56fe\\u7247\\uff0c\\u81f3\\u5c55\\u9986\\u5165\\u53e3\\u5904\\u626b\\u7801\\u8fdb\\u573a\\uff0c\\u8bf7\\u59a5\\u5584\\u4fdd\\u5b58\\u3002\\u3010\\u5c1a\\u683c\\u4f1a\\u5c55\\u3011\"}',0,'mf','1474626417164935N1','2016-09-23 18:27:09',NULL,27396,'test1','15100000000',0,'39da68c2-4b48-a193-3ea5-959f57dbe3dd'),(9,1,9,0,3,1,'{\"trade_no\":\"mf\",\"order_id\":\"1474626947370915N1\",\"payment\":3,\"data\":0,\"user_name\":\"\\u59d3\\u540d\",\"user_mobile\":\"18611698240\",\"wechat_id\":null,\"alipay_id\":null,\"exhibition_id\":\"1\",\"ticket_price\":\"0.00\",\"open_id\":\"0\",\"amount\":\"0.00\",\"share_user_id\":\"0\",\"exhibition_title\":\"\\u897f\\u90e8\\u535a\\u89c8\\u4f1a\",\"member_id\":\"27393\",\"ygbrand\":\"X-\\u865a\\u62df\\u73b0\\u5b9eVR\\u9986\",\"ygtype\":\"\\u865a\\u62df\\u73b0\\u5b9eVR\\u9986\",\"pcid\":\"420684198209090057\",\"id\":\"9\",\"seqnum\":\"mf8f3ae8e1\",\"_payment\":\"FREE\",\"_amount\":0,\"url\":\"http:\\/\\/frontend.zhanqu.com\\/ticket\\/get-ticket?seqnum=mf8f3ae8e1&exhibitionId=1\",\"message\":\"\\u5c0a\\u656c\\u7684\\u5ba2\\u6237\\uff0c\\u8bf7\\u70b9\\u51fb\\u94fe\\u63a5\\u83b7\\u53d6\\u60a8\\u7684\\u201c\\u897f\\u90e8\\u535a\\u89c8\\u4f1a\\u201d\\u7535\\u5b50\\u7968\\uff1ahttp:\\/\\/dwz.sungoal.org\\/aqVmdO \\uff0c\\u8bf7\\u63d0\\u524d\\u9886\\u53d6\\u4fdd\\u5b58\\u4e3a\\u56fe\\u7247\\uff0c\\u81f3\\u5c55\\u9986\\u5165\\u53e3\\u5904\\u626b\\u7801\\u8fdb\\u573a\\uff0c\\u8bf7\\u59a5\\u5584\\u4fdd\\u5b58\\u3002\\u3010\\u5c1a\\u683c\\u4f1a\\u5c55\\u3011\"}',0,'mf','1474626947370915N1','2016-09-23 18:35:09',NULL,27393,'姓名','18611698240',0,'0'),(10,1,10,0,3,1,'{\"trade_no\":\"mf\",\"order_id\":\"1474627523649120N1\",\"payment\":3,\"data\":0,\"user_name\":\"\\u59d3\\u540d\",\"user_mobile\":\"18611698240\",\"wechat_id\":null,\"alipay_id\":null,\"exhibition_id\":\"1\",\"ticket_price\":\"0.00\",\"open_id\":\"0\",\"amount\":\"0.00\",\"share_user_id\":\"0\",\"exhibition_title\":\"\\u897f\\u90e8\\u535a\\u89c8\\u4f1a\",\"member_id\":\"27393\",\"ygbrand\":\"X-\\u865a\\u62df\\u73b0\\u5b9eVR\\u9986\",\"ygtype\":\"\\u865a\\u62df\\u73b0\\u5b9eVR\\u9986\",\"pcid\":\"420684198209090057\",\"id\":\"10\",\"seqnum\":\"mf5b54311c\",\"_payment\":\"FREE\",\"_amount\":0,\"url\":\"http:\\/\\/frontend.zhanqu.com\\/ticket\\/get-ticket?seqnum=mf5b54311c&exhibitionId=1\",\"message\":\"\\u5c0a\\u656c\\u7684\\u5ba2\\u6237\\uff0c\\u8bf7\\u70b9\\u51fb\\u94fe\\u63a5\\u83b7\\u53d6\\u60a8\\u7684\\u201c\\u897f\\u90e8\\u535a\\u89c8\\u4f1a\\u201d\\u7535\\u5b50\\u7968\\uff1ahttp:\\/\\/dwz.sungoal.org\\/kEMQZN \\uff0c\\u8bf7\\u63d0\\u524d\\u9886\\u53d6\\u4fdd\\u5b58\\u4e3a\\u56fe\\u7247\\uff0c\\u81f3\\u5c55\\u9986\\u5165\\u53e3\\u5904\\u626b\\u7801\\u8fdb\\u573a\\uff0c\\u8bf7\\u59a5\\u5584\\u4fdd\\u5b58\\u3002\\u3010\\u5c1a\\u683c\\u4f1a\\u5c55\\u3011\"}',0,'mf','1474627523649120N1','2016-09-23 18:45:09',NULL,27393,'姓名','18611698240',0,'0'),(11,1,11,0,3,1,'{\"trade_no\":\"mf\",\"order_id\":\"1474627752024819N1\",\"payment\":3,\"data\":0,\"user_name\":\"\\u59d3\\u540d\",\"user_mobile\":\"18611698240\",\"wechat_id\":null,\"alipay_id\":null,\"exhibition_id\":\"1\",\"ticket_price\":\"0.00\",\"open_id\":\"0\",\"amount\":\"0.00\",\"share_user_id\":\"0\",\"exhibition_title\":\"\\u897f\\u90e8\\u535a\\u89c8\\u4f1a\",\"member_id\":\"27393\",\"ygbrand\":\"X-\\u865a\\u62df\\u73b0\\u5b9eVR\\u9986\",\"ygtype\":\"\\u865a\\u62df\\u73b0\\u5b9eVR\\u9986\",\"pcid\":\"420684198209090057\",\"id\":\"11\",\"seqnum\":\"mf8d43a510\",\"_payment\":\"FREE\",\"_amount\":0,\"url\":\"http:\\/\\/frontend.zhanqu.com\\/ticket\\/get-ticket?seqnum=mf8d43a510&exhibitionId=1\",\"message\":\"\\u5c0a\\u656c\\u7684\\u5ba2\\u6237\\uff0c\\u8bf7\\u70b9\\u51fb\\u94fe\\u63a5\\u83b7\\u53d6\\u60a8\\u7684\\u201c\\u897f\\u90e8\\u535a\\u89c8\\u4f1a\\u201d\\u7535\\u5b50\\u7968\\uff1ahttp:\\/\\/dwz.sungoal.org\\/ZA8C7d \\uff0c\\u8bf7\\u63d0\\u524d\\u9886\\u53d6\\u4fdd\\u5b58\\u4e3a\\u56fe\\u7247\\uff0c\\u81f3\\u5c55\\u9986\\u5165\\u53e3\\u5904\\u626b\\u7801\\u8fdb\\u573a\\uff0c\\u8bf7\\u59a5\\u5584\\u4fdd\\u5b58\\u3002\\u3010\\u5c1a\\u683c\\u4f1a\\u5c55\\u3011\"}',0,'mf','1474627752024819N1','2016-09-23 18:49:09',NULL,27393,'姓名','18611698240',0,'0'),(12,1,12,0,3,1,'{\"trade_no\":\"mf\",\"order_id\":\"1474628085746029N1\",\"payment\":3,\"data\":0,\"user_name\":\"\\u59d3\\u540d\",\"user_mobile\":\"18611698240\",\"wechat_id\":null,\"alipay_id\":null,\"exhibition_id\":\"1\",\"ticket_price\":\"0.00\",\"open_id\":\"0\",\"amount\":\"0.00\",\"share_user_id\":\"0\",\"exhibition_title\":\"\\u897f\\u90e8\\u535a\\u89c8\\u4f1a\",\"member_id\":\"27393\",\"ygbrand\":\"X-\\u865a\\u62df\\u73b0\\u5b9eVR\\u9986\",\"ygtype\":\"\\u865a\\u62df\\u73b0\\u5b9eVR\\u9986\",\"pcid\":\"420684198209090057\",\"id\":\"12\",\"seqnum\":\"mf3bb576aa\",\"_payment\":\"FREE\",\"_amount\":0,\"url\":\"http:\\/\\/frontend.zhanqu.com\\/ticket\\/get-ticket?seqnum=mf3bb576aa&exhibitionId=1\",\"message\":\"\\u5c0a\\u656c\\u7684\\u5ba2\\u6237\\uff0c\\u8bf7\\u70b9\\u51fb\\u94fe\\u63a5\\u83b7\\u53d6\\u60a8\\u7684\\u201c\\u897f\\u90e8\\u535a\\u89c8\\u4f1a\\u201d\\u7535\\u5b50\\u7968\\uff1ahttp:\\/\\/dwz.sungoal.org\\/wo35nO \\uff0c\\u8bf7\\u63d0\\u524d\\u9886\\u53d6\\u4fdd\\u5b58\\u4e3a\\u56fe\\u7247\\uff0c\\u81f3\\u5c55\\u9986\\u5165\\u53e3\\u5904\\u626b\\u7801\\u8fdb\\u573a\\uff0c\\u8bf7\\u59a5\\u5584\\u4fdd\\u5b58\\u3002\\u3010\\u5c1a\\u683c\\u4f1a\\u5c55\\u3011\"}',0,'mf','1474628085746029N1','2016-09-23 18:54:09',NULL,27393,'姓名','18611698240',0,'0'),(13,1,13,0,3,1,'{\"trade_no\":\"mf\",\"order_id\":\"1474628263529861N1\",\"payment\":3,\"data\":0,\"user_name\":\"\\u59d3\\u540d\",\"user_mobile\":\"18611698240\",\"wechat_id\":null,\"alipay_id\":null,\"exhibition_id\":\"1\",\"ticket_price\":\"0.00\",\"open_id\":\"0\",\"amount\":\"0.00\",\"share_user_id\":\"0\",\"exhibition_title\":\"\\u897f\\u90e8\\u535a\\u89c8\\u4f1a\",\"member_id\":\"27393\",\"ygbrand\":\"X-\\u865a\\u62df\\u73b0\\u5b9eVR\\u9986\",\"ygtype\":\"\\u865a\\u62df\\u73b0\\u5b9eVR\\u9986\",\"pcid\":\"420684198209090057\",\"id\":\"13\",\"seqnum\":\"mfd672870d\",\"_payment\":\"FREE\",\"_amount\":0,\"url\":\"http:\\/\\/frontend.zhanqu.com\\/ticket\\/get-ticket?seqnum=mfd672870d&exhibitionId=1\",\"message\":\"\\u5c0a\\u656c\\u7684\\u5ba2\\u6237\\uff0c\\u8bf7\\u70b9\\u51fb\\u94fe\\u63a5\\u83b7\\u53d6\\u60a8\\u7684\\u201c\\u897f\\u90e8\\u535a\\u89c8\\u4f1a\\u201d\\u7535\\u5b50\\u7968\\uff1ahttp:\\/\\/dwz.sungoal.org\\/EPxMEB \\uff0c\\u8bf7\\u63d0\\u524d\\u9886\\u53d6\\u4fdd\\u5b58\\u4e3a\\u56fe\\u7247\\uff0c\\u81f3\\u5c55\\u9986\\u5165\\u53e3\\u5904\\u626b\\u7801\\u8fdb\\u573a\\uff0c\\u8bf7\\u59a5\\u5584\\u4fdd\\u5b58\\u3002\\u3010\\u5c1a\\u683c\\u4f1a\\u5c55\\u3011\"}',0,'mf','1474628263529861N1','2016-09-23 18:57:09',NULL,27393,'姓名','18611698240',0,'0'),(14,1,14,0,3,1,'{\"trade_no\":\"mf\",\"order_id\":\"1474628606452739N1\",\"payment\":3,\"data\":0,\"user_name\":\"\\u661f\\u661f\",\"user_mobile\":\"18611698240\",\"wechat_id\":null,\"alipay_id\":null,\"exhibition_id\":\"1\",\"ticket_price\":\"0.00\",\"open_id\":\"39da68e2-2daa-6a37-09b7-fbb4f22c8c3d\",\"amount\":\"0.00\",\"share_user_id\":\"0\",\"exhibition_title\":\"\\u897f\\u90e8\\u535a\\u89c8\\u4f1a\",\"member_id\":\"27393\",\"ygbrand\":\"H-\\u822a\\u7a7a\\u9986\",\"ygtype\":\"\\u822a\\u7a7a\\u9986\",\"pcid\":\"420684198209090057\",\"id\":\"14\",\"seqnum\":\"mffe7d6b9c\",\"_payment\":\"FREE\",\"_amount\":0,\"url\":\"http:\\/\\/frontend.zhanqu.com\\/ticket\\/get-ticket?seqnum=mffe7d6b9c&exhibitionId=1\",\"message\":\"\\u5c0a\\u656c\\u7684\\u5ba2\\u6237\\uff0c\\u8bf7\\u70b9\\u51fb\\u94fe\\u63a5\\u83b7\\u53d6\\u60a8\\u7684\\u201c\\u897f\\u90e8\\u535a\\u89c8\\u4f1a\\u201d\\u7535\\u5b50\\u7968\\uff1ahttp:\\/\\/dwz.sungoal.org\\/NhSkRR \\uff0c\\u8bf7\\u63d0\\u524d\\u9886\\u53d6\\u4fdd\\u5b58\\u4e3a\\u56fe\\u7247\\uff0c\\u81f3\\u5c55\\u9986\\u5165\\u53e3\\u5904\\u626b\\u7801\\u8fdb\\u573a\\uff0c\\u8bf7\\u59a5\\u5584\\u4fdd\\u5b58\\u3002\\u3010\\u5c1a\\u683c\\u4f1a\\u5c55\\u3011\"}',0,'mf','1474628606452739N1','2016-09-23 19:03:09',NULL,27393,'星星','18611698240',0,'39da68e2-2daa-6a37-09b7-fbb4f22c8c3d'),(15,1,15,0,3,1,'{\"trade_no\":\"mf\",\"order_id\":\"1474628756631059N1\",\"payment\":3,\"data\":0,\"user_name\":\"\\u661f\\u661f\",\"user_mobile\":\"18611698240\",\"wechat_id\":null,\"alipay_id\":null,\"exhibition_id\":\"1\",\"ticket_price\":\"0.00\",\"open_id\":\"39da68e4-193a-828a-1aab-0f47a0f654c0\",\"amount\":\"0.00\",\"share_user_id\":\"0\",\"exhibition_title\":\"\\u897f\\u90e8\\u535a\\u89c8\\u4f1a\",\"member_id\":\"27393\",\"ygbrand\":\"Y-\\u4e00\\u822c\\u9986\",\"ygtype\":\"\\u4e00\\u822c\\u9986\",\"pcid\":\"420684198209090057\",\"id\":\"15\",\"seqnum\":\"mf20dcd9de\",\"_payment\":\"FREE\",\"_amount\":0,\"url\":\"http:\\/\\/frontend.zhanqu.com\\/ticket\\/get-ticket?seqnum=mf20dcd9de&exhibitionId=1\",\"message\":\"\\u5c0a\\u656c\\u7684\\u5ba2\\u6237\\uff0c\\u8bf7\\u70b9\\u51fb\\u94fe\\u63a5\\u83b7\\u53d6\\u60a8\\u7684\\u201c\\u897f\\u90e8\\u535a\\u89c8\\u4f1a\\u201d\\u7535\\u5b50\\u7968\\uff1ahttp:\\/\\/dwz.sungoal.org\\/2qgJB8 \\uff0c\\u8bf7\\u63d0\\u524d\\u9886\\u53d6\\u4fdd\\u5b58\\u4e3a\\u56fe\\u7247\\uff0c\\u81f3\\u5c55\\u9986\\u5165\\u53e3\\u5904\\u626b\\u7801\\u8fdb\\u573a\\uff0c\\u8bf7\\u59a5\\u5584\\u4fdd\\u5b58\\u3002\\u3010\\u5c1a\\u683c\\u4f1a\\u5c55\\u3011\"}',0,'mf','1474628756631059N1','2016-09-23 19:05:09',NULL,27393,'星星','18611698240',0,'39da68e4-193a-828a-1aab-0f47a0f654c0'),(16,1,16,0,3,1,'{\"trade_no\":\"mf\",\"order_id\":\"1474629805108635N1\",\"payment\":3,\"data\":0,\"user_name\":\"test1\",\"user_mobile\":\"151723292091\",\"wechat_id\":null,\"alipay_id\":null,\"exhibition_id\":\"1\",\"ticket_price\":\"0.00\",\"open_id\":\"39da68f5-ff6d-51e7-5b2c-f24403acc05e\",\"amount\":\"0.00\",\"share_user_id\":\"82\",\"exhibition_title\":\"\\u897f\\u90e8\\u535a\\u89c8\\u4f1a\",\"member_id\":\"27401\",\"ygbrand\":null,\"ygtype\":\"0\",\"pcid\":\"0\",\"id\":\"16\",\"seqnum\":\"mffe0926ed\",\"_payment\":\"FREE\",\"_amount\":0,\"url\":\"http:\\/\\/liao.zhanqu.im:7778\\/ticket\\/get-ticket?seqnum=mffe0926ed&exhibitionId=1\",\"message\":\"\\u5c0a\\u656c\\u7684\\u5ba2\\u6237\\uff0c\\u8bf7\\u70b9\\u51fb\\u94fe\\u63a5\\u83b7\\u53d6\\u60a8\\u7684\\u201c\\u897f\\u90e8\\u535a\\u89c8\\u4f1a\\u201d\\u7535\\u5b50\\u7968\\uff1ahttp:\\/\\/dwz.sungoal.org\\/Wl3aO1 \\uff0c\\u8bf7\\u63d0\\u524d\\u9886\\u53d6\\u4fdd\\u5b58\\u4e3a\\u56fe\\u7247\\uff0c\\u81f3\\u5c55\\u9986\\u5165\\u53e3\\u5904\\u626b\\u7801\\u8fdb\\u573a\\uff0c\\u8bf7\\u59a5\\u5584\\u4fdd\\u5b58\\u3002\\u3010\\u5c1a\\u683c\\u4f1a\\u5c55\\u3011\"}',0,'mf','1474629805108635N1','2016-09-23 19:23:09',NULL,27401,'test1','151723292091',0,'39da68f5-ff6d-51e7-5b2c-f24403acc05e'),(17,1,17,0,3,1,'{\"trade_no\":\"mf\",\"order_id\":\"1474682692937604N1\",\"payment\":3,\"data\":0,\"user_name\":\"\\u59d3\\u540d\",\"user_mobile\":\"18611698240\",\"wechat_id\":null,\"alipay_id\":null,\"exhibition_id\":\"1\",\"ticket_price\":\"0.00\",\"open_id\":\"39da6c1a-5d19-24a7-f1ff-f8e8f89b9df4\",\"amount\":\"0.00\",\"share_user_id\":\"0\",\"exhibition_title\":\"\\u897f\\u90e8\\u535a\\u89c8\\u4f1a\",\"member_id\":\"27393\",\"ygbrand\":\"\\u519c\\u535a\\u4f1a\\u9986\",\"ygtype\":\"\\u519c\\u535a\\u4f1a\\u9986\",\"pcid\":\"420684198209090057\",\"id\":\"17\",\"seqnum\":\"mf37d0cf48\",\"_payment\":\"FREE\",\"_amount\":0,\"url\":\"http:\\/\\/frontend.zhanqu.com\\/ticket\\/get-ticket?seqnum=mf37d0cf48&exhibitionId=1\",\"message\":\"\\u5c0a\\u656c\\u7684\\u5ba2\\u6237\\uff0c\\u8bf7\\u70b9\\u51fb\\u94fe\\u63a5\\u83b7\\u53d6\\u60a8\\u7684\\u201c\\u897f\\u90e8\\u535a\\u89c8\\u4f1a\\u201d\\u7535\\u5b50\\u7968\\uff1ahttp:\\/\\/dwz.sungoal.org\\/gR5Pdh \\uff0c\\u8bf7\\u63d0\\u524d\\u9886\\u53d6\\u4fdd\\u5b58\\u4e3a\\u56fe\\u7247\\uff0c\\u81f3\\u5c55\\u9986\\u5165\\u53e3\\u5904\\u626b\\u7801\\u8fdb\\u573a\\uff0c\\u8bf7\\u59a5\\u5584\\u4fdd\\u5b58\\u3002\\u3010\\u5c1a\\u683c\\u4f1a\\u5c55\\u3011\"}',0,'mf','1474682692937604N1','2016-09-24 10:04:09',NULL,27393,'姓名','18611698240',0,'39da6c1a-5d19-24a7-f1ff-f8e8f89b9df4'),(18,1,18,0,3,1,'{\"trade_no\":\"mf\",\"order_id\":\"1474696701304719N1\",\"payment\":3,\"data\":0,\"user_name\":\"test1\",\"user_mobile\":\"15111111111\",\"wechat_id\":null,\"alipay_id\":null,\"exhibition_id\":\"1\",\"ticket_price\":\"0.00\",\"open_id\":\"39da6cf2-be33-76cf-90e5-a182a98c9c04\",\"amount\":\"0.00\",\"share_user_id\":\"8\",\"exhibition_title\":\"\\u897f\\u90e8\\u535a\\u89c8\\u4f1a\",\"member_id\":\"27415\",\"ygbrand\":null,\"ygtype\":\"0\",\"pcid\":\"0\",\"id\":\"18\",\"seqnum\":\"mf3644f915\",\"_payment\":\"FREE\",\"_amount\":0,\"url\":\"http:\\/\\/liao.zhanqu.im:7778\\/ticket\\/get-ticket?seqnum=mf3644f915&exhibitionId=1\",\"message\":\"\\u5c0a\\u656c\\u7684\\u5ba2\\u6237\\uff0c\\u8bf7\\u70b9\\u51fb\\u94fe\\u63a5\\u83b7\\u53d6\\u60a8\\u7684\\u201c\\u897f\\u90e8\\u535a\\u89c8\\u4f1a\\u201d\\u7535\\u5b50\\u7968\\uff1ahttp:\\/\\/dwz.sungoal.org\\/sJKZFf \\uff0c\\u8bf7\\u63d0\\u524d\\u9886\\u53d6\\u4fdd\\u5b58\\u4e3a\\u56fe\\u7247\\uff0c\\u81f3\\u5c55\\u9986\\u5165\\u53e3\\u5904\\u626b\\u7801\\u8fdb\\u573a\\uff0c\\u8bf7\\u59a5\\u5584\\u4fdd\\u5b58\\u3002\\u3010\\u5c1a\\u683c\\u4f1a\\u5c55\\u3011\"}',0,'mf','1474696701304719N1','2016-09-24 13:58:09',NULL,27415,'test1','15111111111',0,'39da6cf2-be33-76cf-90e5-a182a98c9c04'),(19,1,19,0,3,1,'{\"trade_no\":\"mf\",\"order_id\":\"1474696711618532N1\",\"payment\":3,\"data\":0,\"user_name\":\"test2\",\"user_mobile\":\"15122222222\",\"wechat_id\":null,\"alipay_id\":null,\"exhibition_id\":\"1\",\"ticket_price\":\"0.00\",\"open_id\":\"39da6cf2-be33-f3b3-b2c8-0f3850b64637\",\"amount\":\"0.00\",\"share_user_id\":\"8\",\"exhibition_title\":\"\\u897f\\u90e8\\u535a\\u89c8\\u4f1a\",\"member_id\":\"27416\",\"ygbrand\":null,\"ygtype\":\"0\",\"pcid\":\"0\",\"id\":\"19\",\"seqnum\":\"mf8ce47809\",\"_payment\":\"FREE\",\"_amount\":0,\"url\":\"http:\\/\\/liao.zhanqu.im:7778\\/ticket\\/get-ticket?seqnum=mf8ce47809&exhibitionId=1\",\"message\":\"\\u5c0a\\u656c\\u7684\\u5ba2\\u6237\\uff0c\\u8bf7\\u70b9\\u51fb\\u94fe\\u63a5\\u83b7\\u53d6\\u60a8\\u7684\\u201c\\u897f\\u90e8\\u535a\\u89c8\\u4f1a\\u201d\\u7535\\u5b50\\u7968\\uff1ahttp:\\/\\/dwz.sungoal.org\\/fhQPIl \\uff0c\\u8bf7\\u63d0\\u524d\\u9886\\u53d6\\u4fdd\\u5b58\\u4e3a\\u56fe\\u7247\\uff0c\\u81f3\\u5c55\\u9986\\u5165\\u53e3\\u5904\\u626b\\u7801\\u8fdb\\u573a\\uff0c\\u8bf7\\u59a5\\u5584\\u4fdd\\u5b58\\u3002\\u3010\\u5c1a\\u683c\\u4f1a\\u5c55\\u3011\"}',0,'mf','1474696711618532N1','2016-09-24 13:58:09',NULL,27416,'test2','15122222222',0,'39da6cf2-be33-f3b3-b2c8-0f3850b64637'),(20,1,20,0,3,1,'{\"trade_no\":\"mf\",\"order_id\":\"1474696713386572N1\",\"payment\":3,\"data\":0,\"user_name\":\"test3\",\"user_mobile\":\"15133333333\",\"wechat_id\":null,\"alipay_id\":null,\"exhibition_id\":\"1\",\"ticket_price\":\"0.00\",\"open_id\":\"39da6cf2-be33-6663-3dd4-23a8ee411a76\",\"amount\":\"0.00\",\"share_user_id\":\"8\",\"exhibition_title\":\"\\u897f\\u90e8\\u535a\\u89c8\\u4f1a\",\"member_id\":\"27417\",\"ygbrand\":null,\"ygtype\":\"0\",\"pcid\":\"0\",\"id\":\"20\",\"seqnum\":\"mf4d784cda\",\"_payment\":\"FREE\",\"_amount\":0,\"url\":\"http:\\/\\/liao.zhanqu.im:7778\\/ticket\\/get-ticket?seqnum=mf4d784cda&exhibitionId=1\",\"message\":\"\\u5c0a\\u656c\\u7684\\u5ba2\\u6237\\uff0c\\u8bf7\\u70b9\\u51fb\\u94fe\\u63a5\\u83b7\\u53d6\\u60a8\\u7684\\u201c\\u897f\\u90e8\\u535a\\u89c8\\u4f1a\\u201d\\u7535\\u5b50\\u7968\\uff1ahttp:\\/\\/dwz.sungoal.org\\/qWTTmm \\uff0c\\u8bf7\\u63d0\\u524d\\u9886\\u53d6\\u4fdd\\u5b58\\u4e3a\\u56fe\\u7247\\uff0c\\u81f3\\u5c55\\u9986\\u5165\\u53e3\\u5904\\u626b\\u7801\\u8fdb\\u573a\\uff0c\\u8bf7\\u59a5\\u5584\\u4fdd\\u5b58\\u3002\\u3010\\u5c1a\\u683c\\u4f1a\\u5c55\\u3011\"}',0,'mf','1474696713386572N1','2016-09-24 13:58:09',NULL,27417,'test3','15133333333',0,'39da6cf2-be33-6663-3dd4-23a8ee411a76'),(21,1,21,0,3,1,'{\"trade_no\":\"mf\",\"order_id\":\"1474726152972581N1\",\"payment\":3,\"data\":0,\"user_name\":\"asdf\",\"user_mobile\":\"13707174430\",\"wechat_id\":null,\"alipay_id\":null,\"exhibition_id\":\"1\",\"ticket_price\":\"0.00\",\"open_id\":\"39da6e90-15d9-f553-edc8-f786295dbda5\",\"amount\":\"0.00\",\"share_user_id\":\"0\",\"exhibition_title\":\"\\u897f\\u90e8\\u535a\\u89c8\\u4f1a\",\"member_id\":\"27430\",\"ygbrand\":\"\\u4e00\\u822c\\u9986\",\"ygtype\":\"0\",\"pcid\":\"0\",\"id\":\"21\",\"seqnum\":\"mf401255f2\",\"_payment\":\"FREE\",\"_amount\":0,\"url\":\"http:\\/\\/frontendgzp.zhanqu.im\\/ticket\\/get-ticket?seqnum=mf401255f2&exhibitionId=1\",\"message\":\"\\u5c0a\\u656c\\u7684\\u5ba2\\u6237\\uff0c\\u8bf7\\u70b9\\u51fb\\u94fe\\u63a5\\u83b7\\u53d6\\u60a8\\u7684\\u201c\\u897f\\u90e8\\u535a\\u89c8\\u4f1a\\u201d\\u7535\\u5b50\\u7968\\uff1ahttp:\\/\\/dwz.sungoal.org\\/iYBNuJ \\uff0c\\u8bf7\\u63d0\\u524d\\u9886\\u53d6\\u4fdd\\u5b58\\u4e3a\\u56fe\\u7247\\uff0c\\u81f3\\u5c55\\u9986\\u5165\\u53e3\\u5904\\u626b\\u7801\\u8fdb\\u573a\\uff0c\\u8bf7\\u59a5\\u5584\\u4fdd\\u5b58\\u3002\\u3010\\u5c1a\\u683c\\u4f1a\\u5c55\\u3011\"}',0,'mf','1474726152972581N1','2016-09-24 22:09:09',NULL,27430,'asdf','13707174430',0,'39da6e90-15d9-f553-edc8-f786295dbda5'),(22,1,22,0,3,1,'{\"trade_no\":\"mf\",\"order_id\":\"1474726255157283N1\",\"payment\":3,\"data\":0,\"user_name\":\"asdf\",\"user_mobile\":\"13707174431\",\"wechat_id\":null,\"alipay_id\":null,\"exhibition_id\":\"1\",\"ticket_price\":\"0.00\",\"open_id\":\"39da6e90-15d9-f553-edc8-f786295dbda5\",\"amount\":\"0.00\",\"share_user_id\":\"0\",\"exhibition_title\":\"\\u897f\\u90e8\\u535a\\u89c8\\u4f1a\",\"member_id\":\"27414\",\"ygbrand\":\"\\u4e00\\u822c\\u9986\",\"ygtype\":\"0\",\"pcid\":\"0\",\"id\":\"22\",\"seqnum\":\"mfd93cdba5\",\"_payment\":\"FREE\",\"_amount\":0,\"url\":\"http:\\/\\/frontendgzp.zhanqu.im\\/ticket\\/get-ticket?seqnum=mfd93cdba5&exhibitionId=1\",\"message\":\"\\u5c0a\\u656c\\u7684\\u5ba2\\u6237\\uff0c\\u8bf7\\u70b9\\u51fb\\u94fe\\u63a5\\u83b7\\u53d6\\u60a8\\u7684\\u201c\\u897f\\u90e8\\u535a\\u89c8\\u4f1a\\u201d\\u7535\\u5b50\\u7968\\uff1ahttp:\\/\\/dwz.sungoal.org\\/33KN1p \\uff0c\\u8bf7\\u63d0\\u524d\\u9886\\u53d6\\u4fdd\\u5b58\\u4e3a\\u56fe\\u7247\\uff0c\\u81f3\\u5c55\\u9986\\u5165\\u53e3\\u5904\\u626b\\u7801\\u8fdb\\u573a\\uff0c\\u8bf7\\u59a5\\u5584\\u4fdd\\u5b58\\u3002\\u3010\\u5c1a\\u683c\\u4f1a\\u5c55\\u3011\"}',0,'mf','1474726255157283N1','2016-09-24 22:10:09',NULL,27414,'asdf','13707174431',0,'39da6e90-15d9-f553-edc8-f786295dbda5'),(23,1,24,0,3,1,'{\"trade_no\":\"mf\",\"order_id\":\"1474726448983645N1\",\"payment\":3,\"data\":0,\"user_name\":\"\\u554a\\u53d1\\u751f\",\"user_mobile\":\"18966663335\",\"wechat_id\":null,\"alipay_id\":null,\"exhibition_id\":\"1\",\"ticket_price\":\"0.00\",\"open_id\":\"39da6e90-15d9-f553-edc8-f786295dbda5\",\"amount\":\"0.00\",\"share_user_id\":\"0\",\"exhibition_title\":\"\\u897f\\u90e8\\u535a\\u89c8\\u4f1a\",\"member_id\":\"27432\",\"ygbrand\":null,\"ygtype\":\"0\",\"pcid\":\"0\",\"id\":\"24\",\"seqnum\":\"mf74304566\",\"_payment\":\"FREE\",\"_amount\":0,\"url\":\"http:\\/\\/frontendgzp.zhanqu.im\\/ticket\\/get-ticket?seqnum=mf74304566&exhibitionId=1\",\"message\":\"\\u5c0a\\u656c\\u7684\\u5ba2\\u6237\\uff0c\\u8bf7\\u70b9\\u51fb\\u94fe\\u63a5\\u83b7\\u53d6\\u60a8\\u7684\\u201c\\u897f\\u90e8\\u535a\\u89c8\\u4f1a\\u201d\\u7535\\u5b50\\u7968\\uff1ahttp:\\/\\/dwz.sungoal.org\\/2ZwwI5 \\uff0c\\u8bf7\\u63d0\\u524d\\u9886\\u53d6\\u4fdd\\u5b58\\u4e3a\\u56fe\\u7247\\uff0c\\u81f3\\u5c55\\u9986\\u5165\\u53e3\\u5904\\u626b\\u7801\\u8fdb\\u573a\\uff0c\\u8bf7\\u59a5\\u5584\\u4fdd\\u5b58\\u3002\\u3010\\u5c1a\\u683c\\u4f1a\\u5c55\\u3011\"}',0,'mf','1474726448983645N1','2016-09-24 22:14:09',NULL,27432,'啊发生','18966663335',0,'39da6e90-15d9-f553-edc8-f786295dbda5'),(24,1,25,0,3,1,'{\"trade_no\":\"mf\",\"order_id\":\"1474726484301472N1\",\"payment\":3,\"data\":0,\"user_name\":\"\\u8001\\u674e\",\"user_mobile\":\"15866663333\",\"wechat_id\":null,\"alipay_id\":null,\"exhibition_id\":\"1\",\"ticket_price\":\"0.00\",\"open_id\":\"39da6e90-15d9-f553-edc8-f786295dbda5\",\"amount\":\"0.00\",\"share_user_id\":\"0\",\"exhibition_title\":\"\\u897f\\u90e8\\u535a\\u89c8\\u4f1a\",\"member_id\":\"27424\",\"ygbrand\":null,\"ygtype\":\"0\",\"pcid\":\"0\",\"id\":\"25\",\"seqnum\":\"mf8c622c26\",\"_payment\":\"FREE\",\"_amount\":0,\"url\":\"http:\\/\\/frontendgzp.zhanqu.im\\/ticket\\/get-ticket?seqnum=mf8c622c26&exhibitionId=1\",\"message\":\"\\u5c0a\\u656c\\u7684\\u5ba2\\u6237\\uff0c\\u8bf7\\u70b9\\u51fb\\u94fe\\u63a5\\u83b7\\u53d6\\u60a8\\u7684\\u201c\\u897f\\u90e8\\u535a\\u89c8\\u4f1a\\u201d\\u7535\\u5b50\\u7968\\uff1ahttp:\\/\\/dwz.sungoal.org\\/21VC1y \\uff0c\\u8bf7\\u63d0\\u524d\\u9886\\u53d6\\u4fdd\\u5b58\\u4e3a\\u56fe\\u7247\\uff0c\\u81f3\\u5c55\\u9986\\u5165\\u53e3\\u5904\\u626b\\u7801\\u8fdb\\u573a\\uff0c\\u8bf7\\u59a5\\u5584\\u4fdd\\u5b58\\u3002\\u3010\\u5c1a\\u683c\\u4f1a\\u5c55\\u3011\"}',0,'mf','1474726484301472N1','2016-09-24 22:14:09',NULL,27424,'老李','15866663333',0,'39da6e90-15d9-f553-edc8-f786295dbda5'),(25,1,26,0,3,1,'{\"trade_no\":\"mf\",\"order_id\":\"1474726581789462N1\",\"payment\":3,\"data\":0,\"user_name\":\"\\u7c7b\\u578b\\u7684\",\"user_mobile\":\"15966663333\",\"wechat_id\":null,\"alipay_id\":null,\"exhibition_id\":\"1\",\"ticket_price\":\"0.00\",\"open_id\":\"39da6e90-15d9-f553-edc8-f786295dbda5\",\"amount\":\"0.00\",\"share_user_id\":\"0\",\"exhibition_title\":\"\\u897f\\u90e8\\u535a\\u89c8\\u4f1a\",\"member_id\":\"27433\",\"ygbrand\":\"\\u822a\\u7a7a\\u9986\",\"ygtype\":\"0\",\"pcid\":\"0\",\"id\":\"26\",\"seqnum\":\"mfabc7619d\",\"_payment\":\"FREE\",\"_amount\":0,\"url\":\"http:\\/\\/frontendgzp.zhanqu.im\\/ticket\\/get-ticket?seqnum=mfabc7619d&exhibitionId=1\",\"message\":\"\\u5c0a\\u656c\\u7684\\u5ba2\\u6237\\uff0c\\u8bf7\\u70b9\\u51fb\\u94fe\\u63a5\\u83b7\\u53d6\\u60a8\\u7684\\u201c\\u897f\\u90e8\\u535a\\u89c8\\u4f1a\\u201d\\u7535\\u5b50\\u7968\\uff1ahttp:\\/\\/dwz.sungoal.org\\/1QS5oZ \\uff0c\\u8bf7\\u63d0\\u524d\\u9886\\u53d6\\u4fdd\\u5b58\\u4e3a\\u56fe\\u7247\\uff0c\\u81f3\\u5c55\\u9986\\u5165\\u53e3\\u5904\\u626b\\u7801\\u8fdb\\u573a\\uff0c\\u8bf7\\u59a5\\u5584\\u4fdd\\u5b58\\u3002\\u3010\\u5c1a\\u683c\\u4f1a\\u5c55\\u3011\"}',0,'mf','1474726581789462N1','2016-09-24 22:16:09',NULL,27433,'类型的','15966663333',0,'39da6e90-15d9-f553-edc8-f786295dbda5'),(26,1,27,0,3,1,'{\"trade_no\":\"mf\",\"order_id\":\"1474727151475612N1\",\"payment\":3,\"data\":0,\"user_name\":\"\\u7231\\u4e0a\\u5bf9\\u65b9\",\"user_mobile\":\"15899963254\",\"wechat_id\":null,\"alipay_id\":null,\"exhibition_id\":\"1\",\"ticket_price\":\"0.00\",\"open_id\":\"39da6ec3-5e44-7b52-b1c9-be0c1068c4b9\",\"amount\":\"0.00\",\"share_user_id\":\"0\",\"exhibition_title\":\"\\u897f\\u90e8\\u535a\\u89c8\\u4f1a\",\"member_id\":\"27434\",\"ygbrand\":\"\\u4f53\\u80b2\\u9986\",\"ygtype\":\"0\",\"pcid\":\"0\",\"id\":\"27\",\"seqnum\":\"mf3e91c9c1\",\"_payment\":\"FREE\",\"_amount\":0,\"url\":\"http:\\/\\/frontendgzp.zhanqu.im\\/ticket\\/get-ticket?seqnum=mf3e91c9c1&exhibitionId=1\",\"message\":\"\\u5c0a\\u656c\\u7684\\u5ba2\\u6237\\uff0c\\u8bf7\\u70b9\\u51fb\\u94fe\\u63a5\\u83b7\\u53d6\\u60a8\\u7684\\u201c\\u897f\\u90e8\\u535a\\u89c8\\u4f1a\\u201d\\u7535\\u5b50\\u7968\\uff1ahttp:\\/\\/dwz.sungoal.org\\/rkNApG \\uff0c\\u8bf7\\u63d0\\u524d\\u9886\\u53d6\\u4fdd\\u5b58\\u4e3a\\u56fe\\u7247\\uff0c\\u81f3\\u5c55\\u9986\\u5165\\u53e3\\u5904\\u626b\\u7801\\u8fdb\\u573a\\uff0c\\u8bf7\\u59a5\\u5584\\u4fdd\\u5b58\\u3002\\u3010\\u5c1a\\u683c\\u4f1a\\u5c55\\u3011\"}',0,'mf','1474727151475612N1','2016-09-24 22:25:09',NULL,27434,'爱上对方','15899963254',0,'39da6ec3-5e44-7b52-b1c9-be0c1068c4b9'),(27,1,28,0,3,1,'{\"trade_no\":\"mf\",\"order_id\":\"1474727788931726N1\",\"payment\":3,\"data\":0,\"user_name\":\"\\u7231\\u4e0a\\u5bf9\\u65b9\",\"user_mobile\":\"15966660002\",\"wechat_id\":null,\"alipay_id\":null,\"exhibition_id\":\"1\",\"ticket_price\":\"0.00\",\"open_id\":\"39da6ecd-169a-ff48-ff96-5a1cbce06cb3\",\"amount\":\"0.00\",\"share_user_id\":\"0\",\"exhibition_title\":\"\\u897f\\u90e8\\u535a\\u89c8\\u4f1a\",\"member_id\":\"27435\",\"ygbrand\":\"\\u822a\\u7a7a\\u9986\",\"ygtype\":\"0\",\"pcid\":\"0\",\"id\":\"28\",\"seqnum\":\"mfd79dcd9f\",\"_payment\":\"FREE\",\"_amount\":0,\"url\":\"http:\\/\\/frontendgzp.zhanqu.im\\/ticket\\/get-ticket?seqnum=mfd79dcd9f&exhibitionId=1\",\"message\":\"\\u5c0a\\u656c\\u7684\\u5ba2\\u6237\\uff0c\\u8bf7\\u70b9\\u51fb\\u94fe\\u63a5\\u83b7\\u53d6\\u60a8\\u7684\\u201c\\u897f\\u90e8\\u535a\\u89c8\\u4f1a\\u201d\\u7535\\u5b50\\u7968\\uff1ahttp:\\/\\/dwz.sungoal.org\\/lfoWkq \\uff0c\\u8bf7\\u63d0\\u524d\\u9886\\u53d6\\u4fdd\\u5b58\\u4e3a\\u56fe\\u7247\\uff0c\\u81f3\\u5c55\\u9986\\u5165\\u53e3\\u5904\\u626b\\u7801\\u8fdb\\u573a\\uff0c\\u8bf7\\u59a5\\u5584\\u4fdd\\u5b58\\u3002\\u3010\\u5c1a\\u683c\\u4f1a\\u5c55\\u3011\"}',0,'mf','1474727788931726N1','2016-09-24 22:36:09',NULL,27435,'爱上对方','15966660002',0,'39da6ecd-169a-ff48-ff96-5a1cbce06cb3'),(28,1,29,0,3,1,'{\"trade_no\":\"mf\",\"order_id\":\"1474727880830714N1\",\"payment\":3,\"data\":0,\"user_name\":\"\\u7231\\u4e0a\\u5bf9\\u65b9\",\"user_mobile\":\"15866665489\",\"wechat_id\":null,\"alipay_id\":null,\"exhibition_id\":\"1\",\"ticket_price\":\"0.00\",\"open_id\":\"39da6ece-8047-30f5-94ab-51d138b5f14a\",\"amount\":\"0.00\",\"share_user_id\":\"0\",\"exhibition_title\":\"\\u897f\\u90e8\\u535a\\u89c8\\u4f1a\",\"member_id\":\"27436\",\"ygbrand\":\"\\u822a\\u7a7a\\u9986\",\"ygtype\":\"0\",\"pcid\":\"0\",\"id\":\"29\",\"seqnum\":\"mf19ca3aa2\",\"_payment\":\"FREE\",\"_amount\":0,\"url\":\"http:\\/\\/frontendgzp.zhanqu.im\\/ticket\\/get-ticket?seqnum=mf19ca3aa2&exhibitionId=1\",\"message\":\"\\u5c0a\\u656c\\u7684\\u5ba2\\u6237\\uff0c\\u8bf7\\u70b9\\u51fb\\u94fe\\u63a5\\u83b7\\u53d6\\u60a8\\u7684\\u201c\\u897f\\u90e8\\u535a\\u89c8\\u4f1a\\u201d\\u7535\\u5b50\\u7968\\uff1ahttp:\\/\\/dwz.sungoal.org\\/gtui7n \\uff0c\\u8bf7\\u63d0\\u524d\\u9886\\u53d6\\u4fdd\\u5b58\\u4e3a\\u56fe\\u7247\\uff0c\\u81f3\\u5c55\\u9986\\u5165\\u53e3\\u5904\\u626b\\u7801\\u8fdb\\u573a\\uff0c\\u8bf7\\u59a5\\u5584\\u4fdd\\u5b58\\u3002\\u3010\\u5c1a\\u683c\\u4f1a\\u5c55\\u3011\"}',0,'mf','1474727880830714N1','2016-09-24 22:38:09',NULL,27436,'爱上对方','15866665489',0,'39da6ece-8047-30f5-94ab-51d138b5f14a'),(29,1,30,0,3,1,'{\"trade_no\":\"mf\",\"order_id\":\"1474727939156432N1\",\"payment\":3,\"data\":0,\"user_name\":\"\\u7231\\u4e0a\\u5bf9\\u65b9\",\"user_mobile\":\"15869666333\",\"wechat_id\":null,\"alipay_id\":null,\"exhibition_id\":\"1\",\"ticket_price\":\"0.00\",\"open_id\":\"39da6ecf-670a-8995-3d00-dac8b16effcd\",\"amount\":\"0.00\",\"share_user_id\":\"0\",\"exhibition_title\":\"\\u897f\\u90e8\\u535a\\u89c8\\u4f1a\",\"member_id\":\"27437\",\"ygbrand\":\"\\u822a\\u7a7a\\u9986\",\"ygtype\":\"0\",\"pcid\":\"0\",\"id\":\"30\",\"seqnum\":\"mf92726913\",\"_payment\":\"FREE\",\"_amount\":0,\"url\":\"http:\\/\\/frontendgzp.zhanqu.im\\/ticket\\/get-ticket?seqnum=mf92726913&exhibitionId=1\",\"message\":\"\\u5c0a\\u656c\\u7684\\u5ba2\\u6237\\uff0c\\u8bf7\\u70b9\\u51fb\\u94fe\\u63a5\\u83b7\\u53d6\\u60a8\\u7684\\u201c\\u897f\\u90e8\\u535a\\u89c8\\u4f1a\\u201d\\u7535\\u5b50\\u7968\\uff1ahttp:\\/\\/dwz.sungoal.org\\/FsPcon \\uff0c\\u8bf7\\u63d0\\u524d\\u9886\\u53d6\\u4fdd\\u5b58\\u4e3a\\u56fe\\u7247\\uff0c\\u81f3\\u5c55\\u9986\\u5165\\u53e3\\u5904\\u626b\\u7801\\u8fdb\\u573a\\uff0c\\u8bf7\\u59a5\\u5584\\u4fdd\\u5b58\\u3002\\u3010\\u5c1a\\u683c\\u4f1a\\u5c55\\u3011\"}',0,'mf','1474727939156432N1','2016-09-24 22:39:09',NULL,27437,'爱上对方','15869666333',0,'39da6ecf-670a-8995-3d00-dac8b16effcd'),(30,1,31,0,3,1,'{\"trade_no\":\"mf\",\"order_id\":\"1474728010824951N1\",\"payment\":3,\"data\":0,\"user_name\":\"\\u7231\\u4e0a\\u5bf9\\u65b9\",\"user_mobile\":\"18566663332\",\"wechat_id\":null,\"alipay_id\":null,\"exhibition_id\":\"1\",\"ticket_price\":\"0.00\",\"open_id\":\"39da6ed0-7b38-2f34-b6c7-05762c6c647c\",\"amount\":\"0.00\",\"share_user_id\":\"0\",\"exhibition_title\":\"\\u897f\\u90e8\\u535a\\u89c8\\u4f1a\",\"member_id\":\"27438\",\"ygbrand\":\"\\u4e00\\u822c\\u9986\",\"ygtype\":\"0\",\"pcid\":\"0\",\"id\":\"31\",\"seqnum\":\"mf123c5c8f\",\"_payment\":\"FREE\",\"_amount\":0,\"url\":\"http:\\/\\/frontendgzp.zhanqu.im\\/ticket\\/get-ticket?seqnum=mf123c5c8f&exhibitionId=1\",\"message\":\"\\u5c0a\\u656c\\u7684\\u5ba2\\u6237\\uff0c\\u8bf7\\u70b9\\u51fb\\u94fe\\u63a5\\u83b7\\u53d6\\u60a8\\u7684\\u201c\\u897f\\u90e8\\u535a\\u89c8\\u4f1a\\u201d\\u7535\\u5b50\\u7968\\uff1ahttp:\\/\\/dwz.sungoal.org\\/5HEIL2 \\uff0c\\u8bf7\\u63d0\\u524d\\u9886\\u53d6\\u4fdd\\u5b58\\u4e3a\\u56fe\\u7247\\uff0c\\u81f3\\u5c55\\u9986\\u5165\\u53e3\\u5904\\u626b\\u7801\\u8fdb\\u573a\\uff0c\\u8bf7\\u59a5\\u5584\\u4fdd\\u5b58\\u3002\\u3010\\u5c1a\\u683c\\u4f1a\\u5c55\\u3011\"}',0,'mf','1474728010824951N1','2016-09-24 22:40:09',NULL,27438,'爱上对方','18566663332',0,'39da6ed0-7b38-2f34-b6c7-05762c6c647c'),(31,1,32,0,3,1,'{\"trade_no\":\"mf\",\"order_id\":\"1474728053820734N1\",\"payment\":3,\"data\":0,\"user_name\":\"\\u7231\\u4e0a\\u5bf9\\u65b9\",\"user_mobile\":\"15860002252\",\"wechat_id\":null,\"alipay_id\":null,\"exhibition_id\":\"1\",\"ticket_price\":\"0.00\",\"open_id\":\"39da6ed1-20ea-9567-41e3-d9790fcb75d2\",\"amount\":\"0.00\",\"share_user_id\":\"0\",\"exhibition_title\":\"\\u897f\\u90e8\\u535a\\u89c8\\u4f1a\",\"member_id\":\"27439\",\"ygbrand\":\"\\u822a\\u7a7a\\u9986\",\"ygtype\":\"0\",\"pcid\":\"0\",\"id\":\"32\",\"seqnum\":\"mfc79c79e9\",\"_payment\":\"FREE\",\"_amount\":0,\"url\":\"http:\\/\\/frontendgzp.zhanqu.im\\/ticket\\/get-ticket?seqnum=mfc79c79e9&exhibitionId=1\",\"message\":\"\\u5c0a\\u656c\\u7684\\u5ba2\\u6237\\uff0c\\u8bf7\\u70b9\\u51fb\\u94fe\\u63a5\\u83b7\\u53d6\\u60a8\\u7684\\u201c\\u897f\\u90e8\\u535a\\u89c8\\u4f1a\\u201d\\u7535\\u5b50\\u7968\\uff1ahttp:\\/\\/dwz.sungoal.org\\/TxsfXt \\uff0c\\u8bf7\\u63d0\\u524d\\u9886\\u53d6\\u4fdd\\u5b58\\u4e3a\\u56fe\\u7247\\uff0c\\u81f3\\u5c55\\u9986\\u5165\\u53e3\\u5904\\u626b\\u7801\\u8fdb\\u573a\\uff0c\\u8bf7\\u59a5\\u5584\\u4fdd\\u5b58\\u3002\\u3010\\u5c1a\\u683c\\u4f1a\\u5c55\\u3011\"}',0,'mf','1474728053820734N1','2016-09-24 22:40:09',NULL,27439,'爱上对方','15860002252',0,'39da6ed1-20ea-9567-41e3-d9790fcb75d2'),(32,1,33,0,3,1,'{\"trade_no\":\"mf\",\"order_id\":\"1474728104547038N1\",\"payment\":3,\"data\":0,\"user_name\":\"\\u641e\",\"user_mobile\":\"15833336666\",\"wechat_id\":null,\"alipay_id\":null,\"exhibition_id\":\"1\",\"ticket_price\":\"0.00\",\"open_id\":\"39da6ed1-e87f-ec32-6368-5794931b115f\",\"amount\":\"0.00\",\"share_user_id\":\"0\",\"exhibition_title\":\"\\u897f\\u90e8\\u535a\\u89c8\\u4f1a\",\"member_id\":\"27440\",\"ygbrand\":\"\\u6559\\u80b2\\u7ba1\",\"ygtype\":\"0\",\"pcid\":\"0\",\"id\":\"33\",\"seqnum\":\"mfc6628cda\",\"_payment\":\"FREE\",\"_amount\":0,\"url\":\"http:\\/\\/frontendgzp.zhanqu.im\\/ticket\\/get-ticket?seqnum=mfc6628cda&exhibitionId=1\",\"message\":\"\\u5c0a\\u656c\\u7684\\u5ba2\\u6237\\uff0c\\u8bf7\\u70b9\\u51fb\\u94fe\\u63a5\\u83b7\\u53d6\\u60a8\\u7684\\u201c\\u897f\\u90e8\\u535a\\u89c8\\u4f1a\\u201d\\u7535\\u5b50\\u7968\\uff1ahttp:\\/\\/dwz.sungoal.org\\/34j0D9 \\uff0c\\u8bf7\\u63d0\\u524d\\u9886\\u53d6\\u4fdd\\u5b58\\u4e3a\\u56fe\\u7247\\uff0c\\u81f3\\u5c55\\u9986\\u5165\\u53e3\\u5904\\u626b\\u7801\\u8fdb\\u573a\\uff0c\\u8bf7\\u59a5\\u5584\\u4fdd\\u5b58\\u3002\\u3010\\u5c1a\\u683c\\u4f1a\\u5c55\\u3011\"}',0,'mf','1474728104547038N1','2016-09-24 22:41:09',NULL,27440,'搞','15833336666',0,'39da6ed1-e87f-ec32-6368-5794931b115f'),(33,1,34,0,3,1,'{\"trade_no\":\"mf\",\"order_id\":\"1474728220689753N1\",\"payment\":3,\"data\":0,\"user_name\":\"\\u641e\",\"user_mobile\":\"15833336667\",\"wechat_id\":null,\"alipay_id\":null,\"exhibition_id\":\"1\",\"ticket_price\":\"0.00\",\"open_id\":\"39da6ed3-aef7-6dac-7818-43a76830e84c\",\"amount\":\"0.00\",\"share_user_id\":\"0\",\"exhibition_title\":\"\\u897f\\u90e8\\u535a\\u89c8\\u4f1a\",\"member_id\":\"27441\",\"ygbrand\":\"\\u6559\\u80b2\\u7ba1\",\"ygtype\":\"0\",\"pcid\":\"0\",\"id\":\"34\",\"seqnum\":\"mf7171f314\",\"_payment\":\"FREE\",\"_amount\":0,\"url\":\"http:\\/\\/frontendgzp.zhanqu.im\\/ticket\\/get-ticket?seqnum=mf7171f314&exhibitionId=1\",\"message\":\"\\u5c0a\\u656c\\u7684\\u5ba2\\u6237\\uff0c\\u8bf7\\u70b9\\u51fb\\u94fe\\u63a5\\u83b7\\u53d6\\u60a8\\u7684\\u201c\\u897f\\u90e8\\u535a\\u89c8\\u4f1a\\u201d\\u7535\\u5b50\\u7968\\uff1ahttp:\\/\\/dwz.sungoal.org\\/cZFqFU \\uff0c\\u8bf7\\u63d0\\u524d\\u9886\\u53d6\\u4fdd\\u5b58\\u4e3a\\u56fe\\u7247\\uff0c\\u81f3\\u5c55\\u9986\\u5165\\u53e3\\u5904\\u626b\\u7801\\u8fdb\\u573a\\uff0c\\u8bf7\\u59a5\\u5584\\u4fdd\\u5b58\\u3002\\u3010\\u5c1a\\u683c\\u4f1a\\u5c55\\u3011\"}',0,'mf','1474728220689753N1','2016-09-24 22:43:09',NULL,27441,'搞','15833336667',0,'39da6ed3-aef7-6dac-7818-43a76830e84c');

/*Table structure for table `zq_org_config` */

DROP TABLE IF EXISTS `zq_org_config`;

CREATE TABLE `zq_org_config` (
  `id` int(11) NOT NULL AUTO_INCREMENT,
  `org_name` varchar(100) NOT NULL COMMENT '机构名称',
  `contacts` varchar(30) NOT NULL COMMENT '联系人',
  `mobile` varchar(20) NOT NULL COMMENT '电话',
  `assign_sms_count` int(11) NOT NULL DEFAULT '0' COMMENT '分配短息数量',
  `used_count` int(11) NOT NULL DEFAULT '0' COMMENT '已使用短信条数',
  `secret_key` char(32) NOT NULL COMMENT '密钥',
  `create_time` datetime NOT NULL,
  `update_time` datetime NOT NULL,
  `authorize_eid` int(11) NOT NULL DEFAULT '0',
  PRIMARY KEY (`id`)
) ENGINE=InnoDB DEFAULT CHARSET=utf8 ROW_FORMAT=COMPACT;

/*Data for the table `zq_org_config` */

/*Table structure for table `zq_organizer` */

DROP TABLE IF EXISTS `zq_organizer`;

CREATE TABLE `zq_organizer` (
  `id` int(11) unsigned NOT NULL AUTO_INCREMENT,
  `name` varchar(200) COLLATE utf8_unicode_ci NOT NULL DEFAULT '' COMMENT '公司名字',
  `company_created_at` datetime DEFAULT NULL COMMENT '创建时间',
  `enabled` tinyint(1) DEFAULT NULL COMMENT '是否启用',
  `logo` varchar(200) COLLATE utf8_unicode_ci DEFAULT NULL COMMENT '公司logo',
  `manager_id` int(11) unsigned NOT NULL,
  `username` char(200) COLLATE utf8_unicode_ci DEFAULT NULL,
  `password` char(200) COLLATE utf8_unicode_ci DEFAULT NULL,
  PRIMARY KEY (`id`),
  KEY `fk_1_idx` (`manager_id`) USING BTREE,
  CONSTRAINT `zq_organizer_ibfk_1` FOREIGN KEY (`manager_id`) REFERENCES `zq_member` (`id`) ON DELETE CASCADE ON UPDATE CASCADE
) ENGINE=InnoDB AUTO_INCREMENT=2 DEFAULT CHARSET=utf8 COLLATE=utf8_unicode_ci ROW_FORMAT=COMPACT;

/*Data for the table `zq_organizer` */

insert  into `zq_organizer`(`id`,`name`,`company_created_at`,`enabled`,`logo`,`manager_id`,`username`,`password`) values (1,'西博会',NULL,1,NULL,27392,'xbh','xbh888');

/*Table structure for table `zq_pages` */

DROP TABLE IF EXISTS `zq_pages`;

CREATE TABLE `zq_pages` (
  `id` int(11) NOT NULL AUTO_INCREMENT,
  `exhibition_id` int(11) NOT NULL DEFAULT '0' COMMENT '展会id',
  `page_name` char(50) NOT NULL DEFAULT '' COMMENT '页面名称',
  `page_type` tinyint(1) NOT NULL DEFAULT '0' COMMENT '页面类型',
  `theme_id` int(11) NOT NULL DEFAULT '11' COMMENT '主题id',
  `ticket_price` decimal(4,2) NOT NULL DEFAULT '0.00' COMMENT '票价',
  `protocol` text NOT NULL COMMENT '购票协议',
  `logo` varchar(100) NOT NULL DEFAULT '' COMMENT 'logo地址',
  `pcbg` varchar(255) DEFAULT NULL COMMENT 'PC背景图',
  `pcbg_defined` tinyint(1) NOT NULL DEFAULT '0' COMMENT '是否是自定义PC背景图 0否 1是',
  `bg` varchar(100) NOT NULL DEFAULT '' COMMENT '背景图片',
  `bg_defined` tinyint(1) NOT NULL DEFAULT '0' COMMENT '是否是移动端背景图 0否 1是',
  `state` tinyint(1) NOT NULL DEFAULT '1' COMMENT '页面状态1、正常 0、停用',
  `client` tinyint(1) NOT NULL DEFAULT '1' COMMENT '客户端1、PC  2、手机',
  `band_activity` char(50) NOT NULL DEFAULT '' COMMENT '绑定活动ID',
  `is_vote` tinyint(1) NOT NULL DEFAULT '0' COMMENT '是否调查问卷',
  `page_footer` text COMMENT '页脚信息',
  PRIMARY KEY (`id`),
  KEY `exhibition_id` (`exhibition_id`) USING BTREE
) ENGINE=InnoDB AUTO_INCREMENT=3 DEFAULT CHARSET=utf8 ROW_FORMAT=COMPACT;

/*Data for the table `zq_pages` */

insert  into `zq_pages`(`id`,`exhibition_id`,`page_name`,`page_type`,`theme_id`,`ticket_price`,`protocol`,`logo`,`pcbg`,`pcbg_defined`,`bg`,`bg_defined`,`state`,`client`,`band_activity`,`is_vote`,`page_footer`) values (1,1,'默认购票页面',1,11,'0.00','0','','/themes/buyticket/original/thumb/Bg.jpg',0,'/themes/buyticket/original/thumb/mobile/Bg.png',0,1,1,'',0,NULL),(2,2,'默认购票页面',1,11,'0.00','0','',NULL,0,'',0,1,1,'',0,NULL);

/*Table structure for table `zq_pinpai` */

DROP TABLE IF EXISTS `zq_pinpai`;

CREATE TABLE `zq_pinpai` (
  `pinpai` varchar(30) COLLATE utf8_unicode_ci NOT NULL,
  `chenxing` varchar(200) COLLATE utf8_unicode_ci DEFAULT NULL,
  `msg` text COLLATE utf8_unicode_ci,
  `exhibition_id` int(11) DEFAULT '0',
  KEY `pinpai` (`pinpai`) USING BTREE,
  KEY `exhibition_id` (`exhibition_id`) USING BTREE
) ENGINE=InnoDB DEFAULT CHARSET=utf8 COLLATE=utf8_unicode_ci ROW_FORMAT=COMPACT;

/*Data for the table `zq_pinpai` */

/*Table structure for table `zq_post` */

DROP TABLE IF EXISTS `zq_post`;

CREATE TABLE `zq_post` (
  `id` int(11) NOT NULL AUTO_INCREMENT,
  `title` varchar(128) NOT NULL,
  `content` text NOT NULL,
  `tags` text NOT NULL,
  `user_id` int(11) NOT NULL,
  `created_at` int(11) NOT NULL,
  `updated_at` int(11) NOT NULL,
  PRIMARY KEY (`id`)
) ENGINE=InnoDB DEFAULT CHARSET=utf8 ROW_FORMAT=COMPACT;

/*Data for the table `zq_post` */

/*Table structure for table `zq_profile` */

DROP TABLE IF EXISTS `zq_profile`;

CREATE TABLE `zq_profile` (
  `member_id` int(11) NOT NULL AUTO_INCREMENT COMMENT '用户ID',
  `name` varchar(64) COLLATE utf8_unicode_ci DEFAULT NULL COMMENT '姓名',
  `company` varchar(64) COLLATE utf8_unicode_ci DEFAULT NULL COMMENT '公司名称',
  `position` varchar(64) COLLATE utf8_unicode_ci DEFAULT NULL COMMENT '职位',
  `avatar_url` varchar(64) COLLATE utf8_unicode_ci DEFAULT NULL COMMENT '头像',
  `sex` tinyint(11) NOT NULL DEFAULT '1' COMMENT '性别:1男，0女，2保密',
  `birthday` datetime DEFAULT NULL COMMENT '生日',
  `region_id` int(11) DEFAULT '0' COMMENT '地区ID',
  `tagline` varchar(64) COLLATE utf8_unicode_ci DEFAULT NULL COMMENT '一句话介绍',
  `region` varchar(64) COLLATE utf8_unicode_ci DEFAULT NULL COMMENT '地区',
  PRIMARY KEY (`member_id`)
) ENGINE=InnoDB AUTO_INCREMENT=27442 DEFAULT CHARSET=utf8 COLLATE=utf8_unicode_ci ROW_FORMAT=COMPACT;

/*Data for the table `zq_profile` */

insert  into `zq_profile`(`member_id`,`name`,`company`,`position`,`avatar_url`,`sex`,`birthday`,`region_id`,`tagline`,`region`) values (27393,NULL,NULL,NULL,NULL,1,NULL,0,NULL,NULL),(27394,NULL,NULL,NULL,NULL,1,NULL,0,NULL,NULL),(27395,NULL,NULL,NULL,NULL,1,NULL,0,NULL,NULL),(27396,NULL,NULL,NULL,NULL,1,NULL,0,NULL,NULL),(27401,NULL,NULL,NULL,NULL,1,NULL,0,NULL,NULL),(27415,NULL,NULL,NULL,NULL,1,NULL,0,NULL,NULL),(27416,NULL,NULL,NULL,NULL,1,NULL,0,NULL,NULL),(27417,NULL,NULL,NULL,NULL,1,NULL,0,NULL,NULL),(27430,NULL,NULL,NULL,NULL,1,NULL,0,NULL,NULL),(27431,NULL,NULL,NULL,NULL,1,NULL,0,NULL,NULL),(27432,NULL,NULL,NULL,NULL,1,NULL,0,NULL,NULL),(27433,NULL,NULL,NULL,NULL,1,NULL,0,NULL,NULL),(27434,NULL,NULL,NULL,NULL,1,NULL,0,NULL,NULL),(27435,NULL,NULL,NULL,NULL,1,NULL,0,NULL,NULL),(27436,NULL,NULL,NULL,NULL,1,NULL,0,NULL,NULL),(27437,NULL,NULL,NULL,NULL,1,NULL,0,NULL,NULL),(27438,NULL,NULL,NULL,NULL,1,NULL,0,NULL,NULL),(27439,NULL,NULL,NULL,NULL,1,NULL,0,NULL,NULL),(27440,NULL,NULL,NULL,NULL,1,NULL,0,NULL,NULL),(27441,NULL,NULL,NULL,NULL,1,NULL,0,NULL,NULL);

/*Table structure for table `zq_rel_exhibition_carbrand` */

DROP TABLE IF EXISTS `zq_rel_exhibition_carbrand`;

CREATE TABLE `zq_rel_exhibition_carbrand` (
  `id` int(11) NOT NULL AUTO_INCREMENT,
  `exhibition_id` int(11) DEFAULT NULL COMMENT '展会外键',
  `car_brand_id` int(11) DEFAULT NULL COMMENT '汽车品牌外键',
  PRIMARY KEY (`id`),
  KEY `exhibition_id` (`exhibition_id`) USING BTREE,
  KEY `car_brand_id` (`car_brand_id`) USING BTREE
) ENGINE=InnoDB DEFAULT CHARSET=utf8 ROW_FORMAT=COMPACT;

/*Data for the table `zq_rel_exhibition_carbrand` */

/*Table structure for table `zq_rel_exhibition_joiner` */

DROP TABLE IF EXISTS `zq_rel_exhibition_joiner`;

CREATE TABLE `zq_rel_exhibition_joiner` (
  `id` int(10) unsigned NOT NULL AUTO_INCREMENT,
  `exhibition_id` int(11) unsigned NOT NULL DEFAULT '0' COMMENT '展会ID',
  `joiner_id` int(11) unsigned NOT NULL DEFAULT '0' COMMENT '参展商ID',
  `is_invitation` tinyint(3) unsigned NOT NULL DEFAULT '0' COMMENT '0:主动参加, 1:邀请',
  `channel_cat` tinyint(3) unsigned NOT NULL DEFAULT '0' COMMENT '推广渠道种类',
  `channel_id` tinyint(3) unsigned NOT NULL DEFAULT '0' COMMENT '推广渠道id',
  `status` tinyint(3) unsigned NOT NULL DEFAULT '0' COMMENT '待同意、同意、拒绝',
  `prod_name` varchar(256) NOT NULL DEFAULT '' COMMENT '参展产品名称',
  `prod_detail` varchar(256) NOT NULL DEFAULT '' COMMENT '参展产品名称',
  `prod_promotion` varchar(512) NOT NULL DEFAULT '' COMMENT '优惠活动说明',
  `position` int(11) unsigned NOT NULL DEFAULT '0' COMMENT '申请展台位置',
  `create_time` timestamp NOT NULL DEFAULT CURRENT_TIMESTAMP COMMENT '创建时间',
  `update_time` datetime NOT NULL DEFAULT '0000-00-00 00:00:00' COMMENT '修改时间',
  `ticket_channel_id` int(11) NOT NULL DEFAULT '0' COMMENT '展会分发机构关联id',
  `joiner_name` varchar(32) NOT NULL COMMENT '展商名称',
  `brand_id` int(11) NOT NULL DEFAULT '0' COMMENT '展商品牌id',
  PRIMARY KEY (`id`),
  UNIQUE KEY `idx_exhibition_id` (`exhibition_id`,`joiner_id`) USING BTREE,
  KEY `idx_joiner_id` (`joiner_id`) USING BTREE,
  CONSTRAINT `zq_rel_exhibition_joiner_ibfk_1` FOREIGN KEY (`exhibition_id`) REFERENCES `zq_exhibition` (`id`) ON DELETE CASCADE ON UPDATE CASCADE,
  CONSTRAINT `zq_rel_exhibition_joiner_ibfk_2` FOREIGN KEY (`joiner_id`) REFERENCES `zq_joiner` (`id`) ON DELETE CASCADE ON UPDATE CASCADE
) ENGINE=InnoDB AUTO_INCREMENT=27 DEFAULT CHARSET=utf8 ROW_FORMAT=COMPACT;

/*Data for the table `zq_rel_exhibition_joiner` */

insert  into `zq_rel_exhibition_joiner`(`id`,`exhibition_id`,`joiner_id`,`is_invitation`,`channel_cat`,`channel_id`,`status`,`prod_name`,`prod_detail`,`prod_promotion`,`position`,`create_time`,`update_time`,`ticket_channel_id`,`joiner_name`,`brand_id`) values (1,1,1,0,0,0,0,'','','',0,'2016-09-23 18:30:08','0000-00-00 00:00:00',0,'高政平',0),(2,1,2,0,0,0,0,'','','',0,'2016-09-23 18:54:41','0000-00-00 00:00:00',0,'15807150000',0),(5,1,5,0,0,0,0,'','','',0,'2016-09-24 13:10:43','0000-00-00 00:00:00',0,'惹我',0),(7,1,7,0,0,0,0,'','','',0,'2016-09-24 13:34:45','0000-00-00 00:00:00',0,'单位名称',0),(9,1,9,0,0,0,0,'','','',0,'2016-09-24 13:38:24','0000-00-00 00:00:00',0,'单位名称',0),(10,1,10,0,0,0,0,'','','',0,'2016-09-24 13:38:33','0000-00-00 00:00:00',0,'单位名称',0),(11,1,11,0,0,0,0,'','','',0,'2016-09-24 13:38:44','0000-00-00 00:00:00',0,'尚格会展',0),(12,1,12,0,0,0,0,'','','',0,'2016-09-24 13:38:52','0000-00-00 00:00:00',0,'辅导费',0),(13,1,13,0,0,0,0,'','','',0,'2016-09-24 13:54:31','0000-00-00 00:00:00',0,'数字营销',0),(14,1,14,0,0,0,0,'','','',0,'2016-09-24 14:15:03','0000-00-00 00:00:00',0,'13712345678',0),(15,1,15,0,0,0,0,'','','',0,'2016-09-24 14:45:23','0000-00-00 00:00:00',0,'管委会',0),(16,1,16,0,0,0,0,'','','',0,'2016-09-24 14:50:24','0000-00-00 00:00:00',0,'爱上对方',0),(17,1,17,0,0,0,0,'','','',0,'2016-09-24 15:00:36','0000-00-00 00:00:00',0,'爱上对方',0),(18,1,18,0,0,0,0,'','','',0,'2016-09-24 15:12:27','0000-00-00 00:00:00',0,'撒旦法',0),(19,2,19,0,0,0,0,'','','',0,'2016-09-24 15:40:46','0000-00-00 00:00:00',0,'测试',0),(20,1,20,0,0,0,0,'','','',0,'2016-09-24 15:45:54','0000-00-00 00:00:00',0,'dsadsa',0),(21,2,7,0,0,0,0,'','','',0,'2016-09-24 16:07:42','0000-00-00 00:00:00',0,'单位名称',0),(22,1,21,0,0,0,0,'','','',0,'2016-09-24 16:12:33','0000-00-00 00:00:00',0,'单位名称',0),(23,1,22,0,0,0,0,'','','',0,'2016-09-24 16:14:22','0000-00-00 00:00:00',0,'单位名称',0),(24,2,23,0,0,0,0,'','','',0,'2016-09-24 16:20:04','0000-00-00 00:00:00',0,'临时测试',0),(25,1,24,0,0,0,0,'','','',0,'2016-09-24 18:13:25','0000-00-00 00:00:00',0,'123123',0),(26,2,5,0,0,0,0,'','','',0,'2016-09-24 18:58:23','0000-00-00 00:00:00',0,'惹我',0);

/*Table structure for table `zq_rel_exhibition_template` */

DROP TABLE IF EXISTS `zq_rel_exhibition_template`;

CREATE TABLE `zq_rel_exhibition_template` (
  `id` int(11) NOT NULL AUTO_INCREMENT,
  `template_id` int(11) NOT NULL DEFAULT '0' COMMENT '模板id',
  `exhibition_id` int(11) NOT NULL DEFAULT '0' COMMENT '展会id',
  `page_type` tinyint(2) NOT NULL COMMENT '页面类型',
  PRIMARY KEY (`id`),
  KEY `idx_template_id` (`template_id`) USING BTREE,
  KEY `idx_exhibition_id` (`exhibition_id`) USING BTREE
) ENGINE=InnoDB DEFAULT CHARSET=utf8 COLLATE=utf8_unicode_ci ROW_FORMAT=COMPACT;

/*Data for the table `zq_rel_exhibition_template` */

/*Table structure for table `zq_rel_exhibition_work_member` */

DROP TABLE IF EXISTS `zq_rel_exhibition_work_member`;

CREATE TABLE `zq_rel_exhibition_work_member` (
  `id` int(10) unsigned NOT NULL AUTO_INCREMENT,
  `exhibition_id` int(11) unsigned NOT NULL DEFAULT '0',
  `member_id` int(11) unsigned NOT NULL DEFAULT '0' COMMENT '展会工作人员ID',
  `organizer_id` int(11) unsigned NOT NULL,
  PRIMARY KEY (`id`),
  KEY `idx_exhibition_id` (`exhibition_id`) USING BTREE,
  KEY `idx_member_id` (`member_id`) USING BTREE,
  KEY `organizer_id` (`organizer_id`) USING BTREE,
  CONSTRAINT `zq_rel_exhibition_work_member_ibfk_2` FOREIGN KEY (`member_id`) REFERENCES `zq_member` (`id`) ON DELETE CASCADE ON UPDATE CASCADE,
  CONSTRAINT `zq_rel_exhibition_work_member_ibfk_3` FOREIGN KEY (`organizer_id`) REFERENCES `zq_organizer` (`id`) ON DELETE CASCADE ON UPDATE CASCADE
) ENGINE=InnoDB DEFAULT CHARSET=utf8 COLLATE=utf8_unicode_ci ROW_FORMAT=COMPACT;

/*Data for the table `zq_rel_exhibition_work_member` */

/*Table structure for table `zq_rel_joiner_member` */

DROP TABLE IF EXISTS `zq_rel_joiner_member`;

CREATE TABLE `zq_rel_joiner_member` (
  `id` int(11) unsigned NOT NULL AUTO_INCREMENT,
  `joiner_id` int(11) unsigned NOT NULL COMMENT '参展商ID',
  `member_id` int(11) unsigned NOT NULL COMMENT '工作人员ID',
  PRIMARY KEY (`id`),
  KEY `zq_rel_joiner_member_ibfk_1` (`joiner_id`) USING BTREE,
  KEY `zq_rel_joiner_member_ibfk_2` (`member_id`) USING BTREE,
  CONSTRAINT `zq_rel_joiner_member_ibfk_1` FOREIGN KEY (`joiner_id`) REFERENCES `zq_joiner` (`id`) ON DELETE CASCADE ON UPDATE CASCADE,
  CONSTRAINT `zq_rel_joiner_member_ibfk_2` FOREIGN KEY (`member_id`) REFERENCES `zq_member` (`id`) ON DELETE CASCADE ON UPDATE CASCADE
) ENGINE=InnoDB AUTO_INCREMENT=25 DEFAULT CHARSET=utf8 COLLATE=utf8_unicode_ci ROW_FORMAT=COMPACT;

/*Data for the table `zq_rel_joiner_member` */

insert  into `zq_rel_joiner_member`(`id`,`joiner_id`,`member_id`) values (1,1,27397),(2,2,27398),(3,3,27399),(4,4,27400),(5,5,27406),(6,6,27407),(7,7,27408),(8,8,27409),(9,9,27410),(10,10,27411),(11,11,27412),(12,12,27413),(13,13,27414),(14,14,27418),(15,15,27419),(16,16,27420),(17,17,27421),(18,18,27422),(19,19,27424),(20,20,27425),(21,21,27426),(22,22,27427),(23,23,27428),(24,24,27429);

/*Table structure for table `zq_rel_member_channel` */

DROP TABLE IF EXISTS `zq_rel_member_channel`;

CREATE TABLE `zq_rel_member_channel` (
  `id` int(11) NOT NULL AUTO_INCREMENT,
  `member_id` int(11) NOT NULL DEFAULT '0',
  `ticket_channel_id` int(11) NOT NULL,
  `exhibition_id` int(11) NOT NULL,
  `pwd` varchar(64) CHARACTER SET utf8 DEFAULT NULL,
  `update_time` timestamp NOT NULL DEFAULT CURRENT_TIMESTAMP ON UPDATE CURRENT_TIMESTAMP,
  `role` tinyint(4) DEFAULT '0' COMMENT '1、展商 2、发票员',
  PRIMARY KEY (`id`),
  KEY `idx_member_id` (`member_id`) USING BTREE,
  KEY `idx_ticket_channel_id` (`ticket_channel_id`) USING BTREE,
  KEY `idx_exhibition_id` (`exhibition_id`) USING BTREE
) ENGINE=InnoDB AUTO_INCREMENT=60 DEFAULT CHARSET=utf8 COLLATE=utf8_unicode_ci ROW_FORMAT=COMPACT;

/*Data for the table `zq_rel_member_channel` */

insert  into `zq_rel_member_channel`(`id`,`member_id`,`ticket_channel_id`,`exhibition_id`,`pwd`,`update_time`,`role`) values (1,27392,1,1,NULL,'2016-09-21 18:13:52',0),(2,27397,2,1,'210652','2016-09-23 18:30:08',1),(3,27398,5,1,'471252','2016-09-23 18:54:41',1),(4,27399,6,1,'083223','2016-09-23 18:56:43',1),(5,27400,7,1,'407379','2016-09-23 19:13:09',1),(6,27402,8,1,NULL,'2016-09-24 11:14:31',0),(7,27403,9,1,NULL,'2016-09-24 11:20:40',0),(9,27392,11,1,NULL,'2016-09-24 11:52:45',0),(10,27392,12,1,NULL,'2016-09-24 13:10:42',0),(11,27392,13,1,NULL,'2016-09-24 13:10:53',0),(12,27392,14,1,NULL,'2016-09-24 13:10:58',0),(13,27392,15,1,NULL,'2016-09-24 13:11:50',0),(14,27392,16,1,NULL,'2016-09-24 13:14:05',0),(15,27392,17,1,NULL,'2016-09-24 13:15:44',0),(16,27392,18,1,NULL,'2016-09-24 13:34:41',0),(17,27392,19,1,NULL,'2016-09-24 13:34:45',0),(18,27392,20,1,NULL,'2016-09-24 13:36:57',0),(19,27392,21,1,NULL,'2016-09-24 13:38:24',0),(20,27392,22,1,NULL,'2016-09-24 13:38:29',0),(21,27392,23,1,NULL,'2016-09-24 13:38:33',0),(22,27392,24,1,NULL,'2016-09-24 13:38:38',0),(23,27392,25,1,NULL,'2016-09-24 13:38:44',0),(24,27392,26,1,NULL,'2016-09-24 13:38:48',0),(25,27392,27,1,NULL,'2016-09-24 13:38:52',0),(26,27392,28,1,NULL,'2016-09-24 13:40:46',0),(27,27406,29,1,'946108','2016-09-24 13:41:55',1),(28,27392,30,1,NULL,'2016-09-24 13:54:31',0),(29,27392,31,1,NULL,'2016-09-24 14:14:00',0),(30,27392,32,1,NULL,'2016-09-24 14:14:02',0),(31,27392,33,1,NULL,'2016-09-24 14:14:27',0),(32,27392,34,1,NULL,'2016-09-24 14:14:34',0),(33,27392,35,1,NULL,'2016-09-24 14:15:03',0),(34,27392,36,1,NULL,'2016-09-24 14:31:04',0),(37,27392,44,1,NULL,'2016-09-24 14:54:57',0),(43,27420,51,1,'526690','2016-09-24 15:00:22',1),(44,27421,52,1,'596059','2016-09-24 15:00:36',1),(46,27422,54,1,'560367','2016-09-24 15:12:27',1),(47,27392,55,2,NULL,'2016-09-24 15:13:57',0),(48,27423,56,2,'210690','2016-09-24 15:14:43',2),(49,27424,57,2,'346733','2016-09-24 15:40:46',1),(50,27408,58,1,'105354','2016-09-24 15:43:09',1),(51,27412,59,1,'997187','2016-09-24 15:43:29',1),(52,27425,60,1,'906893','2016-09-24 15:45:54',1),(53,27413,61,1,'164741','2016-09-24 15:46:23',1),(54,27408,62,2,'105354','2016-09-24 16:07:42',1),(55,27426,63,1,'680362','2016-09-24 16:12:33',1),(56,27427,64,1,'473694','2016-09-24 16:14:22',1),(57,27428,65,2,'807488','2016-09-24 16:18:53',2),(58,27429,66,1,'172013','2016-09-24 18:13:25',1),(59,27406,67,2,'946108','2016-09-24 18:58:23',1);

/*Table structure for table `zq_rel_member_group` */

DROP TABLE IF EXISTS `zq_rel_member_group`;

CREATE TABLE `zq_rel_member_group` (
  `id` int(10) unsigned NOT NULL AUTO_INCREMENT,
  `member_id` int(11) unsigned NOT NULL DEFAULT '0',
  `group_id` int(11) unsigned NOT NULL DEFAULT '0' COMMENT '角色, 1:主办方, 2:参展方, 0:观众',
  PRIMARY KEY (`id`),
  UNIQUE KEY `idx_member_id_group_id` (`member_id`,`group_id`) USING BTREE,
  KEY `zq_rel_member_group_ibfk_2` (`group_id`) USING BTREE,
  CONSTRAINT `zq_rel_member_group_ibfk_1` FOREIGN KEY (`member_id`) REFERENCES `zq_member` (`id`) ON DELETE CASCADE ON UPDATE CASCADE,
  CONSTRAINT `zq_rel_member_group_ibfk_2` FOREIGN KEY (`group_id`) REFERENCES `zq_group` (`id`) ON DELETE CASCADE ON UPDATE CASCADE
) ENGINE=InnoDB DEFAULT CHARSET=utf8 ROW_FORMAT=COMPACT;

/*Data for the table `zq_rel_member_group` */

/*Table structure for table `zq_rel_member_organizer` */

DROP TABLE IF EXISTS `zq_rel_member_organizer`;

CREATE TABLE `zq_rel_member_organizer` (
  `id` int(11) unsigned NOT NULL AUTO_INCREMENT,
  `member_id` int(11) unsigned NOT NULL DEFAULT '0',
  `organizer_id` int(11) unsigned NOT NULL DEFAULT '0',
  PRIMARY KEY (`id`),
  KEY `member_id` (`member_id`) USING BTREE,
  KEY `organizer_id` (`organizer_id`) USING BTREE,
  CONSTRAINT `zq_rel_member_organizer_ibfk_1` FOREIGN KEY (`member_id`) REFERENCES `zq_member` (`id`) ON DELETE CASCADE ON UPDATE CASCADE,
  CONSTRAINT `zq_rel_member_organizer_ibfk_2` FOREIGN KEY (`organizer_id`) REFERENCES `zq_organizer` (`id`) ON DELETE CASCADE ON UPDATE CASCADE
) ENGINE=InnoDB DEFAULT CHARSET=utf8 COLLATE=utf8_unicode_ci ROW_FORMAT=COMPACT;

/*Data for the table `zq_rel_member_organizer` */

/*Table structure for table `zq_rel_organizer_alipay` */

DROP TABLE IF EXISTS `zq_rel_organizer_alipay`;

CREATE TABLE `zq_rel_organizer_alipay` (
  `id` int(11) unsigned NOT NULL AUTO_INCREMENT,
  `organizer_id` int(11) unsigned NOT NULL COMMENT '主办方ID',
  `alipay_id` int(11) unsigned NOT NULL COMMENT '支付宝ID',
  PRIMARY KEY (`id`),
  UNIQUE KEY `organizer_id_2` (`organizer_id`,`alipay_id`) USING BTREE,
  KEY `alipay_id` (`alipay_id`) USING BTREE,
  CONSTRAINT `zq_rel_organizer_alipay_ibfk_1` FOREIGN KEY (`alipay_id`) REFERENCES `zq_alipay` (`id`) ON DELETE CASCADE ON UPDATE CASCADE,
  CONSTRAINT `zq_rel_organizer_alipay_ibfk_2` FOREIGN KEY (`organizer_id`) REFERENCES `zq_organizer` (`id`) ON DELETE CASCADE ON UPDATE CASCADE
) ENGINE=InnoDB DEFAULT CHARSET=utf8 ROW_FORMAT=COMPACT;

/*Data for the table `zq_rel_organizer_alipay` */

/*Table structure for table `zq_rel_organizer_wechat` */

DROP TABLE IF EXISTS `zq_rel_organizer_wechat`;

CREATE TABLE `zq_rel_organizer_wechat` (
  `id` int(10) unsigned NOT NULL AUTO_INCREMENT,
  `organizer_id` int(11) unsigned NOT NULL DEFAULT '0' COMMENT '举办方ID',
  `wechat_id` int(11) unsigned NOT NULL DEFAULT '0' COMMENT '公众号ID',
  PRIMARY KEY (`id`),
  UNIQUE KEY `idx_organizer_id` (`organizer_id`,`wechat_id`) USING BTREE,
  KEY `organizer_id` (`organizer_id`) USING BTREE,
  KEY `wechat_id` (`wechat_id`) USING BTREE,
  CONSTRAINT `zq_rel_organizer_wechat_ibfk_1` FOREIGN KEY (`organizer_id`) REFERENCES `zq_organizer` (`id`) ON DELETE CASCADE ON UPDATE CASCADE,
  CONSTRAINT `zq_rel_organizer_wechat_ibfk_2` FOREIGN KEY (`wechat_id`) REFERENCES `zq_wechat` (`id`) ON DELETE CASCADE ON UPDATE CASCADE
) ENGINE=InnoDB DEFAULT CHARSET=utf8 COLLATE=utf8_unicode_ci ROW_FORMAT=COMPACT;

/*Data for the table `zq_rel_organizer_wechat` */

/*Table structure for table `zq_rel_ticket_cartypeinfo` */

DROP TABLE IF EXISTS `zq_rel_ticket_cartypeinfo`;

CREATE TABLE `zq_rel_ticket_cartypeinfo` (
  `id` int(11) unsigned NOT NULL AUTO_INCREMENT,
  `ticket_id` int(11) unsigned DEFAULT NULL,
  `cartype_id` int(11) DEFAULT NULL,
  PRIMARY KEY (`id`),
  KEY `ticket_id` (`ticket_id`) USING BTREE,
  CONSTRAINT `zq_rel_ticket_cartypeinfo_ibfk_1` FOREIGN KEY (`ticket_id`) REFERENCES `zq_ticket` (`id`)
) ENGINE=InnoDB DEFAULT CHARSET=utf8 ROW_FORMAT=COMPACT;

/*Data for the table `zq_rel_ticket_cartypeinfo` */

/*Table structure for table `zq_rel_ticket_lottery` */

DROP TABLE IF EXISTS `zq_rel_ticket_lottery`;

CREATE TABLE `zq_rel_ticket_lottery` (
  `id` int(11) NOT NULL AUTO_INCREMENT,
  `ticket_id` int(11) unsigned NOT NULL COMMENT '关联票',
  `lottery_project_id` int(11) unsigned NOT NULL COMMENT '关联抽奖项',
  `lottery_num` int(11) NOT NULL DEFAULT '0' COMMENT '抽奖次数',
  `created_at` datetime DEFAULT NULL COMMENT '创建时间',
  PRIMARY KEY (`id`),
  KEY `ticket_id` (`ticket_id`) USING BTREE,
  KEY `lottery_project_id` (`lottery_project_id`) USING BTREE
) ENGINE=InnoDB DEFAULT CHARSET=utf8 COLLATE=utf8_unicode_ci ROW_FORMAT=COMPACT;

/*Data for the table `zq_rel_ticket_lottery` */

/*Table structure for table `zq_remark` */

DROP TABLE IF EXISTS `zq_remark`;

CREATE TABLE `zq_remark` (
  `id` int(10) unsigned NOT NULL AUTO_INCREMENT,
  `pid` int(10) unsigned NOT NULL DEFAULT '0' COMMENT '父评论ID',
  `remark` text COLLATE utf8_unicode_ci COMMENT '评论',
  `exhibition_id` int(11) unsigned NOT NULL DEFAULT '0' COMMENT '展会ID',
  `score` int(11) unsigned NOT NULL DEFAULT '0' COMMENT '评分',
  `member_id` int(11) unsigned NOT NULL DEFAULT '0' COMMENT '评价者ID',
  PRIMARY KEY (`id`),
  KEY `exhibition_id` (`exhibition_id`) USING BTREE,
  CONSTRAINT `zq_remark_ibfk_1` FOREIGN KEY (`exhibition_id`) REFERENCES `zq_exhibition` (`id`) ON DELETE CASCADE ON UPDATE CASCADE
) ENGINE=InnoDB DEFAULT CHARSET=utf8 COLLATE=utf8_unicode_ci ROW_FORMAT=COMPACT;

/*Data for the table `zq_remark` */

/*Table structure for table `zq_reservation` */

DROP TABLE IF EXISTS `zq_reservation`;

CREATE TABLE `zq_reservation` (
  `id` int(10) unsigned NOT NULL AUTO_INCREMENT,
  `member_id` int(10) unsigned NOT NULL DEFAULT '0' COMMENT '观众ID',
  `exhibition_id` int(11) unsigned NOT NULL DEFAULT '0' COMMENT '预约的展会ID',
  `create_time` timestamp NOT NULL DEFAULT CURRENT_TIMESTAMP,
  PRIMARY KEY (`id`)
) ENGINE=InnoDB DEFAULT CHARSET=utf8 COLLATE=utf8_unicode_ci ROW_FORMAT=COMPACT;

/*Data for the table `zq_reservation` */

/*Table structure for table `zq_scan_logs` */

DROP TABLE IF EXISTS `zq_scan_logs`;

CREATE TABLE `zq_scan_logs` (
  `id` int(11) NOT NULL AUTO_INCREMENT,
  `exhibition_id` int(11) DEFAULT NULL COMMENT '展会id',
  `seqnum` varchar(32) DEFAULT NULL COMMENT '票码',
  `joiner_id` int(11) DEFAULT '0' COMMENT '参展商id',
  `name` char(50) DEFAULT NULL COMMENT '用户名称',
  `mobile` char(15) DEFAULT NULL COMMENT '手机号码',
  `brand` char(60) DEFAULT NULL COMMENT '意向品牌',
  `car_type` char(100) DEFAULT NULL COMMENT '意向车型',
  `tel_times` tinyint(3) DEFAULT '0' COMMENT '电话拨打次数',
  `certificate_type_id` int(11) DEFAULT '0' COMMENT '票证类型id',
  `scan_time` datetime DEFAULT NULL,
  PRIMARY KEY (`id`),
  KEY `exhibition_id` (`exhibition_id`) USING BTREE,
  KEY `joiner_id` (`joiner_id`) USING BTREE,
  KEY `seqnum` (`seqnum`) USING BTREE,
  KEY `brand` (`brand`) USING BTREE
) ENGINE=InnoDB DEFAULT CHARSET=utf8 ROW_FORMAT=COMPACT;

/*Data for the table `zq_scan_logs` */

/*Table structure for table `zq_send_ticket_cfg` */

DROP TABLE IF EXISTS `zq_send_ticket_cfg`;

CREATE TABLE `zq_send_ticket_cfg` (
  `id` int(11) NOT NULL AUTO_INCREMENT,
  `rel_member_channel_id` int(11) NOT NULL COMMENT '人员渠道关联id',
  `certificate_type_id` int(3) NOT NULL COMMENT '证书类型id',
  `max_num` int(11) NOT NULL DEFAULT '0' COMMENT '最多发送数量',
  `has_sent` int(11) NOT NULL DEFAULT '0' COMMENT '已经发送数据',
  `is_disable` tinyint(1) NOT NULL DEFAULT '0',
  PRIMARY KEY (`id`),
  KEY `idx_rel_member_channel_id` (`rel_member_channel_id`) USING BTREE,
  KEY `idx_certificate_type_id` (`certificate_type_id`) USING BTREE
) ENGINE=InnoDB AUTO_INCREMENT=52 DEFAULT CHARSET=utf8 COLLATE=utf8_unicode_ci ROW_FORMAT=COMPACT;

/*Data for the table `zq_send_ticket_cfg` */

insert  into `zq_send_ticket_cfg`(`id`,`rel_member_channel_id`,`certificate_type_id`,`max_num`,`has_sent`,`is_disable`) values (1,1,1,100000,0,0),(2,1,2,100000,0,0),(3,2,2,0,0,0),(4,4,2,0,0,0),(5,5,2,0,0,0),(6,6,2,0,0,0),(7,7,2,0,0,0),(9,9,2,0,0,0),(10,10,2,0,0,0),(11,11,2,0,0,0),(12,12,2,0,0,0),(13,13,2,0,0,0),(14,14,2,0,0,0),(15,15,2,0,0,0),(16,16,2,0,0,0),(17,17,2,0,0,0),(18,18,2,0,0,0),(19,19,2,0,0,0),(20,20,2,0,0,0),(21,21,2,0,0,0),(22,22,2,0,0,0),(23,23,2,0,0,0),(24,24,2,0,0,0),(25,25,2,0,0,0),(26,26,2,0,0,0),(27,27,2,0,0,0),(28,28,2,0,0,0),(29,29,2,0,0,0),(30,30,2,0,0,0),(31,31,2,0,0,0),(32,32,2,0,0,0),(33,33,2,0,0,0),(34,34,2,0,0,0),(35,37,2,0,0,0),(36,43,2,0,0,1),(37,44,2,0,0,1),(38,46,2,0,0,1),(39,47,3,100000,70,0),(40,48,3,20,0,0),(41,49,3,0,0,0),(42,50,2,0,0,0),(43,51,2,0,0,0),(44,52,2,0,0,0),(45,53,2,0,0,0),(46,54,3,0,0,0),(47,55,2,0,0,0),(48,56,2,0,0,0),(49,57,3,50,0,0),(50,58,2,0,0,0),(51,59,3,0,0,0);

/*Table structure for table `zq_set_sale_ticket` */

DROP TABLE IF EXISTS `zq_set_sale_ticket`;

CREATE TABLE `zq_set_sale_ticket` (
  `id` int(11) NOT NULL AUTO_INCREMENT COMMENT '自增id',
  `exhibition_id` int(11) NOT NULL COMMENT '展会id',
  `type` int(11) NOT NULL DEFAULT '1' COMMENT '限制类型：1、免费票、2、一元票',
  `limit_total_tickets` int(11) NOT NULL DEFAULT '0' COMMENT '限购总票数',
  `limit_day_tickets` int(11) NOT NULL DEFAULT '0' COMMENT '日限购总票数',
  `buy_start_time` int(11) NOT NULL COMMENT '购票开始时间 unix时间戳',
  `buy_end_time` int(11) NOT NULL COMMENT '购票结束时间 unix时间戳',
  `updated_time` int(11) NOT NULL COMMENT '记录修改时间 unix时间戳',
  `created_time` int(11) NOT NULL COMMENT '记录创建时间 unix时间戳',
  `modified_by` int(11) NOT NULL COMMENT '修改者',
  PRIMARY KEY (`id`)
) ENGINE=InnoDB DEFAULT CHARSET=utf8 COLLATE=utf8_bin ROW_FORMAT=COMPACT;

/*Data for the table `zq_set_sale_ticket` */

/*Table structure for table `zq_show_ position` */

DROP TABLE IF EXISTS `zq_show_ position`;

CREATE TABLE `zq_show_ position` (
  `id` int(11) unsigned NOT NULL AUTO_INCREMENT,
  PRIMARY KEY (`id`)
) ENGINE=InnoDB DEFAULT CHARSET=utf8 ROW_FORMAT=COMPACT;

/*Data for the table `zq_show_ position` */

/*Table structure for table `zq_sms_log` */

DROP TABLE IF EXISTS `zq_sms_log`;

CREATE TABLE `zq_sms_log` (
  `id` int(10) unsigned NOT NULL AUTO_INCREMENT,
  `exhibition_id` int(11) unsigned NOT NULL DEFAULT '0' COMMENT '展会ID',
  `name` char(50) COLLATE utf8_unicode_ci NOT NULL COMMENT '接收者姓名',
  `mobile` varchar(16) COLLATE utf8_unicode_ci NOT NULL DEFAULT '' COMMENT '手机号',
  `msg` varchar(255) COLLATE utf8_unicode_ci NOT NULL DEFAULT '' COMMENT '短信内容',
  `status` tinyint(3) unsigned NOT NULL DEFAULT '0',
  `create_time` timestamp NOT NULL DEFAULT CURRENT_TIMESTAMP,
  `create_by` int(10) unsigned NOT NULL,
  PRIMARY KEY (`id`),
  KEY `idx_mobile` (`mobile`) USING BTREE,
  KEY `fd_idx` (`create_by`) USING BTREE
) ENGINE=InnoDB AUTO_INCREMENT=79 DEFAULT CHARSET=utf8 COLLATE=utf8_unicode_ci ROW_FORMAT=COMPACT;

/*Data for the table `zq_sms_log` */

insert  into `zq_sms_log`(`id`,`exhibition_id`,`name`,`mobile`,`msg`,`status`,`create_time`,`create_by`) values (1,0,'18611698240','18611698240','尊敬的客户，请点击链接获取您的“西部博览会”电子票：http://dwz.sungoal.org/wimySE ，请提前领取保存为图片，至展馆入口处扫码进场，请妥善保存。【尚格会展】',1,'2016-09-22 20:08:56',0),(2,0,'13707174435','13707174435','尊敬的客户，请点击链接获取您的“西部博览会”电子票：http://dwz.sungoal.org/8oyEOv ，请提前领取保存为图片，至展馆入口处扫码进场，请妥善保存。【尚格会展】',1,'2016-09-23 10:43:36',0),(3,0,'18611698240','18611698240','尊敬的客户，请点击链接获取您的“西部博览会”电子票：http://dwz.sungoal.org/XygExe ，请提前领取保存为图片，至展馆入口处扫码进场，请妥善保存。【尚格会展】',1,'2016-09-23 17:41:05',0),(4,0,'18611698240','18611698240','尊敬的客户，请点击链接获取您的“西部博览会”电子票：http://dwz.sungoal.org/5nVY6k ，请提前领取保存为图片，至展馆入口处扫码进场，请妥善保存。【尚格会展】',1,'2016-09-23 18:07:30',0),(5,0,'18611698240','18611698240','尊敬的客户，请点击链接获取您的“西部博览会”电子票：http://dwz.sungoal.org/z3pxUB ，请提前领取保存为图片，至展馆入口处扫码进场，请妥善保存。【尚格会展】',1,'2016-09-23 18:08:29',0),(6,0,'18611698240','18611698240','尊敬的客户，请点击链接获取您的“西部博览会”电子票：http://dwz.sungoal.org/uVzyxd ，请提前领取保存为图片，至展馆入口处扫码进场，请妥善保存。【尚格会展】',1,'2016-09-23 18:11:35',0),(7,0,'15172329209','15172329209','尊敬的客户，请点击链接获取您的“西部博览会”电子票：http://dwz.sungoal.org/SiFq5n ，请提前领取保存为图片，至展馆入口处扫码进场，请妥善保存。【尚格会展】',1,'2016-09-23 18:23:09',0),(8,0,'15100000000','15100000000','尊敬的客户，请点击链接获取您的“西部博览会”电子票：http://dwz.sungoal.org/eFbDQ5 ，请提前领取保存为图片，至展馆入口处扫码进场，请妥善保存。【尚格会展】',1,'2016-09-23 18:26:53',0),(9,1,'高枕苹果','18566663333','您已成功成为西部博览会展商，点击链接http://dwz.sungoal.org/lsn5nj ，用户名：18566663333 密码：210652【尚格会展】',1,'2016-09-23 18:30:09',27392),(10,0,'18611698240','18611698240','尊敬的客户，请点击链接获取您的“西部博览会”电子票：http://dwz.sungoal.org/aqVmdO ，请提前领取保存为图片，至展馆入口处扫码进场，请妥善保存。【尚格会展】',1,'2016-09-23 18:36:14',0),(11,0,'18611698240','18611698240','尊敬的客户，请点击链接获取您的“西部博览会”电子票：http://dwz.sungoal.org/kEMQZN ，请提前领取保存为图片，至展馆入口处扫码进场，请妥善保存。【尚格会展】',1,'2016-09-23 18:45:50',0),(12,0,'18611698240','18611698240','尊敬的客户，请点击链接获取您的“西部博览会”电子票：http://dwz.sungoal.org/ZA8C7d ，请提前领取保存为图片，至展馆入口处扫码进场，请妥善保存。【尚格会展】',1,'2016-09-23 18:49:38',0),(13,0,'18611698240','18611698240','尊敬的客户，请点击链接获取您的“西部博览会”电子票：http://dwz.sungoal.org/wo35nO ，请提前领取保存为图片，至展馆入口处扫码进场，请妥善保存。【尚格会展】',1,'2016-09-23 18:55:12',0),(14,1,'15807150053','15807150053','您已成功获得“西部博览会”分配权，点击链接登陆http://dwz.sungoal.org/sR8Qbd ，用户名：15807150053 密码：083223【尚格会展】',1,'2016-09-23 18:56:44',27392),(15,0,'18611698240','18611698240','尊敬的客户，请点击链接获取您的“西部博览会”电子票：http://dwz.sungoal.org/EPxMEB ，请提前领取保存为图片，至展馆入口处扫码进场，请妥善保存。【尚格会展】',1,'2016-09-23 18:58:12',0),(16,0,'18611698240','18611698240','尊敬的客户，请点击链接获取您的“西部博览会”电子票：http://dwz.sungoal.org/NhSkRR ，请提前领取保存为图片，至展馆入口处扫码进场，请妥善保存。【尚格会展】',1,'2016-09-23 19:03:54',0),(17,0,'18611698240','18611698240','尊敬的客户，请点击链接获取您的“西部博览会”电子票：http://dwz.sungoal.org/2qgJB8 ，请提前领取保存为图片，至展馆入口处扫码进场，请妥善保存。【尚格会展】',1,'2016-09-23 19:06:24',0),(18,1,'15807150058','15807150058','您已成功获得“西部博览会”分配权，点击链接登陆http://dwz.sungoal.org/3NSkYB ，用户名：15807150058 密码：407379【尚格会展】',1,'2016-09-23 19:13:09',27392),(19,0,'151723292091','151723292091','尊敬的客户，请点击链接获取您的“西部博览会”电子票：http://dwz.sungoal.org/Wl3aO1 ，请提前领取保存为图片，至展馆入口处扫码进场，请妥善保存。【尚格会展】',0,'2016-09-23 19:23:21',0),(20,0,'18611698240','18611698240','尊敬的客户，请点击链接获取您的“西部博览会”电子票：http://dwz.sungoal.org/gR5Pdh ，请提前领取保存为图片，至展馆入口处扫码进场，请妥善保存。【尚格会展】',1,'2016-09-24 10:05:25',0),(21,1,'15807150003','15807150003','您已成功获得“西部博览会”分配权，点击链接登陆http://dwz.sungoal.org/sjdEDa ，用户名：15807150003 密码：089627【尚格会展】',1,'2016-09-24 11:52:47',27392),(22,1,'二恶','18500000003','您已成功获得“西部博览会”分配权，点击链接登陆http://dwz.sungoal.org/YeQxmE ，用户名：18500000003 密码：946108【尚格会展】',1,'2016-09-24 13:10:43',27392),(23,1,'二恶','18500000003','您已成功获得“西部博览会”分配权，点击链接登陆http://dwz.sungoal.org/zmIcEs ，用户名：18500000003 密码：946108【尚格会展】',1,'2016-09-24 13:10:53',27392),(24,1,'二恶','18500000003','您已成功获得“西部博览会”分配权，点击链接登陆http://dwz.sungoal.org/6tmpY3 ，用户名：18500000003 密码：946108【尚格会展】',1,'2016-09-24 13:10:59',27392),(25,1,'二恶','18500000003','您已成功获得“西部博览会”分配权，点击链接登陆http://dwz.sungoal.org/ytlqfY ，用户名：18500000003 密码：946108【尚格会展】',1,'2016-09-24 13:11:50',27392),(26,1,'13800138000','13800138000','您已成功获得“西部博览会”分配权，点击链接登陆http://dwz.sungoal.org/JURBGM ，用户名：13800138000 密码：077967【尚格会展】',1,'2016-09-24 13:14:06',27392),(27,1,'二恶','18500000003','您已成功获得“西部博览会”分配权，点击链接登陆http://dwz.sungoal.org/kCfvv2 ，用户名：18500000003 密码：946108【尚格会展】',1,'2016-09-24 13:15:44',27392),(28,1,'二恶','18500000003','您已成功获得“西部博览会”分配权，点击链接登陆http://dwz.sungoal.org/lLtqCe ，用户名：18500000003 密码：946108【尚格会展】',1,'2016-09-24 13:34:41',27392),(29,1,'姓名1','15807150057','您已成功获得“西部博览会”分配权，点击链接登陆http://dwz.sungoal.org/f4Wpo2 ，用户名：15807150057 密码：105354【尚格会展】',1,'2016-09-24 13:34:45',27392),(30,1,'13800100101','13800100101','您已成功获得“西部博览会”分配权，点击链接登陆http://dwz.sungoal.org/sz9a9j ，用户名：13800100101 密码：501526【尚格会展】',1,'2016-09-24 13:36:57',27392),(31,1,'姓名1','15807150051','您已成功获得“西部博览会”分配权，点击链接登陆http://dwz.sungoal.org/QPSbrZ ，用户名：15807150051 密码：702228【尚格会展】',1,'2016-09-24 13:38:29',27392),(32,1,'姓名1','15807150051','您已成功获得“西部博览会”分配权，点击链接登陆http://dwz.sungoal.org/3szQI9 ，用户名：15807150051 密码：702228【尚格会展】',1,'2016-09-24 13:38:29',27392),(33,1,'姓名1','15807150050','您已成功获得“西部博览会”分配权，点击链接登陆http://dwz.sungoal.org/Bs3ABd ，用户名：15807150050 密码：532279【尚格会展】',1,'2016-09-24 13:38:33',27392),(34,1,'姓名1','15807150057','您已成功获得“西部博览会”分配权，点击链接登陆http://dwz.sungoal.org/2mxkHy ，用户名：15807150057 密码：105354【尚格会展】',1,'2016-09-24 13:38:39',27392),(35,1,'张默默','18502756288','您已成功获得“西部博览会”分配权，点击链接登陆http://dwz.sungoal.org/iodkmI ，用户名：18502756288 密码：997187【尚格会展】',1,'2016-09-24 13:38:44',27392),(36,1,'二恶','18500000003','您已成功获得“西部博览会”分配权，点击链接登陆http://dwz.sungoal.org/S1JXft ，用户名：18500000003 密码：946108【尚格会展】',1,'2016-09-24 13:38:48',27392),(37,1,'防守对方','18500000002','您已成功获得“西部博览会”分配权，点击链接登陆http://dwz.sungoal.org/LOmBQQ ，用户名：18500000002 密码：164741【尚格会展】',1,'2016-09-24 13:38:52',27392),(38,1,'姓名3','15807150057','您已成功获得“西部博览会”分配权，点击链接登陆http://dwz.sungoal.org/RD2GBl ，用户名：15807150057 密码：105354【尚格会展】',1,'2016-09-24 13:40:47',27392),(39,1,'二恶','18500000003','您已成功成为西部博览会展商，点击链接http://dwz.sungoal.org/lMsWKU ，用户名：18500000003 密码：946108【尚格会展】',1,'2016-09-24 13:41:56',27392),(40,1,'高政平','13707174431','您已成功获得“西部博览会”分配权，点击链接登陆http://dwz.sungoal.org/tUldkw ，用户名：13707174431 密码：413253【尚格会展】',1,'2016-09-24 13:54:31',27392),(41,0,'15111111111','15111111111','尊敬的客户，请点击链接获取您的“西部博览会”电子票：http://dwz.sungoal.org/sJKZFf ，请提前领取保存为图片，至展馆入口处扫码进场，请妥善保存。【尚格会展】',1,'2016-09-24 13:58:33',0),(42,0,'15122222222','15122222222','尊敬的客户，请点击链接获取您的“西部博览会”电子票：http://dwz.sungoal.org/fhQPIl ，请提前领取保存为图片，至展馆入口处扫码进场，请妥善保存。【尚格会展】',1,'2016-09-24 13:58:34',0),(43,0,'15133333333','15133333333','尊敬的客户，请点击链接获取您的“西部博览会”电子票：http://dwz.sungoal.org/qWTTmm ，请提前领取保存为图片，至展馆入口处扫码进场，请妥善保存。【尚格会展】',1,'2016-09-24 13:58:35',0),(44,1,'姓名3','15807150057','您已成功获得“西部博览会”分配权，点击链接登陆http://dwz.sungoal.org/Ir2wyu ，用户名：15807150057 密码：105354【尚格会展】',1,'2016-09-24 14:14:00',27392),(45,1,'姓名3','15807150057','您已成功获得“西部博览会”分配权，点击链接登陆http://dwz.sungoal.org/cUyc3R ，用户名：15807150057 密码：105354【尚格会展】',1,'2016-09-24 14:14:03',27392),(46,1,'防守对方','18500000002','您已成功获得“西部博览会”分配权，点击链接登陆http://dwz.sungoal.org/rVcebt ，用户名：18500000002 密码：164741【尚格会展】',1,'2016-09-24 14:14:28',27392),(47,1,'张默默','18502756288','您已成功获得“西部博览会”分配权，点击链接登陆http://dwz.sungoal.org/5ZL9Ld ，用户名：18502756288 密码：997187【尚格会展】',1,'2016-09-24 14:14:35',27392),(48,1,'13712345678','13712345678','您已成功获得“西部博览会”分配权，点击链接登陆http://dwz.sungoal.org/bfDCpf ，用户名：13712345678 密码：359420【尚格会展】',1,'2016-09-24 14:15:03',27392),(49,1,'防守对方','18500000002','您已成功获得“西部博览会”分配权，点击链接登陆http://dwz.sungoal.org/Tw1rQ0 ，用户名：18500000002 密码：164741【尚格会展】',1,'2016-09-24 14:31:04',27392),(50,1,'张默默','18502756288','您已成功获得“西部博览会”分配权，点击链接登陆http://dwz.sungoal.org/D8JE2A ，用户名：18502756288 密码：997187【尚格会展】',1,'2016-09-24 14:54:57',27392),(51,1,'农家家','15899996665','您已成功获得“西部博览会”分配权，点击链接登陆http://dwz.sungoal.org/a9cF13 ，用户名：15899996665 密码：526690【尚格会展】',1,'2016-09-24 15:00:23',27392),(52,1,'农家家','15899996667','您已成功获得“西部博览会”分配权，点击链接登陆http://dwz.sungoal.org/GwIk2y ，用户名：15899996667 密码：596059【尚格会展】',1,'2016-09-24 15:00:36',27392),(53,1,'爱上对方','13622223333','您已成功获得“西部博览会”分配权，点击链接登陆http://dwz.sungoal.org/uM9zAM ，用户名：13622223333 密码：560367【尚格会展】',1,'2016-09-24 15:12:29',27392),(54,2,'高镇平','13566662220','您已成功成为西部2展商，点击链接http://dwz.sungoal.org/yo5aQm ，用户名：13566662220 密码：210690【尚格会展】',1,'2016-09-24 15:14:43',27392),(55,2,'测试','15866663333','您已成功获得“西部2”分配权，点击链接登陆http://dwz.sungoal.org/QFzzke ，用户名：15866663333 密码：346733【尚格会展】',1,'2016-09-24 15:40:48',27392),(56,1,'姓名3','15807150057','您已成功获得“西部博览会”分配权，点击链接登陆http://dwz.sungoal.org/wgJH9h ，用户名：15807150057 密码：105354【尚格会展】',1,'2016-09-24 15:43:12',27392),(57,1,'张默默','18502756288','您已成功获得“西部博览会”分配权，点击链接登陆http://dwz.sungoal.org/qPSm3d ，用户名：18502756288 密码：997187【尚格会展】',1,'2016-09-24 15:43:30',27392),(58,1,'dsd','18500000001','您已成功获得“西部博览会”分配权，点击链接登陆http://dwz.sungoal.org/0P55k8 ，用户名：18500000001 密码：906893【尚格会展】',1,'2016-09-24 15:45:56',27392),(59,1,'防守对方','18500000002','您已成功获得“西部博览会”分配权，点击链接登陆http://dwz.sungoal.org/QrVD5r ，用户名：18500000002 密码：164741【尚格会展】',1,'2016-09-24 15:46:24',27392),(60,2,'姓名3','15807150057','您已成功获得“西部2”分配权，点击链接登陆http://dwz.sungoal.org/yRXpnm ，用户名：15807150057 密码：105354【尚格会展】',1,'2016-09-24 16:07:43',27392),(61,1,'姓名1','15807150012','您已成功获得“西部博览会”分配权，点击链接登陆http://dwz.sungoal.org/Ju3xTd ，用户名：15807150012 密码：680362【尚格会展】',1,'2016-09-24 16:12:39',27392),(62,1,'姓名1','15807150013','您已成功获得“西部博览会”分配权，点击链接登陆http://dwz.sungoal.org/qhY8xC ，用户名：15807150013 密码：473694【尚格会展】',1,'2016-09-24 16:14:22',27392),(63,2,'高数','15699996666','您已成功成为西部2展商，点击链接http://dwz.sungoal.org/m2rAw2 ，用户名：15699996666 密码：807488【尚格会展】',1,'2016-09-24 16:18:53',27392),(64,1,'123123','13812341234','您已成功获得“西部博览会”分配权，点击链接登陆http://dwz.sungoal.org/quzFIm ，用户名：13812341234 密码：172013【尚格会展】',1,'2016-09-24 18:13:29',27392),(65,2,'二恶','18500000003','您已成功获得“西部2”分配权，点击链接登陆http://dwz.sungoal.org/nBeHnt ，用户名：18500000003 密码：946108【尚格会展】',1,'2016-09-24 18:58:23',27392),(66,0,'13707174430','13707174430','尊敬的客户，请点击链接获取您的“西部博览会”电子票：http://dwz.sungoal.org/iYBNuJ ，请提前领取保存为图片，至展馆入口处扫码进场，请妥善保存。【尚格会展】',1,'2016-09-24 22:11:02',0),(67,0,'13707174431','13707174431','尊敬的客户，请点击链接获取您的“西部博览会”电子票：http://dwz.sungoal.org/33KN1p ，请提前领取保存为图片，至展馆入口处扫码进场，请妥善保存。【尚格会展】',1,'2016-09-24 22:12:41',0),(68,0,'18966663335','18966663335','尊敬的客户，请点击链接获取您的“西部博览会”电子票：http://dwz.sungoal.org/2ZwwI5 ，请提前领取保存为图片，至展馆入口处扫码进场，请妥善保存。【尚格会展】',1,'2016-09-24 22:15:55',0),(69,0,'15866663333','15866663333','尊敬的客户，请点击链接获取您的“西部博览会”电子票：http://dwz.sungoal.org/21VC1y ，请提前领取保存为图片，至展馆入口处扫码进场，请妥善保存。【尚格会展】',1,'2016-09-24 22:16:30',0),(70,0,'15966663333','15966663333','尊敬的客户，请点击链接获取您的“西部博览会”电子票：http://dwz.sungoal.org/1QS5oZ ，请提前领取保存为图片，至展馆入口处扫码进场，请妥善保存。【尚格会展】',1,'2016-09-24 22:18:08',0),(71,0,'15899963254','15899963254','尊敬的客户，请点击链接获取您的“西部博览会”电子票：http://dwz.sungoal.org/rkNApG ，请提前领取保存为图片，至展馆入口处扫码进场，请妥善保存。【尚格会展】',1,'2016-09-24 22:27:41',0),(72,0,'15966660002','15966660002','尊敬的客户，请点击链接获取您的“西部博览会”电子票：http://dwz.sungoal.org/lfoWkq ，请提前领取保存为图片，至展馆入口处扫码进场，请妥善保存。【尚格会展】',1,'2016-09-24 22:38:25',0),(73,0,'15866665489','15866665489','尊敬的客户，请点击链接获取您的“西部博览会”电子票：http://dwz.sungoal.org/gtui7n ，请提前领取保存为图片，至展馆入口处扫码进场，请妥善保存。【尚格会展】',1,'2016-09-24 22:39:47',0),(74,0,'15869666333','15869666333','尊敬的客户，请点击链接获取您的“西部博览会”电子票：http://dwz.sungoal.org/FsPcon ，请提前领取保存为图片，至展馆入口处扫码进场，请妥善保存。【尚格会展】',1,'2016-09-24 22:40:48',0),(75,0,'18566663332','18566663332','尊敬的客户，请点击链接获取您的“西部博览会”电子票：http://dwz.sungoal.org/5HEIL2 ，请提前领取保存为图片，至展馆入口处扫码进场，请妥善保存。【尚格会展】',1,'2016-09-24 22:41:57',0),(76,0,'15860002252','15860002252','尊敬的客户，请点击链接获取您的“西部博览会”电子票：http://dwz.sungoal.org/TxsfXt ，请提前领取保存为图片，至展馆入口处扫码进场，请妥善保存。【尚格会展】',1,'2016-09-24 22:42:39',0),(77,0,'15833336666','15833336666','尊敬的客户，请点击链接获取您的“西部博览会”电子票：http://dwz.sungoal.org/34j0D9 ，请提前领取保存为图片，至展馆入口处扫码进场，请妥善保存。【尚格会展】',1,'2016-09-24 22:43:30',0),(78,0,'15833336667','15833336667','尊敬的客户，请点击链接获取您的“西部博览会”电子票：http://dwz.sungoal.org/cZFqFU ，请提前领取保存为图片，至展馆入口处扫码进场，请妥善保存。【尚格会展】',1,'2016-09-24 22:45:27',0);

/*Table structure for table `zq_socket_link_info` */

DROP TABLE IF EXISTS `zq_socket_link_info`;

CREATE TABLE `zq_socket_link_info` (
  `member_id` int(11) NOT NULL DEFAULT '0' COMMENT '用户id',
  `fd` char(32) COLLATE utf8_unicode_ci NOT NULL COMMENT 'socket链接号',
  `joiner_id` int(11) NOT NULL DEFAULT '0' COMMENT '展商id',
  `car_brand_id` int(11) NOT NULL DEFAULT '0' COMMENT '展商品牌id',
  `exhibition_id` int(11) NOT NULL DEFAULT '0' COMMENT '展会id',
  `create_time` datetime NOT NULL,
  UNIQUE KEY `exhibition_id` (`exhibition_id`,`member_id`) USING BTREE
) ENGINE=InnoDB DEFAULT CHARSET=utf8 COLLATE=utf8_unicode_ci ROW_FORMAT=COMPACT;

/*Data for the table `zq_socket_link_info` */

/*Table structure for table `zq_sys_messages` */

DROP TABLE IF EXISTS `zq_sys_messages`;

CREATE TABLE `zq_sys_messages` (
  `id` int(11) NOT NULL AUTO_INCREMENT,
  `from_member_id` int(11) NOT NULL DEFAULT '0' COMMENT '消息发送人',
  `to_member_id` int(11) NOT NULL DEFAULT '0' COMMENT '消息接收人',
  `title` varchar(30) COLLATE utf8_unicode_ci NOT NULL,
  `msg` text COLLATE utf8_unicode_ci NOT NULL COMMENT '消息内容',
  `exhibition_id` int(11) NOT NULL DEFAULT '0' COMMENT '展会id',
  `msg_type` int(3) NOT NULL DEFAULT '0' COMMENT '消息类型 1、票证分发  2、商机匹配 3、优惠活动 4、产品发布',
  `is_read` tinyint(1) NOT NULL DEFAULT '0' COMMENT '是否阅读',
  `link_label` varchar(50) COLLATE utf8_unicode_ci DEFAULT NULL,
  `pc_url` varchar(255) COLLATE utf8_unicode_ci DEFAULT NULL,
  `m_url` varchar(255) COLLATE utf8_unicode_ci DEFAULT NULL,
  `created_at` datetime NOT NULL,
  `update_at` datetime NOT NULL,
  PRIMARY KEY (`id`),
  KEY `to_member_id` (`to_member_id`) USING BTREE,
  KEY `exhibition_id` (`exhibition_id`) USING BTREE,
  KEY `is_read` (`is_read`) USING BTREE,
  KEY `msg_type` (`msg_type`) USING BTREE
) ENGINE=InnoDB AUTO_INCREMENT=46 DEFAULT CHARSET=utf8 COLLATE=utf8_unicode_ci ROW_FORMAT=COMPACT;

/*Data for the table `zq_sys_messages` */

insert  into `zq_sys_messages`(`id`,`from_member_id`,`to_member_id`,`title`,`msg`,`exhibition_id`,`msg_type`,`is_read`,`link_label`,`pc_url`,`m_url`,`created_at`,`update_at`) values (1,27392,27397,'票证分发','您已成功获得“西部博览会”分配权',1,1,0,'前往发票','/index.php?r=ticketout%2Fcertificate-type%2Findex&sort=-id&exhibitionId=1','/index.php?r=ticketout%2Fdefault%2Findex&exhibitionId=1','2016-09-23 18:28:21','2016-09-23 18:28:21'),(2,27392,27399,'票证分发','您已成功获得“西部博览会”分配权',1,1,0,'前往发票','/index.php?r=ticketout%2Fcertificate-type%2Findex&sort=-id&exhibitionId=1','/index.php?r=ticketout%2Fdefault%2Findex&exhibitionId=1','2016-09-23 18:56:40','2016-09-23 18:56:40'),(3,27392,27400,'票证分发','您已成功获得“西部博览会”分配权',1,1,0,'前往发票','/index.php?r=ticketout%2Fcertificate-type%2Findex&sort=-id&exhibitionId=1','/index.php?r=ticketout%2Fdefault%2Findex&exhibitionId=1','2016-09-23 19:13:05','2016-09-23 19:13:05'),(4,27392,27405,'票证分发','您已成功获得“西部博览会”分配权',1,1,0,'前往发票','/index.php?r=ticketout%2Fcertificate-type%2Findex&sort=-id&exhibitionId=1','/index.php?r=ticketout%2Fdefault%2Findex&exhibitionId=1','2016-09-24 11:52:44','2016-09-24 11:52:44'),(5,27392,27406,'票证分发','您已成功获得“西部博览会”分配权',1,1,0,'前往发票','/index.php?r=ticketout%2Fcertificate-type%2Findex&sort=-id&exhibitionId=1','/index.php?r=ticketout%2Fdefault%2Findex&exhibitionId=1','2016-09-24 13:10:40','2016-09-24 13:10:40'),(6,27392,27406,'票证分发','您已成功获得“西部博览会”分配权',1,1,0,'前往发票','/index.php?r=ticketout%2Fcertificate-type%2Findex&sort=-id&exhibitionId=1','/index.php?r=ticketout%2Fdefault%2Findex&exhibitionId=1','2016-09-24 13:10:50','2016-09-24 13:10:50'),(7,27392,27406,'票证分发','您已成功获得“西部博览会”分配权',1,1,0,'前往发票','/index.php?r=ticketout%2Fcertificate-type%2Findex&sort=-id&exhibitionId=1','/index.php?r=ticketout%2Fdefault%2Findex&exhibitionId=1','2016-09-24 13:10:55','2016-09-24 13:10:55'),(8,27392,27406,'票证分发','您已成功获得“西部博览会”分配权',1,1,0,'前往发票','/index.php?r=ticketout%2Fcertificate-type%2Findex&sort=-id&exhibitionId=1','/index.php?r=ticketout%2Fdefault%2Findex&exhibitionId=1','2016-09-24 13:11:47','2016-09-24 13:11:47'),(9,27392,27407,'票证分发','您已成功获得“西部博览会”分配权',1,1,0,'前往发票','/index.php?r=ticketout%2Fcertificate-type%2Findex&sort=-id&exhibitionId=1','/index.php?r=ticketout%2Fdefault%2Findex&exhibitionId=1','2016-09-24 13:14:02','2016-09-24 13:14:02'),(10,27392,27406,'票证分发','您已成功获得“西部博览会”分配权',1,1,0,'前往发票','/index.php?r=ticketout%2Fcertificate-type%2Findex&sort=-id&exhibitionId=1','/index.php?r=ticketout%2Fdefault%2Findex&exhibitionId=1','2016-09-24 13:15:41','2016-09-24 13:15:41'),(11,27392,27406,'票证分发','您已成功获得“西部博览会”分配权',1,1,0,'前往发票','/index.php?r=ticketout%2Fcertificate-type%2Findex&sort=-id&exhibitionId=1','/index.php?r=ticketout%2Fdefault%2Findex&exhibitionId=1','2016-09-24 13:34:38','2016-09-24 13:34:38'),(12,27392,27408,'票证分发','您已成功获得“西部博览会”分配权',1,1,0,'前往发票','/index.php?r=ticketout%2Fcertificate-type%2Findex&sort=-id&exhibitionId=1','/index.php?r=ticketout%2Fdefault%2Findex&exhibitionId=1','2016-09-24 13:34:42','2016-09-24 13:34:42'),(13,27392,27409,'票证分发','您已成功获得“西部博览会”分配权',1,1,0,'前往发票','/index.php?r=ticketout%2Fcertificate-type%2Findex&sort=-id&exhibitionId=1','/index.php?r=ticketout%2Fdefault%2Findex&exhibitionId=1','2016-09-24 13:36:54','2016-09-24 13:36:54'),(14,27392,27410,'票证分发','您已成功获得“西部博览会”分配权',1,1,0,'前往发票','/index.php?r=ticketout%2Fcertificate-type%2Findex&sort=-id&exhibitionId=1','/index.php?r=ticketout%2Fdefault%2Findex&exhibitionId=1','2016-09-24 13:38:25','2016-09-24 13:38:25'),(15,27392,27410,'票证分发','您已成功获得“西部博览会”分配权',1,1,0,'前往发票','/index.php?r=ticketout%2Fcertificate-type%2Findex&sort=-id&exhibitionId=1','/index.php?r=ticketout%2Fdefault%2Findex&exhibitionId=1','2016-09-24 13:38:26','2016-09-24 13:38:26'),(16,27392,27411,'票证分发','您已成功获得“西部博览会”分配权',1,1,0,'前往发票','/index.php?r=ticketout%2Fcertificate-type%2Findex&sort=-id&exhibitionId=1','/index.php?r=ticketout%2Fdefault%2Findex&exhibitionId=1','2016-09-24 13:38:30','2016-09-24 13:38:30'),(17,27392,27408,'票证分发','您已成功获得“西部博览会”分配权',1,1,0,'前往发票','/index.php?r=ticketout%2Fcertificate-type%2Findex&sort=-id&exhibitionId=1','/index.php?r=ticketout%2Fdefault%2Findex&exhibitionId=1','2016-09-24 13:38:35','2016-09-24 13:38:35'),(18,27392,27412,'票证分发','您已成功获得“西部博览会”分配权',1,1,0,'前往发票','/index.php?r=ticketout%2Fcertificate-type%2Findex&sort=-id&exhibitionId=1','/index.php?r=ticketout%2Fdefault%2Findex&exhibitionId=1','2016-09-24 13:38:41','2016-09-24 13:38:41'),(19,27392,27406,'票证分发','您已成功获得“西部博览会”分配权',1,1,0,'前往发票','/index.php?r=ticketout%2Fcertificate-type%2Findex&sort=-id&exhibitionId=1','/index.php?r=ticketout%2Fdefault%2Findex&exhibitionId=1','2016-09-24 13:38:45','2016-09-24 13:38:45'),(20,27392,27413,'票证分发','您已成功获得“西部博览会”分配权',1,1,0,'前往发票','/index.php?r=ticketout%2Fcertificate-type%2Findex&sort=-id&exhibitionId=1','/index.php?r=ticketout%2Fdefault%2Findex&exhibitionId=1','2016-09-24 13:38:49','2016-09-24 13:38:49'),(21,27392,27408,'票证分发','您已成功获得“西部博览会”分配权',1,1,0,'前往发票','/index.php?r=ticketout%2Fcertificate-type%2Findex&sort=-id&exhibitionId=1','/index.php?r=ticketout%2Fdefault%2Findex&exhibitionId=1','2016-09-24 13:40:43','2016-09-24 13:40:43'),(22,27392,27406,'票证分发','您已成功获得“西部博览会”分配权',1,1,0,'前往发票','/index.php?r=ticketout%2Fcertificate-type%2Findex&sort=-id&exhibitionId=1','/index.php?r=ticketout%2Fdefault%2Findex&exhibitionId=1','2016-09-24 13:40:10','2016-09-24 13:40:10'),(23,27392,27414,'票证分发','您已成功获得“西部博览会”分配权',1,1,0,'前往发票','/index.php?r=ticketout%2Fcertificate-type%2Findex&sort=-id&exhibitionId=1','/index.php?r=ticketout%2Fdefault%2Findex&exhibitionId=1','2016-09-24 13:52:45','2016-09-24 13:52:45'),(24,27392,27408,'票证分发','您已成功获得“西部博览会”分配权',1,1,0,'前往发票','/index.php?r=ticketout%2Fcertificate-type%2Findex&sort=-id&exhibitionId=1','/index.php?r=ticketout%2Fdefault%2Findex&exhibitionId=1','2016-09-24 14:13:57','2016-09-24 14:13:57'),(25,27392,27408,'票证分发','您已成功获得“西部博览会”分配权',1,1,0,'前往发票','/index.php?r=ticketout%2Fcertificate-type%2Findex&sort=-id&exhibitionId=1','/index.php?r=ticketout%2Fdefault%2Findex&exhibitionId=1','2016-09-24 14:14:00','2016-09-24 14:14:00'),(26,27392,27413,'票证分发','您已成功获得“西部博览会”分配权',1,1,0,'前往发票','/index.php?r=ticketout%2Fcertificate-type%2Findex&sort=-id&exhibitionId=1','/index.php?r=ticketout%2Fdefault%2Findex&exhibitionId=1','2016-09-24 14:14:24','2016-09-24 14:14:24'),(27,27392,27412,'票证分发','您已成功获得“西部博览会”分配权',1,1,0,'前往发票','/index.php?r=ticketout%2Fcertificate-type%2Findex&sort=-id&exhibitionId=1','/index.php?r=ticketout%2Fdefault%2Findex&exhibitionId=1','2016-09-24 14:14:32','2016-09-24 14:14:32'),(28,27392,27418,'票证分发','您已成功获得“西部博览会”分配权',1,1,0,'前往发票','/index.php?r=ticketout%2Fcertificate-type%2Findex&sort=-id&exhibitionId=1','/index.php?r=ticketout%2Fdefault%2Findex&exhibitionId=1','2016-09-24 14:15:00','2016-09-24 14:15:00'),(29,27392,27413,'票证分发','您已成功获得“西部博览会”分配权',1,1,0,'前往发票','/index.php?r=ticketout%2Fcertificate-type%2Findex&sort=-id&exhibitionId=1','/index.php?r=ticketout%2Fdefault%2Findex&exhibitionId=1','2016-09-24 14:31:01','2016-09-24 14:31:01'),(30,27392,27412,'票证分发','您已成功获得“西部博览会”分配权',1,1,0,'前往发票','/index.php?r=ticketout%2Fcertificate-type%2Findex&sort=-id&exhibitionId=1','/index.php?r=ticketout%2Fdefault%2Findex&exhibitionId=1','2016-09-24 14:54:54','2016-09-24 14:54:54'),(31,27392,27420,'票证分发','您已成功获得“西部博览会”分配权',1,1,0,'前往发票','/index.php?r=ticketout%2Fcertificate-type%2Findex&sort=-id&exhibitionId=1','/index.php?r=ticketout%2Fdefault%2Findex&exhibitionId=1','2016-09-24 14:58:37','2016-09-24 14:58:37'),(32,27392,27421,'票证分发','您已成功获得“西部博览会”分配权',1,1,0,'前往发票','/index.php?r=ticketout%2Fcertificate-type%2Findex&sort=-id&exhibitionId=1','/index.php?r=ticketout%2Fdefault%2Findex&exhibitionId=1','2016-09-24 14:58:50','2016-09-24 14:58:50'),(33,27392,27422,'票证分发','您已成功获得“西部博览会”分配权',1,1,0,'前往发票','/index.php?r=ticketout%2Fcertificate-type%2Findex&sort=-id&exhibitionId=1','/index.php?r=ticketout%2Fdefault%2Findex&exhibitionId=1','2016-09-24 15:10:43','2016-09-24 15:10:43'),(34,27392,27423,'票证分发','您已成功获得“西部2”20张电子票分配权',2,1,0,'前往发票','/index.php?r=ticketout%2Fcertificate-type%2Findex&sort=-id&exhibitionId=2','/index.php?r=ticketout%2Fdefault%2Findex&exhibitionId=2','2016-09-24 15:12:57','2016-09-24 15:12:57'),(35,27392,27424,'票证分发','您已成功获得“西部2”分配权',2,1,0,'前往发票','/index.php?r=ticketout%2Fcertificate-type%2Findex&sort=-id&exhibitionId=2','/index.php?r=ticketout%2Fdefault%2Findex&exhibitionId=2','2016-09-24 15:39:02','2016-09-24 15:39:02'),(36,27392,27408,'票证分发','您已成功获得“西部博览会”分配权',1,1,0,'前往发票','/index.php?r=ticketout%2Fcertificate-type%2Findex&sort=-id&exhibitionId=1','/index.php?r=ticketout%2Fdefault%2Findex&exhibitionId=1','2016-09-24 15:41:27','2016-09-24 15:41:27'),(37,27392,27412,'票证分发','您已成功获得“西部博览会”分配权',1,1,0,'前往发票','/index.php?r=ticketout%2Fcertificate-type%2Findex&sort=-id&exhibitionId=1','/index.php?r=ticketout%2Fdefault%2Findex&exhibitionId=1','2016-09-24 15:41:44','2016-09-24 15:41:44'),(38,27392,27425,'票证分发','您已成功获得“西部博览会”分配权',1,1,0,'前往发票','/index.php?r=ticketout%2Fcertificate-type%2Findex&sort=-id&exhibitionId=1','/index.php?r=ticketout%2Fdefault%2Findex&exhibitionId=1','2016-09-24 15:44:10','2016-09-24 15:44:10'),(39,27392,27413,'票证分发','您已成功获得“西部博览会”分配权',1,1,0,'前往发票','/index.php?r=ticketout%2Fcertificate-type%2Findex&sort=-id&exhibitionId=1','/index.php?r=ticketout%2Fdefault%2Findex&exhibitionId=1','2016-09-24 15:44:38','2016-09-24 15:44:38'),(40,27392,27408,'票证分发','您已成功获得“西部2”分配权',2,1,0,'前往发票','/index.php?r=ticketout%2Fcertificate-type%2Findex&sort=-id&exhibitionId=2','/index.php?r=ticketout%2Fdefault%2Findex&exhibitionId=2','2016-09-24 16:07:40','2016-09-24 16:07:40'),(41,27392,27426,'票证分发','您已成功获得“西部博览会”分配权',1,1,0,'前往发票','/index.php?r=ticketout%2Fcertificate-type%2Findex&sort=-id&exhibitionId=1','/index.php?r=ticketout%2Fdefault%2Findex&exhibitionId=1','2016-09-24 16:12:36','2016-09-24 16:12:36'),(42,27392,27427,'票证分发','您已成功获得“西部博览会”分配权',1,1,0,'前往发票','/index.php?r=ticketout%2Fcertificate-type%2Findex&sort=-id&exhibitionId=1','/index.php?r=ticketout%2Fdefault%2Findex&exhibitionId=1','2016-09-24 16:14:19','2016-09-24 16:14:19'),(43,27392,27428,'票证分发','您已成功获得“西部2”50张电子票分配权',2,1,0,'前往发票','/index.php?r=ticketout%2Fcertificate-type%2Findex&sort=-id&exhibitionId=2','/index.php?r=ticketout%2Fdefault%2Findex&exhibitionId=2','2016-09-24 16:17:07','2016-09-24 16:17:07'),(44,27392,27429,'票证分发','您已成功获得“西部博览会”分配权',1,1,0,'前往发票','/index.php?r=ticketout%2Fcertificate-type%2Findex&sort=-id&exhibitionId=1','/index.php?r=ticketout%2Fdefault%2Findex&exhibitionId=1','2016-09-24 18:13:26','2016-09-24 18:13:26'),(45,27392,27406,'票证分发','您已成功获得“西部2”分配权',2,1,0,'前往发票','/index.php?r=ticketout%2Fcertificate-type%2Findex&sort=-id&exhibitionId=2','/index.php?r=ticketout%2Fdefault%2Findex&exhibitionId=2','2016-09-24 18:58:20','2016-09-24 18:58:20');

/*Table structure for table `zq_template` */

DROP TABLE IF EXISTS `zq_template`;

CREATE TABLE `zq_template` (
  `id` int(11) NOT NULL AUTO_INCREMENT,
  `title` varchar(50) CHARACTER SET utf8 NOT NULL COMMENT '模板标题',
  `industy_id` tinyint(3) NOT NULL DEFAULT '0' COMMENT '模板所属展会类型',
  `show_pic` varchar(125) CHARACTER SET utf8 NOT NULL COMMENT '模板缩微图',
  `save_path` varchar(125) CHARACTER SET utf8 NOT NULL COMMENT '模板存放路径',
  `create_time` datetime NOT NULL,
  PRIMARY KEY (`id`),
  KEY `idx_industy_id` (`industy_id`) USING BTREE
) ENGINE=InnoDB DEFAULT CHARSET=utf8 COLLATE=utf8_unicode_ci ROW_FORMAT=COMPACT;

/*Data for the table `zq_template` */

/*Table structure for table `zq_template_form` */

DROP TABLE IF EXISTS `zq_template_form`;

CREATE TABLE `zq_template_form` (
  `id` int(11) NOT NULL AUTO_INCREMENT,
  `org_id` int(11) NOT NULL COMMENT '主办方id',
  `label` varchar(30) CHARACTER SET utf8 NOT NULL COMMENT '标签名称',
  `form_type` tinyint(1) NOT NULL COMMENT '表单类型1、单行文本2、多行文本3、单选4、多选5、下拉菜单6、联动子菜单',
  `child_id` int(11) NOT NULL DEFAULT '0' COMMENT '联动菜单的子项目id',
  `exhibition_id` int(11) NOT NULL COMMENT '展会id',
  `prompt` varchar(50) CHARACTER SET utf8 NOT NULL COMMENT '提示语',
  PRIMARY KEY (`id`),
  KEY `idx_org_id` (`org_id`) USING BTREE,
  KEY `idx_form_type` (`form_type`) USING BTREE
) ENGINE=InnoDB DEFAULT CHARSET=utf8 COLLATE=utf8_unicode_ci ROW_FORMAT=COMPACT;

/*Data for the table `zq_template_form` */

/*Table structure for table `zq_template_form_linkage_value` */

DROP TABLE IF EXISTS `zq_template_form_linkage_value`;

CREATE TABLE `zq_template_form_linkage_value` (
  `id` int(11) NOT NULL,
  `item_name` varchar(100) CHARACTER SET utf8 NOT NULL COMMENT '字段名称',
  `item_value` varchar(100) CHARACTER SET utf8 NOT NULL COMMENT '字段值',
  `item_type` tinyint(1) NOT NULL DEFAULT '0' COMMENT '字段类型1、父级2、子集',
  `form_id` int(11) NOT NULL,
  `parent_id` int(11) NOT NULL COMMENT '父级id',
  PRIMARY KEY (`id`),
  KEY `idx_form_id` (`form_id`) USING BTREE,
  KEY `idx_item_type` (`item_type`) USING BTREE,
  KEY `idx_paren_id` (`parent_id`) USING BTREE
) ENGINE=InnoDB DEFAULT CHARSET=utf8 COLLATE=utf8_unicode_ci ROW_FORMAT=COMPACT;

/*Data for the table `zq_template_form_linkage_value` */

/*Table structure for table `zq_template_form_value` */

DROP TABLE IF EXISTS `zq_template_form_value`;

CREATE TABLE `zq_template_form_value` (
  `id` int(11) NOT NULL,
  `form_id` int(11) NOT NULL,
  `item_name` varchar(100) COLLATE utf8_unicode_ci NOT NULL COMMENT '字段名',
  `item_value` varchar(100) CHARACTER SET utf8 NOT NULL COMMENT '字段值',
  PRIMARY KEY (`id`),
  KEY `idx_form_id` (`form_id`) USING BTREE
) ENGINE=InnoDB DEFAULT CHARSET=utf8 COLLATE=utf8_unicode_ci ROW_FORMAT=COMPACT;

/*Data for the table `zq_template_form_value` */

/*Table structure for table `zq_template_old` */

DROP TABLE IF EXISTS `zq_template_old`;

CREATE TABLE `zq_template_old` (
  `id` int(10) unsigned NOT NULL AUTO_INCREMENT,
  `cat` int(11) unsigned NOT NULL DEFAULT '0' COMMENT '抢购、免费索票',
  `title` varchar(64) COLLATE utf8_unicode_ci NOT NULL DEFAULT '' COMMENT '标题',
  `banner_url` varchar(256) COLLATE utf8_unicode_ci NOT NULL DEFAULT '' COMMENT '广告URL',
  `about` varchar(256) COLLATE utf8_unicode_ci NOT NULL DEFAULT '' COMMENT '关于',
  `news` varchar(256) COLLATE utf8_unicode_ci NOT NULL DEFAULT '' COMMENT '新闻',
  PRIMARY KEY (`id`)
) ENGINE=InnoDB DEFAULT CHARSET=utf8 COLLATE=utf8_unicode_ci ROW_FORMAT=COMPACT;

/*Data for the table `zq_template_old` */

/*Table structure for table `zq_ticket` */

DROP TABLE IF EXISTS `zq_ticket`;

CREATE TABLE `zq_ticket` (
  `id` int(11) unsigned NOT NULL AUTO_INCREMENT,
  `member_id` int(11) unsigned NOT NULL DEFAULT '0' COMMENT '发票人用户id',
  `to_member_id` int(11) NOT NULL DEFAULT '0',
  `exhibition_id` int(11) unsigned NOT NULL DEFAULT '0' COMMENT '展会ID',
  `channel_cat` tinyint(3) unsigned NOT NULL DEFAULT '0' COMMENT '渠道类型',
  `channel_id` int(11) unsigned NOT NULL DEFAULT '0' COMMENT '渠道ID',
  `seqnum` varchar(32) CHARACTER SET utf8 NOT NULL DEFAULT '' COMMENT '序列码',
  `qr_img_url` varchar(256) COLLATE utf8_unicode_ci NOT NULL DEFAULT '' COMMENT '二维码url',
  `create_time` timestamp NOT NULL DEFAULT CURRENT_TIMESTAMP,
  `use_time` datetime DEFAULT NULL COMMENT '使用票的时间',
  `status` tinyint(3) unsigned NOT NULL DEFAULT '0' COMMENT '状态码, 0:票串码已生成, 1:票已与观众绑定, 2:票已使用, 3:票被作废',
  `receiver` varchar(64) CHARACTER SET utf8 DEFAULT NULL COMMENT '电子票接收者',
  `mobile` char(24) COLLATE utf8_unicode_ci DEFAULT '0' COMMENT '接受者电话',
  `certificate_type_id` int(11) DEFAULT '0' COMMENT '证件类型',
  `is_disable` tinyint(1) NOT NULL DEFAULT '0' COMMENT '是否禁用   0：未禁用  1：禁用',
  `buyer_member_id` int(11) NOT NULL DEFAULT '0',
  `is_online_buy` tinyint(1) NOT NULL DEFAULT '0' COMMENT '是否在线购买',
  `is_syn` tinyint(1) NOT NULL DEFAULT '0' COMMENT '是否已经与轧机同步禁用状态   0：未同步 1：已同步',
  `openid` char(32) CHARACTER SET utf8 DEFAULT NULL,
  `times` int(3) DEFAULT '0' COMMENT '入场次数',
  `is_reset` tinyint(1) unsigned DEFAULT '0' COMMENT '是否是撤回禁用标识    奇数表示启动禁用，偶数表示撤回禁用',
  `identify_card_number` varchar(20) COLLATE utf8_unicode_ci DEFAULT NULL COMMENT '身份证号码',
  `scan_by_member_id` tinyint(1) DEFAULT NULL COMMENT '扫描入场人',
  `intention_id` int(11) DEFAULT NULL COMMENT '商机匹配id',
  `share_user_id` int(11) DEFAULT '0' COMMENT '分享用户id',
  PRIMARY KEY (`id`),
  UNIQUE KEY `exhibition_id` (`exhibition_id`,`seqnum`) USING BTREE,
  KEY `idx_certificate_type_id` (`certificate_type_id`) USING BTREE,
  KEY `idx_mobile` (`mobile`) USING BTREE,
  KEY `idx_is_online_buy` (`is_online_buy`) USING BTREE,
  KEY `idx_is_syn` (`is_syn`) USING BTREE,
  KEY `index_to_member_id` (`to_member_id`) USING BTREE
) ENGINE=InnoDB AUTO_INCREMENT=35 DEFAULT CHARSET=utf8 COLLATE=utf8_unicode_ci ROW_FORMAT=COMPACT;

/*Data for the table `zq_ticket` */

insert  into `zq_ticket`(`id`,`member_id`,`to_member_id`,`exhibition_id`,`channel_cat`,`channel_id`,`seqnum`,`qr_img_url`,`create_time`,`use_time`,`status`,`receiver`,`mobile`,`certificate_type_id`,`is_disable`,`buyer_member_id`,`is_online_buy`,`is_syn`,`openid`,`times`,`is_reset`,`identify_card_number`,`scan_by_member_id`,`intention_id`,`share_user_id`) values (2,0,27394,1,0,0,'mf3205396a','','2016-09-23 10:41:47',NULL,0,'高政平','13707174435',0,0,0,1,0,'',0,0,'420104198101022010',NULL,NULL,0),(3,0,27393,1,0,0,'mf9f97e1f3','','2016-09-23 17:40:37',NULL,0,'柳树','18611698240',0,0,0,1,0,'',0,0,'420684198209090057',NULL,NULL,0),(4,0,27393,1,0,0,'mfc52b4c09','','2016-09-23 18:07:03',NULL,0,'姓名','18611698240',0,0,0,1,0,'',0,0,'420684198209090057',NULL,NULL,0),(5,0,27393,1,0,0,'mf42c84b89','','2016-09-23 18:08:02',NULL,0,'姓名','18611698240',0,0,0,1,0,'',0,0,'420684198209090057',NULL,NULL,0),(6,0,27393,1,0,0,'mff4e15761','','2016-09-23 18:11:08',NULL,0,'姓名','18611698240',0,0,0,1,0,'',0,0,'420684198209090057',NULL,NULL,0),(7,0,27395,1,8,0,'mf7cfbe5df','','2016-09-23 18:23:16',NULL,0,'test1','15172329209',0,0,0,1,0,'',0,0,NULL,NULL,NULL,0),(8,0,27396,1,0,0,'mf2aed254d','','2016-09-23 18:27:00',NULL,0,'test1','15100000000',0,0,0,1,0,'',0,0,NULL,NULL,NULL,85),(9,0,27393,1,0,0,'mf8f3ae8e1','','2016-09-23 18:35:47',NULL,0,'姓名','18611698240',0,0,0,1,0,'',0,0,'420684198209090057',NULL,NULL,0),(10,0,27393,1,0,0,'mf5b54311c','','2016-09-23 18:45:23',NULL,0,'姓名','18611698240',0,0,0,1,0,'',0,0,'420684198209090057',NULL,NULL,0),(11,0,27393,1,0,0,'mf8d43a510','','2016-09-23 18:49:12',NULL,0,'姓名','18611698240',0,0,0,1,0,'',0,0,'420684198209090057',NULL,NULL,0),(12,0,27393,1,0,0,'mf3bb576aa','','2016-09-23 18:54:45',NULL,0,'姓名','18611698240',0,0,0,1,0,'',0,0,'420684198209090057',NULL,NULL,0),(13,0,27393,1,0,0,'mfd672870d','','2016-09-23 18:57:43',NULL,0,'姓名','18611698240',0,0,0,1,0,'',0,0,'420684198209090057',NULL,NULL,0),(14,0,27393,1,0,0,'mffe7d6b9c','','2016-09-23 19:03:26',NULL,0,'星星','18611698240',0,0,0,1,0,'',0,0,'420684198209090057',NULL,NULL,0),(15,0,27393,1,0,0,'mf20dcd9de','','2016-09-23 19:05:56',NULL,0,'星星','18611698240',0,0,0,1,0,'',0,0,'420684198209090057',NULL,NULL,0),(16,0,27401,1,0,0,'mffe0926ed','','2016-09-23 19:23:27',NULL,0,'test1','151723292091',0,0,0,1,0,'',0,0,NULL,NULL,NULL,82),(17,0,27393,1,0,0,'mf37d0cf48','','2016-09-24 10:04:52',NULL,0,'姓名','18611698240',0,0,0,1,0,'',0,0,'420684198209090057',NULL,NULL,0),(18,0,27415,1,0,0,'mf3644f915','','2016-09-24 13:58:32',NULL,0,'test1','15111111111',0,0,0,1,0,'',0,0,NULL,NULL,NULL,8),(19,0,27416,1,0,0,'mf8ce47809','','2016-09-24 13:58:33',NULL,0,'test2','15122222222',0,0,0,1,0,'',0,0,NULL,NULL,NULL,8),(20,0,27417,1,0,0,'mf4d784cda','','2016-09-24 13:58:34',NULL,0,'test3','15133333333',0,0,0,1,0,'',0,0,NULL,NULL,NULL,8),(21,0,27430,1,0,0,'mf401255f2','','2016-09-24 22:09:17',NULL,0,'asdf','13707174430',0,0,0,1,0,'',0,0,NULL,NULL,NULL,0),(22,0,27414,1,0,0,'mfd93cdba5','','2016-09-24 22:10:55',NULL,0,'asdf','13707174431',0,0,0,1,0,'',0,0,NULL,NULL,NULL,0),(23,0,27431,1,0,0,'mf7069fee9','','2016-09-24 22:12:47',NULL,0,'答复','18966665555',0,0,0,1,0,'',0,0,NULL,NULL,NULL,0),(24,0,27432,1,0,0,'mf74304566','','2016-09-24 22:14:10',NULL,0,'啊发生','18966663335',0,0,0,1,0,'',0,0,NULL,NULL,NULL,0),(25,0,27424,1,0,0,'mf8c622c26','','2016-09-24 22:14:44',NULL,0,'老李','15866663333',0,0,0,1,0,'',0,0,NULL,NULL,NULL,0),(26,0,27433,1,0,0,'mfabc7619d','','2016-09-24 22:16:22',NULL,0,'类型的','15966663333',0,0,0,1,0,'',0,0,NULL,NULL,NULL,0),(27,0,27434,1,0,0,'mf3e91c9c1','','2016-09-24 22:25:52',NULL,0,'爱上对方','15899963254',0,0,0,1,0,'',0,0,NULL,NULL,NULL,0),(28,0,27435,1,0,0,'mfd79dcd9f','','2016-09-24 22:36:38',NULL,0,'爱上对方','15966660002',0,0,0,1,0,'',0,0,NULL,NULL,NULL,0),(29,0,27436,1,0,0,'mf19ca3aa2','','2016-09-24 22:38:02',NULL,0,'爱上对方','15866665489',0,0,0,1,0,'',0,0,NULL,NULL,NULL,0),(30,0,27437,1,0,0,'mf92726913','','2016-09-24 22:39:03',NULL,0,'爱上对方','15869666333',0,0,0,1,0,'',0,0,NULL,NULL,NULL,0),(31,0,27438,1,0,0,'mf123c5c8f','','2016-09-24 22:40:12',NULL,0,'爱上对方','18566663332',0,0,0,1,0,'',0,0,NULL,NULL,NULL,0),(32,0,27439,1,0,0,'mfc79c79e9','','2016-09-24 22:40:54',NULL,0,'爱上对方','15860002252',0,0,0,1,0,'',0,0,NULL,NULL,NULL,0),(33,0,27440,1,0,0,'mfc6628cda','','2016-09-24 22:41:45',NULL,0,'搞','15833336666',0,0,0,1,0,'',0,0,NULL,NULL,NULL,0),(34,0,27441,1,0,0,'mf7171f314','','2016-09-24 22:43:41',NULL,0,'搞','15833336667',0,0,0,1,0,'',0,0,NULL,NULL,NULL,0);

/*Table structure for table `zq_ticket_attr_page_cfg` */

DROP TABLE IF EXISTS `zq_ticket_attr_page_cfg`;

CREATE TABLE `zq_ticket_attr_page_cfg` (
  `id` int(11) NOT NULL AUTO_INCREMENT,
  `exhibition_id` int(11) NOT NULL DEFAULT '0' COMMENT '展会id',
  `ticket_attribute` tinyint(2) NOT NULL DEFAULT '0' COMMENT '票证属性',
  `joiner_id` int(11) NOT NULL DEFAULT '0' COMMENT '参展方id',
  `qr_space_left` int(4) DEFAULT NULL COMMENT '二维码距离左边框距离',
  `qr_space_top` int(4) DEFAULT NULL COMMENT '二维码距离上边框距离',
  `ad_img_url` varchar(100) COLLATE utf8_unicode_ci DEFAULT NULL COMMENT '广告图片地址',
  `ticket_background_url` varchar(100) COLLATE utf8_unicode_ci DEFAULT NULL COMMENT '背景图片地址',
  `ticket_url` varchar(100) COLLATE utf8_unicode_ci DEFAULT NULL COMMENT '电子票地址',
  `use_roles` text COLLATE utf8_unicode_ci COMMENT '使用规则',
  `ticket_type` tinyint(1) NOT NULL DEFAULT '0' COMMENT '票证类型 0、赠票 1、在线电子票',
  `create_time` datetime DEFAULT NULL,
  `update_time` datetime DEFAULT NULL,
  PRIMARY KEY (`id`),
  KEY `idx_exhibition_id` (`exhibition_id`) USING BTREE,
  KEY `idx_joiner_id` (`joiner_id`) USING BTREE,
  KEY `idx_ticket_type` (`ticket_type`) USING BTREE
) ENGINE=InnoDB DEFAULT CHARSET=utf8 COLLATE=utf8_unicode_ci ROW_FORMAT=COMPACT;

/*Data for the table `zq_ticket_attr_page_cfg` */

/*Table structure for table `zq_ticket_channel` */

DROP TABLE IF EXISTS `zq_ticket_channel`;

CREATE TABLE `zq_ticket_channel` (
  `id` int(10) unsigned NOT NULL AUTO_INCREMENT,
  `pid` int(11) unsigned NOT NULL DEFAULT '0',
  `fid` int(11) NOT NULL DEFAULT '0' COMMENT '父级id',
  `name` varchar(128) COLLATE utf8_unicode_ci NOT NULL DEFAULT '' COMMENT '渠道名称',
  `can_config_child` tinyint(3) unsigned NOT NULL DEFAULT '1' COMMENT '是否可以建下级渠道',
  `can_send_child` tinyint(3) unsigned NOT NULL DEFAULT '1' COMMENT '是否可以给下级批量发票',
  `recv` int(11) unsigned NOT NULL DEFAULT '0' COMMENT '收票数量',
  `send` int(11) unsigned NOT NULL DEFAULT '0' COMMENT '发票数量',
  `exhibition_id` int(11) NOT NULL DEFAULT '0' COMMENT '展会id',
  `industry_id` int(11) NOT NULL DEFAULT '0' COMMENT '展会行业（类型）id',
  `is_disable` tinyint(1) NOT NULL DEFAULT '0' COMMENT '是否禁用',
  PRIMARY KEY (`id`),
  KEY `idx_fid` (`fid`) USING BTREE,
  KEY `idx_pid` (`pid`) USING BTREE,
  KEY `exhibition_id` (`exhibition_id`) USING BTREE
) ENGINE=InnoDB AUTO_INCREMENT=68 DEFAULT CHARSET=utf8 COLLATE=utf8_unicode_ci ROW_FORMAT=COMPACT;

/*Data for the table `zq_ticket_channel` */

insert  into `zq_ticket_channel`(`id`,`pid`,`fid`,`name`,`can_config_child`,`can_send_child`,`recv`,`send`,`exhibition_id`,`industry_id`,`is_disable`) values (1,27392,0,'西部博览会',1,1,0,0,1,6,0),(2,27392,1,'高政平',1,1,0,0,1,0,0),(3,27392,1,'15807150000',0,0,0,0,1,0,0),(4,27392,1,'15807150000',0,0,0,0,1,0,0),(5,27392,1,'15807150000',0,0,0,0,1,0,0),(6,27392,1,'15807150053',0,0,0,0,1,0,0),(7,27392,1,'15807150058',0,0,0,0,1,0,0),(8,27392,1,'15807150001',0,0,0,0,1,0,0),(9,27392,1,'15807150002',0,0,0,0,1,0,0),(11,27392,1,'15807150003',0,0,0,0,1,0,0),(12,27392,1,'惹我',0,0,0,0,1,0,0),(13,27392,1,'惹我',0,0,0,0,1,0,0),(14,27392,1,'惹我',0,0,0,0,1,0,0),(15,27392,1,'惹我',0,0,0,0,1,0,0),(16,27392,1,'13800138000',0,0,0,0,1,0,0),(17,27392,1,'惹我',0,0,0,0,1,0,0),(18,27392,1,'惹我',0,0,0,0,1,0,0),(19,27392,1,'单位名称',0,0,0,0,1,0,0),(20,27392,1,'13800100101',0,0,0,0,1,0,0),(21,27392,1,'单位名称',0,0,0,0,1,0,0),(22,27392,1,'单位名称',0,0,0,0,1,0,0),(23,27392,1,'单位名称',0,0,0,0,1,0,0),(24,27392,1,'单位名称',0,0,0,0,1,0,0),(25,27392,1,'尚格会展',0,0,0,0,1,0,0),(26,27392,1,'惹我',0,0,0,0,1,0,0),(27,27392,1,'辅导费',0,0,0,0,1,0,0),(28,27392,1,'单位名称',0,0,0,0,1,0,0),(29,27392,1,'答复',1,1,0,0,1,0,0),(30,27392,1,'数字营销',0,0,0,0,1,0,0),(31,27392,1,'单位名称',0,0,0,0,1,0,0),(32,27392,1,'单位名称',0,0,0,0,1,0,0),(33,27392,1,'辅导费',0,0,0,0,1,0,0),(34,27392,1,'尚格会展',0,0,0,0,1,0,0),(35,27392,1,'13712345678',0,0,0,0,1,0,0),(36,27392,1,'辅导费',0,0,0,0,1,0,0),(38,27392,1,'管委会',1,1,0,0,1,0,0),(39,27392,1,'爱上对方',1,1,0,0,1,0,0),(40,27392,1,'爱上对方',1,1,0,0,1,0,0),(41,27392,1,'爱上对方',1,1,0,0,1,0,0),(42,27392,1,'爱上对方',1,1,0,0,1,0,0),(44,27392,1,'尚格会展',0,0,0,0,1,0,0),(50,27392,1,'爱上对方',1,1,0,0,1,0,0),(51,27392,1,'爱上对方',1,1,0,0,1,0,1),(52,27392,1,'爱上对方',1,1,0,0,1,0,1),(54,27392,1,'撒旦法',1,1,0,0,1,0,1),(55,27392,0,'西部2',1,1,0,0,2,6,0),(56,27392,55,'高枕',0,0,0,0,2,0,0),(57,27392,55,'测试',1,1,0,0,2,0,0),(58,27392,1,'单位名称',1,1,0,0,1,0,0),(59,27392,1,'尚格会展',1,1,0,0,1,0,0),(60,27392,1,'dsadsa',1,1,0,0,1,0,0),(61,27392,1,'辅导费',1,1,0,0,1,0,0),(62,27392,55,'单位名称',1,1,0,0,2,0,0),(63,27392,1,'单位名称',1,1,0,0,1,0,0),(64,27392,1,'单位名称',1,1,0,0,1,0,0),(65,27392,55,'临时测试',0,0,0,0,2,0,0),(66,27392,1,'123123',1,1,0,0,1,0,0),(67,27392,55,'惹我',1,1,0,0,2,0,0);

/*Table structure for table `zq_ticket_discount` */

DROP TABLE IF EXISTS `zq_ticket_discount`;

CREATE TABLE `zq_ticket_discount` (
  `id` int(11) NOT NULL AUTO_INCREMENT,
  `exhibition_id` int(11) NOT NULL DEFAULT '0' COMMENT '展会id',
  `page_id` int(11) NOT NULL DEFAULT '0' COMMENT '页面id',
  `ticket_count` int(4) NOT NULL DEFAULT '1' COMMENT '购票数量，默认1张，数量不同，折扣不同',
  `price_discount` int(4) NOT NULL DEFAULT '100' COMMENT '折扣，默认100，即无折扣，用户只能输入整数，如90%',
  `add_time` timestamp NOT NULL DEFAULT '0000-00-00 00:00:00' COMMENT '创建时间',
  `update_time` timestamp NOT NULL DEFAULT '0000-00-00 00:00:00' COMMENT '修改时间',
  PRIMARY KEY (`id`),
  KEY `exhibition_id` (`exhibition_id`) USING BTREE,
  KEY `pages_id` (`page_id`) USING BTREE,
  KEY `ticket_count` (`ticket_count`) USING BTREE
) ENGINE=InnoDB DEFAULT CHARSET=utf8 COLLATE=utf8_unicode_ci ROW_FORMAT=COMPACT;

/*Data for the table `zq_ticket_discount` */

/*Table structure for table `zq_ticket_ext` */

DROP TABLE IF EXISTS `zq_ticket_ext`;

CREATE TABLE `zq_ticket_ext` (
  `id` int(11) NOT NULL AUTO_INCREMENT COMMENT '主键ID',
  `seqnum` varchar(32) NOT NULL COMMENT '二维码',
  `eid` int(11) DEFAULT '1' COMMENT '展会ID',
  `idnum` varchar(80) DEFAULT '' COMMENT '身份证',
  `age` tinyint(3) DEFAULT '0' COMMENT '年龄',
  `receiver` char(64) DEFAULT NULL COMMENT '接收票人的姓名',
  `mobile` char(24) DEFAULT NULL COMMENT '手机',
  `make_name` varchar(80) DEFAULT '' COMMENT '预购品牌',
  `type_series_name` varchar(80) DEFAULT '' COMMENT '预购车型',
  `payment` char(200) DEFAULT '' COMMENT '支付方式',
  `url` varchar(200) DEFAULT '' COMMENT '票证地址URL',
  `sms` varchar(2048) DEFAULT '' COMMENT '短信内容',
  `price` char(32) DEFAULT '' COMMENT '金额：免费、一元',
  `created_at` timestamp NULL DEFAULT NULL COMMENT '创建时间',
  `use_time` datetime DEFAULT NULL COMMENT '进场时间',
  `call_number` int(11) DEFAULT '0' COMMENT '呼叫次数',
  `c_code` varchar(32) DEFAULT '' COMMENT '轧机扫描用的密文',
  PRIMARY KEY (`id`),
  UNIQUE KEY `seqnum` (`seqnum`,`eid`) USING BTREE,
  KEY `call_number` (`call_number`) USING BTREE,
  KEY `make_name` (`make_name`) USING BTREE,
  KEY `c_code` (`c_code`) USING BTREE,
  KEY `mobile` (`mobile`) USING BTREE,
  KEY `payment` (`payment`) USING BTREE
) ENGINE=InnoDB AUTO_INCREMENT=34 DEFAULT CHARSET=utf8 ROW_FORMAT=COMPACT;

/*Data for the table `zq_ticket_ext` */

insert  into `zq_ticket_ext`(`id`,`seqnum`,`eid`,`idnum`,`age`,`receiver`,`mobile`,`make_name`,`type_series_name`,`payment`,`url`,`sms`,`price`,`created_at`,`use_time`,`call_number`,`c_code`) values (2,'mf3205396a',1,'420104198101022010',35,'高政平','13707174435','G-国际时尚生活馆','国际时尚生活馆','FREE','','尊敬的客户，请点击链接获取您的“西部博览会”电子票：http://dwz.sungoal.org/8oyEOv ，请提前领取保存为图片，至展馆入口处扫码进场，请妥善保存。【尚格会展】','','2016-09-23 10:41:47',NULL,0,''),(3,'mf9f97e1f3',1,'420684198209090057',34,'柳树','18611698240','G-国际时尚生活馆','国际时尚生活馆','FREE','','尊敬的客户，请点击链接获取您的“西部博览会”电子票：http://dwz.sungoal.org/XygExe ，请提前领取保存为图片，至展馆入口处扫码进场，请妥善保存。【尚格会展】','','2016-09-23 17:40:39',NULL,0,''),(4,'mfc52b4c09',1,'420684198209090057',34,'姓名','18611698240','X-虚拟现实VR馆','虚拟现实VR馆','FREE','','尊敬的客户，请点击链接获取您的“西部博览会”电子票：http://dwz.sungoal.org/5nVY6k ，请提前领取保存为图片，至展馆入口处扫码进场，请妥善保存。【尚格会展】','','2016-09-23 18:07:04',NULL,0,''),(5,'mf42c84b89',1,'420684198209090057',34,'姓名','18611698240','X-虚拟现实VR馆','虚拟现实VR馆','FREE','','尊敬的客户，请点击链接获取您的“西部博览会”电子票：http://dwz.sungoal.org/z3pxUB ，请提前领取保存为图片，至展馆入口处扫码进场，请妥善保存。【尚格会展】','','2016-09-23 18:08:02',NULL,0,''),(6,'mff4e15761',1,'420684198209090057',34,'姓名','18611698240','X-虚拟现实VR馆','虚拟现实VR馆','FREE','','尊敬的客户，请点击链接获取您的“西部博览会”电子票：http://dwz.sungoal.org/uVzyxd ，请提前领取保存为图片，至展馆入口处扫码进场，请妥善保存。【尚格会展】','','2016-09-23 18:11:08',NULL,0,''),(7,'mf7cfbe5df',1,'0',0,'test1','15172329209',NULL,'0','FREE','','尊敬的客户，请点击链接获取您的“西部博览会”电子票：http://dwz.sungoal.org/SiFq5n ，请提前领取保存为图片，至展馆入口处扫码进场，请妥善保存。【尚格会展】','','2016-09-23 18:23:16',NULL,0,''),(8,'mf2aed254d',1,'0',0,'test1','15100000000',NULL,'0','FREE','','尊敬的客户，请点击链接获取您的“西部博览会”电子票：http://dwz.sungoal.org/eFbDQ5 ，请提前领取保存为图片，至展馆入口处扫码进场，请妥善保存。【尚格会展】','','2016-09-23 18:27:00',NULL,0,''),(9,'mf8f3ae8e1',1,'420684198209090057',34,'姓名','18611698240','X-虚拟现实VR馆','虚拟现实VR馆','FREE','','尊敬的客户，请点击链接获取您的“西部博览会”电子票：http://dwz.sungoal.org/aqVmdO ，请提前领取保存为图片，至展馆入口处扫码进场，请妥善保存。【尚格会展】','','2016-09-23 18:35:48',NULL,0,''),(10,'mf5b54311c',1,'420684198209090057',34,'姓名','18611698240','X-虚拟现实VR馆','虚拟现实VR馆','FREE','','尊敬的客户，请点击链接获取您的“西部博览会”电子票：http://dwz.sungoal.org/kEMQZN ，请提前领取保存为图片，至展馆入口处扫码进场，请妥善保存。【尚格会展】','','2016-09-23 18:45:23',NULL,0,''),(11,'mf8d43a510',1,'420684198209090057',34,'姓名','18611698240','X-虚拟现实VR馆','虚拟现实VR馆','FREE','','尊敬的客户，请点击链接获取您的“西部博览会”电子票：http://dwz.sungoal.org/ZA8C7d ，请提前领取保存为图片，至展馆入口处扫码进场，请妥善保存。【尚格会展】','','2016-09-23 18:49:12',NULL,0,''),(12,'mf3bb576aa',1,'420684198209090057',34,'姓名','18611698240','X-虚拟现实VR馆','虚拟现实VR馆','FREE','','尊敬的客户，请点击链接获取您的“西部博览会”电子票：http://dwz.sungoal.org/wo35nO ，请提前领取保存为图片，至展馆入口处扫码进场，请妥善保存。【尚格会展】','','2016-09-23 18:54:45',NULL,0,''),(13,'mfd672870d',1,'420684198209090057',34,'姓名','18611698240','X-虚拟现实VR馆','虚拟现实VR馆','FREE','','尊敬的客户，请点击链接获取您的“西部博览会”电子票：http://dwz.sungoal.org/EPxMEB ，请提前领取保存为图片，至展馆入口处扫码进场，请妥善保存。【尚格会展】','','2016-09-23 18:57:45',NULL,0,''),(14,'mffe7d6b9c',1,'420684198209090057',34,'星星','18611698240','H-航空馆','航空馆','FREE','','尊敬的客户，请点击链接获取您的“西部博览会”电子票：http://dwz.sungoal.org/NhSkRR ，请提前领取保存为图片，至展馆入口处扫码进场，请妥善保存。【尚格会展】','','2016-09-23 19:03:28',NULL,0,''),(15,'mf20dcd9de',1,'420684198209090057',34,'星星','18611698240','Y-一般馆','一般馆','FREE','','尊敬的客户，请点击链接获取您的“西部博览会”电子票：http://dwz.sungoal.org/2qgJB8 ，请提前领取保存为图片，至展馆入口处扫码进场，请妥善保存。【尚格会展】','','2016-09-23 19:05:57',NULL,0,''),(16,'mffe0926ed',1,'0',0,'test1','151723292091',NULL,'0','FREE','','尊敬的客户，请点击链接获取您的“西部博览会”电子票：http://dwz.sungoal.org/Wl3aO1 ，请提前领取保存为图片，至展馆入口处扫码进场，请妥善保存。【尚格会展】','','2016-09-23 19:23:29',NULL,0,''),(17,'mf37d0cf48',1,'420684198209090057',34,'姓名','18611698240','农博会馆','农博会馆','FREE','','尊敬的客户，请点击链接获取您的“西部博览会”电子票：http://dwz.sungoal.org/gR5Pdh ，请提前领取保存为图片，至展馆入口处扫码进场，请妥善保存。【尚格会展】','','2016-09-24 10:04:58',NULL,0,''),(18,'mf3644f915',1,'0',0,'test1','15111111111',NULL,'0','FREE','','尊敬的客户，请点击链接获取您的“西部博览会”电子票：http://dwz.sungoal.org/sJKZFf ，请提前领取保存为图片，至展馆入口处扫码进场，请妥善保存。【尚格会展】','','2016-09-24 13:58:32',NULL,0,''),(19,'mf8ce47809',1,'0',0,'test2','15122222222',NULL,'0','FREE','','尊敬的客户，请点击链接获取您的“西部博览会”电子票：http://dwz.sungoal.org/fhQPIl ，请提前领取保存为图片，至展馆入口处扫码进场，请妥善保存。【尚格会展】','','2016-09-24 13:58:33',NULL,0,''),(20,'mf4d784cda',1,'0',0,'test3','15133333333',NULL,'0','FREE','','尊敬的客户，请点击链接获取您的“西部博览会”电子票：http://dwz.sungoal.org/qWTTmm ，请提前领取保存为图片，至展馆入口处扫码进场，请妥善保存。【尚格会展】','','2016-09-24 13:58:34',NULL,0,''),(21,'mf401255f2',1,'0',0,'asdf','13707174430','一般馆','0','FREE','','尊敬的客户，请点击链接获取您的“西部博览会”电子票：http://dwz.sungoal.org/iYBNuJ ，请提前领取保存为图片，至展馆入口处扫码进场，请妥善保存。【尚格会展】','','2016-09-24 22:09:17',NULL,0,''),(22,'mfd93cdba5',1,'0',0,'asdf','13707174431','一般馆','0','FREE','','尊敬的客户，请点击链接获取您的“西部博览会”电子票：http://dwz.sungoal.org/33KN1p ，请提前领取保存为图片，至展馆入口处扫码进场，请妥善保存。【尚格会展】','','2016-09-24 22:10:55',NULL,0,''),(23,'mf74304566',1,'0',0,'啊发生','18966663335',NULL,'0','FREE','','尊敬的客户，请点击链接获取您的“西部博览会”电子票：http://dwz.sungoal.org/2ZwwI5 ，请提前领取保存为图片，至展馆入口处扫码进场，请妥善保存。【尚格会展】','','2016-09-24 22:14:10',NULL,0,''),(24,'mf8c622c26',1,'0',0,'老李','15866663333',NULL,'0','FREE','','尊敬的客户，请点击链接获取您的“西部博览会”电子票：http://dwz.sungoal.org/21VC1y ，请提前领取保存为图片，至展馆入口处扫码进场，请妥善保存。【尚格会展】','','2016-09-24 22:14:45',NULL,0,''),(25,'mfabc7619d',1,'0',0,'类型的','15966663333','航空馆','0','FREE','','尊敬的客户，请点击链接获取您的“西部博览会”电子票：http://dwz.sungoal.org/1QS5oZ ，请提前领取保存为图片，至展馆入口处扫码进场，请妥善保存。【尚格会展】','','2016-09-24 22:16:22',NULL,0,''),(26,'mf3e91c9c1',1,'0',0,'爱上对方','15899963254','体育馆','0','FREE','','尊敬的客户，请点击链接获取您的“西部博览会”电子票：http://dwz.sungoal.org/rkNApG ，请提前领取保存为图片，至展馆入口处扫码进场，请妥善保存。【尚格会展】','','2016-09-24 22:25:56',NULL,0,''),(27,'mfd79dcd9f',1,'0',0,'爱上对方','15966660002','航空馆','0','FREE','','尊敬的客户，请点击链接获取您的“西部博览会”电子票：http://dwz.sungoal.org/lfoWkq ，请提前领取保存为图片，至展馆入口处扫码进场，请妥善保存。【尚格会展】','','2016-09-24 22:36:40',NULL,0,''),(28,'mf19ca3aa2',1,'0',0,'爱上对方','15866665489','航空馆','0','FREE','','尊敬的客户，请点击链接获取您的“西部博览会”电子票：http://dwz.sungoal.org/gtui7n ，请提前领取保存为图片，至展馆入口处扫码进场，请妥善保存。【尚格会展】','','2016-09-24 22:38:02',NULL,0,''),(29,'mf92726913',1,'0',0,'爱上对方','15869666333','航空馆','0','FREE','','尊敬的客户，请点击链接获取您的“西部博览会”电子票：http://dwz.sungoal.org/FsPcon ，请提前领取保存为图片，至展馆入口处扫码进场，请妥善保存。【尚格会展】','','2016-09-24 22:39:03',NULL,0,''),(30,'mf123c5c8f',1,'0',0,'爱上对方','18566663332','一般馆','0','FREE','','尊敬的客户，请点击链接获取您的“西部博览会”电子票：http://dwz.sungoal.org/5HEIL2 ，请提前领取保存为图片，至展馆入口处扫码进场，请妥善保存。【尚格会展】','','2016-09-24 22:40:12',NULL,0,''),(31,'mfc79c79e9',1,'0',0,'爱上对方','15860002252','航空馆','0','FREE','','尊敬的客户，请点击链接获取您的“西部博览会”电子票：http://dwz.sungoal.org/TxsfXt ，请提前领取保存为图片，至展馆入口处扫码进场，请妥善保存。【尚格会展】','','2016-09-24 22:40:54',NULL,0,''),(32,'mfc6628cda',1,'0',0,'搞','15833336666','教育管','0','FREE','','尊敬的客户，请点击链接获取您的“西部博览会”电子票：http://dwz.sungoal.org/34j0D9 ，请提前领取保存为图片，至展馆入口处扫码进场，请妥善保存。【尚格会展】','','2016-09-24 22:41:45',NULL,0,''),(33,'mf7171f314',1,'0',0,'搞','15833336667','教育管','0','FREE','','尊敬的客户，请点击链接获取您的“西部博览会”电子票：http://dwz.sungoal.org/cZFqFU ，请提前领取保存为图片，至展馆入口处扫码进场，请妥善保存。【尚格会展】','','2016-09-24 22:43:41',NULL,0,'');

/*Table structure for table `zq_ticket_paper` */

DROP TABLE IF EXISTS `zq_ticket_paper`;

CREATE TABLE `zq_ticket_paper` (
  `id` int(11) unsigned NOT NULL AUTO_INCREMENT,
  `exhibition_id` int(11) unsigned NOT NULL DEFAULT '0' COMMENT '展会ID',
  `seqnum` varchar(32) CHARACTER SET utf8 NOT NULL DEFAULT '' COMMENT '序列码',
  `create_time` timestamp NOT NULL DEFAULT CURRENT_TIMESTAMP,
  `use_time` datetime DEFAULT NULL COMMENT '使用票的时间',
  `status` tinyint(3) unsigned NOT NULL DEFAULT '0' COMMENT '状态码, 0:票串码已生成, 1:票已与观众绑定, 2:票已使用, 3:票被作废',
  `receiver` varchar(64) CHARACTER SET utf8 DEFAULT '纸质票' COMMENT '电子票接收者',
  `mobile` char(24) COLLATE utf8_unicode_ci DEFAULT '无' COMMENT '接受者电话',
  `is_disable` tinyint(1) NOT NULL DEFAULT '0' COMMENT '是否禁用   0：未禁用  1：禁用',
  `identify_card_number` varchar(20) COLLATE utf8_unicode_ci DEFAULT NULL,
  PRIMARY KEY (`id`),
  UNIQUE KEY `exhibition_id` (`exhibition_id`,`seqnum`) USING BTREE,
  KEY `idx_mobile` (`mobile`) USING BTREE
) ENGINE=InnoDB DEFAULT CHARSET=utf8 COLLATE=utf8_unicode_ci ROW_FORMAT=COMPACT;

/*Data for the table `zq_ticket_paper` */

/*Table structure for table `zq_ticket_sms_receive` */

DROP TABLE IF EXISTS `zq_ticket_sms_receive`;

CREATE TABLE `zq_ticket_sms_receive` (
  `id` int(10) NOT NULL AUTO_INCREMENT,
  `exhibition_id` int(10) DEFAULT NULL COMMENT '展会id',
  `member_id` int(10) DEFAULT NULL COMMENT '发票人员id',
  `status` tinyint(1) DEFAULT NULL,
  PRIMARY KEY (`id`)
) ENGINE=InnoDB DEFAULT CHARSET=utf8 COLLATE=utf8_unicode_ci ROW_FORMAT=COMPACT;

/*Data for the table `zq_ticket_sms_receive` */

/*Table structure for table `zq_ticket_store_bak` */

DROP TABLE IF EXISTS `zq_ticket_store_bak`;

CREATE TABLE `zq_ticket_store_bak` (
  `id` int(11) NOT NULL AUTO_INCREMENT,
  `seqnum` char(32) COLLATE utf8_unicode_ci NOT NULL,
  `exhibition_id` int(11) NOT NULL,
  `state` tinyint(1) NOT NULL DEFAULT '0' COMMENT '0:未使用 1：已使用',
  `create_time` datetime DEFAULT NULL,
  `send_time` datetime DEFAULT NULL,
  `type` tinyint(1) DEFAULT '0' COMMENT '1:赠票2：展商证3:演艺证4:媒体证5：展商服务证',
  `ph` char(36) CHARACTER SET utf8 DEFAULT NULL,
  PRIMARY KEY (`id`),
  UNIQUE KEY `idx_seqnum` (`seqnum`) USING BTREE,
  KEY `idx_exhibition_id` (`exhibition_id`) USING BTREE,
  KEY `idx_state` (`state`) USING BTREE,
  KEY `ph` (`ph`) USING BTREE,
  KEY `type` (`type`) USING BTREE
) ENGINE=InnoDB DEFAULT CHARSET=utf8 COLLATE=utf8_unicode_ci ROW_FORMAT=COMPACT;

/*Data for the table `zq_ticket_store_bak` */

/*Table structure for table `zq_vote_answer` */

DROP TABLE IF EXISTS `zq_vote_answer`;

CREATE TABLE `zq_vote_answer` (
  `id` int(11) NOT NULL AUTO_INCREMENT,
  `vote_set_id` int(11) NOT NULL DEFAULT '0' COMMENT '投票配置',
  `answer` varchar(11) COLLATE utf8_unicode_ci NOT NULL,
  PRIMARY KEY (`id`),
  KEY `vote_set_id` (`vote_set_id`) USING BTREE
) ENGINE=InnoDB DEFAULT CHARSET=utf8 COLLATE=utf8_unicode_ci ROW_FORMAT=COMPACT;

/*Data for the table `zq_vote_answer` */

/*Table structure for table `zq_vote_data` */

DROP TABLE IF EXISTS `zq_vote_data`;

CREATE TABLE `zq_vote_data` (
  `id` int(11) NOT NULL AUTO_INCREMENT,
  `vote_answer` int(11) NOT NULL,
  `vote_set_id` int(11) NOT NULL,
  `vote_uuid` char(36) COLLATE utf8_unicode_ci NOT NULL,
  PRIMARY KEY (`id`),
  KEY `vote_answer` (`vote_answer`) USING BTREE
) ENGINE=InnoDB DEFAULT CHARSET=utf8 COLLATE=utf8_unicode_ci ROW_FORMAT=COMPACT;

/*Data for the table `zq_vote_data` */

/*Table structure for table `zq_vote_set` */

DROP TABLE IF EXISTS `zq_vote_set`;

CREATE TABLE `zq_vote_set` (
  `id` int(11) NOT NULL AUTO_INCREMENT,
  `page_id` int(11) NOT NULL DEFAULT '0' COMMENT '页面id',
  `exhibition_id` int(11) NOT NULL DEFAULT '0' COMMENT '展会id',
  `question` varchar(100) COLLATE utf8_unicode_ci NOT NULL COMMENT '问题',
  `is_required` tinyint(1) NOT NULL DEFAULT '0' COMMENT '是否必填',
  `sort` int(3) NOT NULL DEFAULT '0' COMMENT '排序',
  `vote_type` tinyint(1) NOT NULL DEFAULT '1' COMMENT '单选或者多选 1、单选 2、多选',
  `create_time` datetime NOT NULL,
  `create_by` int(11) NOT NULL,
  `modify_time` datetime NOT NULL,
  `modify_by` int(11) NOT NULL,
  PRIMARY KEY (`id`),
  KEY `page_id` (`page_id`) USING BTREE,
  KEY `sort` (`sort`) USING BTREE
) ENGINE=InnoDB DEFAULT CHARSET=utf8 COLLATE=utf8_unicode_ci ROW_FORMAT=COMPACT;

/*Data for the table `zq_vote_set` */

/*Table structure for table `zq_vote_user_info` */

DROP TABLE IF EXISTS `zq_vote_user_info`;

CREATE TABLE `zq_vote_user_info` (
  `int` int(11) NOT NULL AUTO_INCREMENT,
  `uname` varchar(30) COLLATE utf8_unicode_ci NOT NULL COMMENT '用户名',
  `mobile` char(15) COLLATE utf8_unicode_ci NOT NULL COMMENT '电话',
  `page_id` int(11) NOT NULL,
  `vote_uuid` char(36) COLLATE utf8_unicode_ci NOT NULL,
  `vote_time` datetime NOT NULL,
  PRIMARY KEY (`int`),
  KEY `page_id` (`page_id`) USING BTREE
) ENGINE=InnoDB DEFAULT CHARSET=utf8 COLLATE=utf8_unicode_ci ROW_FORMAT=COMPACT;

/*Data for the table `zq_vote_user_info` */

/*Table structure for table `zq_wechat` */

DROP TABLE IF EXISTS `zq_wechat`;

CREATE TABLE `zq_wechat` (
  `id` int(10) unsigned NOT NULL AUTO_INCREMENT COMMENT '公众号ID',
  `name` varchar(512) NOT NULL DEFAULT '' COMMENT '公众号名称',
  `gh_id` varchar(32) NOT NULL DEFAULT '' COMMENT '原始ID',
  `appid` varchar(64) NOT NULL DEFAULT '' COMMENT '应用ID',
  `appsecret` varchar(64) NOT NULL DEFAULT '' COMMENT '应用密钥',
  `url` varchar(256) NOT NULL DEFAULT '' COMMENT '支付完跳转地址',
  `token` varchar(64) NOT NULL DEFAULT '' COMMENT '令牌',
  `encoding_key` varchar(64) NOT NULL DEFAULT '' COMMENT '消息加密密钥',
  `wx_mchid` varchar(64) NOT NULL DEFAULT '' COMMENT '微信支付商户号',
  `wx_key` varchar(64) NOT NULL DEFAULT '' COMMENT '微信支付API密钥',
  `wx_notify_url` varchar(256) NOT NULL DEFAULT '' COMMENT '微信支付异步通知回调地址',
  PRIMARY KEY (`id`)
) ENGINE=InnoDB DEFAULT CHARSET=utf8 ROW_FORMAT=COMPACT;

/*Data for the table `zq_wechat` */

/*!40101 SET SQL_MODE=@OLD_SQL_MODE */;
/*!40014 SET FOREIGN_KEY_CHECKS=@OLD_FOREIGN_KEY_CHECKS */;
/*!40014 SET UNIQUE_CHECKS=@OLD_UNIQUE_CHECKS */;
/*!40111 SET SQL_NOTES=@OLD_SQL_NOTES */;
